id,service,type,state,priority,staff_id,assignee_id,associated_ids,content,created_at,last_updated_at,resolution,_cdc_operation,_cdc_lsn,_cdc_loaded_at
078ebe4e-0b80-79d7-114c-440d675db93b,fincrime,transaction_review,RESOLVED,MEDIUM,,1b314321-aa4e-8b03-18b6-dfc73b50f94f,"[""8b0a4802-bd64-e8d6-b757-ec69c09c3207"", ""9261549d-3d22-5c30-b28f-41defb140bc3"", ""89e06ab3-7250-ee18-260a-5962dd81b7f5""]","{""account_id"": ""9261549d-3d22-5c30-b28f-41defb140bc3""}",2026-08-22 20:23:07,2026-08-25 12:23:07,ESCALATED,INSERT,2667,2026-09-07 11:45:00
917bc866-6874-7b44-c63e-23bf5c0c309c,fincrime,transaction_review,OPEN,HIGH,,f52eaf63-badf-c7a8-aeaf-39512f701b32,"[""255b30e2-bdc2-b74b-38a5-6b49dd34aa18"", ""81fb18b3-c9a7-d91f-ef2a-e71357021049"", ""25074181-8d1f-b540-74ef-f5453e652603""]","{""account_id"": ""81fb18b3-c9a7-d91f-ef2a-e71357021049""}",2026-08-08 16:43:55,2026-08-08 16:43:55,,INSERT,2668,2026-09-07 11:57:00
edeac5b8-9cc8-62cd-bd42-11d1992033eb,fincrime,transaction_review,OPEN,CRITICAL,,b92c23e3-4540-09f2-2124-9735f2546c17,"[""ef87bf0d-c802-2f8e-38de-6b6e86c45e42"", ""505cc686-9f87-1ce7-5487-fd4febb7a385"", ""6fa17735-b572-f3d0-0b5c-ea6a41357e8c""]","{""account_id"": ""505cc686-9f87-1ce7-5487-fd4febb7a385""}",2026-08-23 00:37:56,2026-08-23 00:37:56,,INSERT,2669,2026-09-07 11:33:00
b8469295-df8d-b157-03d0-6453cd409bc9,fincrime,transaction_review,RESOLVED,MEDIUM,,0e80ea41-139c-d2b0-0e8f-ed60d007fd07,"[""cc18dd0e-7978-dc84-ea89-a9797aa6d6ea"", ""1a2a73ed-562b-0f79-c374-59eef50bea63"", ""de8a774b-cf36-d58b-4737-819096da1dac""]","{""account_id"": ""1a2a73ed-562b-0f79-c374-59eef50bea63""}",2026-09-03 00:05:41,2026-09-03 17:05:41,REJECTED,INSERT,2670,2026-09-07 11:52:00
b993c041-5f54-f332-1f6c-6a8635f4ffba,fincrime,transaction_review,OPEN,LOW,,70b6052f-b2c6-8986-3c2f-db76fa584a4b,"[""c7195dd0-16f0-c19c-a894-b11eabb558e1"", ""4d6168bd-2def-e193-5c62-b3a23a3c563e"", ""7bf47042-bd15-31c8-3764-fbda3108d448""]","{""account_id"": ""4d6168bd-2def-e193-5c62-b3a23a3c563e""}",2026-08-11 17:40:27,2026-08-11 17:40:27,,INSERT,2671,2026-09-07 11:40:00
70b81530-dc4e-557f-81b8-5934af378cf9,fincrime,transaction_review,RESOLVED,HIGH,,3a5b171c-b7a4-c108-8dac-20f90abd99fd,"[""d0bcbad5-85f8-0d9b-0006-0d5a02b3c948"", ""a0a04dc4-2720-9bdf-1c11-f735dc713d96"", ""6dadd6c7-95a7-6d79-bf3c-4c06434308bc""]","{""account_id"": ""a0a04dc4-2720-9bdf-1c11-f735dc713d96""}",2026-08-13 12:57:13,2026-08-13 20:57:13,ESCALATED,INSERT,2672,2026-09-07 11:43:00
ee28b2f4-4a76-a0ea-0b6b-99445e4908c8,fincrime,transaction_review,RESOLVED,MEDIUM,,1b3206f0-0689-7b1c-975a-ae69e9707c9e,"[""87b3d329-cfec-1804-c891-c9c689529c51"", ""e27a984d-6548-21d0-7fcd-9eb1a7cad415"", ""ce177b4e-0837-b8a3-d261-a7ab3aa2e4f9""]","{""account_id"": ""e27a984d-6548-21d0-7fcd-9eb1a7cad415""}",2026-07-25 11:40:27,2026-07-28 17:40:27,APPROVED,INSERT,2673,2026-09-07 11:50:00
1e78ba02-4b1b-bb3a-b644-8d243dcead91,fincrime,transaction_review,RESOLVED,HIGH,,562e121f-e5fa-855d-d320-8f77e5bdbb3e,"[""b2c027e8-1ed0-72e9-f9fc-6034750acc98"", ""bbda0242-2d17-4fc9-6f7c-15ea272a6d8e"", ""575aed2c-a5c5-650c-8186-a57611a72609""]","{""account_id"": ""bbda0242-2d17-4fc9-6f7c-15ea272a6d8e""}",2026-08-12 15:08:53,2026-08-15 19:08:53,ESCALATED,INSERT,2674,2026-09-07 11:42:00
ba345e82-38f1-f1ab-cb17-0945be88f8e4,fincrime,transaction_review,OPEN,HIGH,,46af040d-55d8-a81a-81ce-b20e281f45ff,"[""8f9fdc15-dfd2-3d15-7211-4575fa3efd03"", ""8c459ce2-67f4-8ad5-4d0b-0d1a91b0e1d9"", ""8dedf9fb-4bb0-0f20-b27c-40266703b636""]","{""account_id"": ""8c459ce2-67f4-8ad5-4d0b-0d1a91b0e1d9""}",2026-08-07 08:01:35,2026-08-07 08:01:35,,INSERT,2675,2026-09-07 11:54:00
380bd4cb-18b6-66f8-4ba0-768a7b2021f7,fincrime,transaction_review,RESOLVED,LOW,,c145217f-e595-e3fa-e182-58d2f681db3f,"[""2e7d952b-785b-8a07-8b0e-a0b912464474"", ""587ef344-6f3f-920c-98b8-e4cc1bc044fc"", ""1d870966-0710-d430-f071-d87954c63cd8""]","{""account_id"": ""587ef344-6f3f-920c-98b8-e4cc1bc044fc""}",2026-07-27 05:56:26,2026-07-28 18:56:26,REJECTED,INSERT,2676,2026-09-07 11:55:00
46281fb8-4d59-f68e-05ff-a2f2be54eceb,fincrime,transaction_review,RESOLVED,CRITICAL,,f821947c-43a7-320c-1984-93ce33e1f6f7,"[""74169e82-ec1f-41ce-57b9-4dfbaf82e70c"", ""df615a5c-b432-3070-a23d-4c2fc2a79689"", ""a193c4b2-3c19-e71d-1184-05ad9e11d2cd""]","{""account_id"": ""df615a5c-b432-3070-a23d-4c2fc2a79689""}",2026-08-18 07:28:56,2026-08-21 19:28:56,ESCALATED,INSERT,2677,2026-09-07 11:42:00
c1c353c4-2095-95a4-602c-f60413d754d6,fincrime,transaction_review,RESOLVED,LOW,,1f19297e-bf86-ad63-851a-b93f297eef2f,"[""6f4abfcc-deca-8598-87cb-0e2a25288a1b"", ""1dde7969-6886-13db-a634-8e784d5c55c7"", ""f1738856-e25d-36eb-9e9a-9f83066803ee""]","{""account_id"": ""1dde7969-6886-13db-a634-8e784d5c55c7""}",2026-08-27 18:12:38,2026-08-28 16:12:38,APPROVED,INSERT,2678,2026-09-07 11:49:00
48c08457-464a-ea48-3150-e60ded8982c2,fincrime,transaction_review,RESOLVED,CRITICAL,,5e05b8b1-4e45-a736-bab4-eb77959fb841,"[""dec56dc3-ad96-8213-f0a9-b97f7557c28c"", ""dea4ae17-54fd-9ad3-9716-108ef72169bb"", ""cada4f80-a9e7-82d4-fd08-b32c62d60e93""]","{""account_id"": ""dea4ae17-54fd-9ad3-9716-108ef72169bb""}",2026-08-03 19:00:27,2026-08-07 03:00:27,REJECTED,INSERT,2679,2026-09-07 11:58:00
ba7e6b51-5892-e71a-ab87-aea4c54f87ad,fincrime,transaction_review,IN_PROGRESS,MEDIUM,,ff7661bb-e054-dba1-8f4e-a9209df20554,"[""a8ad1539-85f0-786a-18a4-40bd1c4760a5"", ""533420e6-d9d8-0b8d-7e8a-dee70758e201"", ""d4aac9a3-3ed8-c56c-da09-dfa052828d80""]","{""account_id"": ""533420e6-d9d8-0b8d-7e8a-dee70758e201""}",2026-08-09 04:15:27,2026-08-09 04:15:27,,INSERT,2680,2026-09-07 11:56:00
25c37945-8063-fce4-c2e4-1a50d33650db,fincrime,transaction_review,RESOLVED,HIGH,,0b64e782-7182-96af-2c2e-8ba0157ef914,"[""fe8c9aab-7e38-8a19-46f7-b20ac3c49506"", ""e45b712e-b822-5688-d0a4-44329cd6c852"", ""3fcb7546-8eb2-2579-0cdb-1ca476ecbdd6""]","{""account_id"": ""e45b712e-b822-5688-d0a4-44329cd6c852""}",2026-08-24 19:17:52,2026-08-26 07:17:52,ESCALATED,INSERT,2681,2026-09-07 11:38:00
cbd8715e-ae98-b722-cf97-b016a560c775,fincrime,transaction_review,RESOLVED,HIGH,,f7eefd84-b31c-8349-5799-2f42351b3e63,"[""fa033d6c-822f-b2f0-6175-a257fad3b44c"", ""fcd6bdca-5876-fd09-f1fa-f665711533f3"", ""0267deb3-aab6-12c9-415d-174a75a66981""]","{""account_id"": ""fcd6bdca-5876-fd09-f1fa-f665711533f3""}",2026-08-07 17:32:00,2026-08-10 10:32:00,ESCALATED,INSERT,2682,2026-09-07 11:57:00
e69f1f78-ef4c-113d-c35f-4e123bfb48d5,fincrime,user_review,RESOLVED,HIGH,,6bc5bcd4-1b9c-67e0-81c8-2e2bed486d9a,"[""6fa17735-b572-f3d0-0b5c-ea6a41357e8c""]",{},2026-02-19 09:59:48,2026-02-19 15:54:48,APPROVED,INSERT,2683,2026-09-07 11:46:00
831fd302-29fd-9b08-074f-645997d3d50e,fincrime,user_review,RESOLVED,HIGH,,e2f7e7ea-4cf2-fdf8-ec1f-5d972a983090,"[""e256a6dc-8f54-86b7-c7b5-b2bc5a8aaeca""]",{},2026-03-28 02:09:18,2026-03-28 08:04:18,APPROVED,INSERT,2684,2026-09-07 11:43:00
f5bce0c0-c9df-af7c-5549-2107a9d500dd,support,escalation,OPEN,LOW,4f2c8cfd-1724-5dac-f867-3a5b0dc5d7d9,,"[""35a240ae-5af3-0553-5ec4-2e0829a3b2e9""]",{},2026-09-05 12:00:00,2026-09-05 12:00:00,,INSERT,2685,2026-09-07 11:42:00
