id,transaction_id,account_id,state,amount,currency,to_wallet_id,created_at,updated_at,_cdc_operation,_cdc_lsn,_cdc_loaded_at
add702c9-2747-b93c-9ae7-7eab084a6780,f31046dc-6202-bee6-5cb5-e69c5dc7b3e6,b535106e-122c-9a56-01d7-425638602ab6,COMPLETED,705.09,EUR,5f3c44dc-5ef7-87b8-f2e6-195f732e2016,2026-07-27 18:19:57,2026-07-28 10:26:57,INSERT,1524,2026-09-07 11:33:00
da52d2ee-22bf-18f5-1f65-2a87333ee344,b1a8b71f-491b-90e9-9ca3-fbb3ff11c8ba,533420e6-d9d8-0b8d-7e8a-dee70758e201,COMPLETED,412.72,EUR,e60fd420-2c33-350c-73b9-11d812f5131a,2026-08-06 03:15:34,2026-08-08 03:19:34,INSERT,1525,2026-09-07 11:41:00
4f2dad3f-10d4-de39-1612-37c9e25df9a8,2138afe0-8d38-bbd8-fba6-abf7cdbcc653,43e42caf-8181-a8cc-3691-47eb89a2688b,COMPLETED,344.64,USD,b807d78a-b788-f5d1-ffe5-75f665edcfe3,2026-08-20 09:28:54,2026-08-22 00:33:54,INSERT,1526,2026-09-07 11:47:00
14cb0564-0743-7c3b-dd20-c3bfd342af08,90494583-ec86-a890-d7b0-0bdc566e3cbe,4e7ed827-455a-c762-7428-a656b3ee4d3b,COMPLETED,813.76,GBP,c561b8dc-a436-4fcd-f2d3-f7610ba36279,2026-08-23 19:34:15,2026-08-25 20:46:15,INSERT,1527,2026-09-07 11:45:00
5005680f-24c7-78a5-9b4e-164b5716dc2e,76e5ae78-7bf7-e1d3-6a66-2fce7089fc6d,da330aa1-541c-dfcd-da0d-4a5f148f8b74,COMPLETED,72.72,EUR,bbf483ce-51be-b80e-b7e6-a14cdc8a4922,2026-07-28 01:01:11,2026-07-30 00:02:11,INSERT,1528,2026-09-07 11:53:00
500e15c0-b89b-df7f-93e3-4c35ef0a573d,28e213bc-e6fd-d7af-dd84-caccf6729464,6f4cc69a-4b22-d308-1c8e-aee95715bd6f,COMPLETED,387.96,GBP,7f8e5483-28ca-aa1d-c35b-ec2c3098f7b2,2026-09-04 10:49:25,2026-09-06 04:50:25,INSERT,1529,2026-09-07 11:45:00
0d18ab95-668c-8477-0b95-017c5dae1201,5da39a73-ba3d-f7ff-43b4-7ee5e1e89e7e,4d6168bd-2def-e193-5c62-b3a23a3c563e,COMPLETED,399.22,USD,5cce5ba9-31d4-ee09-8fd3-3afc91fdfa4f,2026-07-24 21:31:38,2026-07-25 04:52:38,INSERT,1530,2026-09-07 11:40:00
43f9cd6b-797e-be87-98cf-118806d25913,b023a0ea-df41-e335-b9ae-d8e4e61599c8,8c459ce2-67f4-8ad5-4d0b-0d1a91b0e1d9,COMPLETED,290.76,EUR,f8d8b7f1-c86c-6544-a7d4-cf50f791f1e5,2026-08-13 17:18:16,2026-08-15 09:09:16,INSERT,1531,2026-09-07 11:51:00
80773e33-690e-7e62-3432-3ec6b0c4a01c,26c432f6-6b35-2f85-504e-268770e7e756,b535106e-122c-9a56-01d7-425638602ab6,FAILED,187.89,EUR,78bb22a5-eba7-42d2-9c89-d374c66495a7,2026-08-27 12:09:57,2026-08-27 19:40:57,INSERT,1532,2026-09-07 11:42:00
257f7595-cdfb-4db9-c5e7-8b23f4613f09,d1812f77-6500-1423-faeb-cd19e5508ea2,1dde7969-6886-13db-a634-8e784d5c55c7,COMPLETED,498.01,USD,f48f709c-49a2-2441-0ac4-de854a5b1aff,2026-08-21 08:08:56,2026-08-23 06:20:56,INSERT,1533,2026-09-07 11:45:00
ae62990c-19bd-4f93-78ef-7666b7a4c719,69ce1e4e-19a6-92c9-0d70-0ea43b9b2d45,4e7ed827-455a-c762-7428-a656b3ee4d3b,COMPLETED,218.59,GBP,f6eab3a0-0153-9221-2331-0a28c550eca8,2026-08-26 00:24:47,2026-08-27 12:40:47,INSERT,1534,2026-09-07 11:56:00
cf0e6d2b-315c-167a-45d8-a6ad77d0359e,d9df0d0e-225a-ed6c-f045-8043e3a68a70,1dde7969-6886-13db-a634-8e784d5c55c7,COMPLETED,481.4,USD,bb2aa146-2999-394c-54a7-b69b1cd66b09,2026-08-24 15:10:59,2026-08-26 04:16:59,INSERT,1535,2026-09-07 11:36:00
ea87855e-a382-95d3-1e0e-f546b0b6dedf,b41c504f-e346-f415-e526-7a2bec50ace4,fd5166e6-451b-4cf3-6123-fdf77656af72,COMPLETED,623.74,USD,9d5817e8-5e17-5b66-4b87-959ff0cd7f05,2026-08-01 06:05:00,2026-08-02 09:46:00,INSERT,1536,2026-09-07 11:51:00
41241bb4-655c-e508-0592-bfa5b928e23f,ac3a812f-765e-6cb5-8f0d-55400ec7d662,da330aa1-541c-dfcd-da0d-4a5f148f8b74,COMPLETED,421.98,EUR,37c86152-beed-0af9-00c5-9f30d1031424,2026-08-18 09:58:37,2026-08-19 14:20:37,INSERT,1537,2026-09-07 11:39:00
59077299-dc3b-bdd8-a74e-02a9220b9ea9,dfe2c0a0-a96b-3c42-f6d2-2a7baec76a82,f6e07cc0-6c52-c49f-9b49-bd26df57c59a,COMPLETED,350.57,GBP,8989c5ab-fe2b-34d8-2db0-728d1e5ebe54,2026-08-15 06:35:01,2026-08-16 08:22:01,INSERT,1538,2026-09-07 11:35:00
66fadca0-0b53-1932-bd94-19aa3ea6e5b2,b40a9181-ac09-bdb7-9908-6e477249f62c,9261549d-3d22-5c30-b28f-41defb140bc3,COMPLETED,542.67,USD,379ef467-8a2d-b2e6-3bfd-a8a6705fddf5,2026-07-27 18:23:58,2026-07-28 01:17:58,INSERT,1539,2026-09-07 11:43:00
8e4c3ab5-6d5d-0477-adc2-9178a0411612,e95d2761-bc36-dc59-e134-edfc97777f10,cae9b4a7-2a79-ea68-0f44-704f1247ea4e,COMPLETED,509.91,EUR,582b91ee-f8e8-035b-0c00-988a7ee1011a,2026-08-06 20:34:39,2026-08-07 00:44:39,INSERT,1540,2026-09-07 11:30:00
a58e83dd-548c-1d84-340d-e04941476506,636f6e5c-2253-e706-87ad-8b268eaa5841,50843242-168b-1625-746f-78910964fbbf,COMPLETED,871.65,USD,d8ddbbc0-7325-3aa3-ec17-0298143df5b3,2026-08-20 19:13:37,2026-08-21 23:24:37,INSERT,1541,2026-09-07 11:49:00
6589ada1-345a-f934-b42a-2d939aba0f15,3e1a963e-ea18-d32c-7a9a-8ef5c11bd1c4,587ef344-6f3f-920c-98b8-e4cc1bc044fc,COMPLETED,677.25,USD,52555c75-8d55-119e-3d44-cb2cea45ba41,2026-08-02 17:23:37,2026-08-03 01:24:37,INSERT,1542,2026-09-07 11:49:00
95831d58-ef4c-5119-8da5-d39b42c21797,255b30e2-bdc2-b74b-38a5-6b49dd34aa18,81fb18b3-c9a7-d91f-ef2a-e71357021049,COMPLETED,60.23,USD,4b91b8cb-6ae6-6582-b852-b3cd9442b5e6,2026-08-08 16:34:50,2026-08-09 20:50:50,INSERT,1543,2026-09-07 11:31:00
0f09105c-f50d-7a37-a44d-9fecfd85d7fa,2f1dc121-7d02-4c6d-8bea-75c1b86677aa,49bc473f-ed7b-f656-218a-15368c99a894,COMPLETED,168.95,EUR,d8c128e7-d6cd-3155-08a8-ac7f862138ad,2026-08-29 01:44:29,2026-08-30 01:47:29,INSERT,1544,2026-09-07 11:54:00
261e2555-863e-1f2a-18a8-06efeb053fc4,2de46e91-e8e6-e840-f090-f5a0ce610199,c56811cd-5563-f616-00e8-5ece0b49452d,COMPLETED,613.15,EUR,86c5d1d6-9ea9-f508-3122-75923db02235,2026-09-01 23:23:48,2026-09-03 23:02:48,INSERT,1545,2026-09-07 11:51:00
6f14b3f6-d867-888b-7ff6-b824152aeaec,b3eda8f1-026b-5383-a301-ec030e5d8c6a,4a8ff810-784c-2f29-9804-02a2b07aa066,COMPLETED,506.38,USD,90dbfad6-54ce-26be-c8cc-e2c2a518a418,2026-08-11 21:52:28,2026-08-12 23:37:28,INSERT,1546,2026-09-07 11:49:00
bd5ff093-c16f-9bcc-6243-bed754ec3f33,ad5229dd-639f-c471-d975-0f00d5aba8ae,b535106e-122c-9a56-01d7-425638602ab6,COMPLETED,231.62,EUR,b076a7dc-fd0c-e433-ca5e-151b23d3cd4c,2026-08-01 09:16:05,2026-08-02 23:46:05,INSERT,1547,2026-09-07 11:34:00
cc4d5819-4b9d-fd58-9e5d-9c7ac5acc354,614c721d-a921-cb4c-95fb-e976ae007b7e,63b4c08b-6b8e-869f-d538-5b0e34f3193c,COMPLETED,400.03,GBP,15007170-12d1-5585-b68e-47fa3f175534,2026-08-20 08:20:08,2026-08-21 09:58:08,INSERT,1548,2026-09-07 11:32:00
991965ea-98d0-0c2c-17d3-0f328de1596c,16f142a2-06b9-19aa-1a71-67c768759545,f6e07cc0-6c52-c49f-9b49-bd26df57c59a,COMPLETED,508.17,GBP,629ef3d8-dd1c-a267-530d-dda6c8d0f9e5,2026-08-15 06:56:26,2026-08-16 20:58:26,INSERT,1549,2026-09-07 11:44:00
b88cddde-3f20-86c2-f1b8-8d65406f64d6,13b11e59-c85c-d714-7bf6-95524cbc9044,c56811cd-5563-f616-00e8-5ece0b49452d,COMPLETED,262.85,EUR,9dde0188-9803-b22e-7eec-e88da002352a,2026-08-01 14:48:38,2026-08-02 20:29:38,INSERT,1550,2026-09-07 11:35:00
a205e54f-b1e8-c09d-bc20-b9f24a9c589e,65f30779-f6ee-5cdb-2d79-a2d1506e50c7,d47d577b-fa5a-91ca-059d-d55d4b943e30,COMPLETED,196.75,EUR,c82f78fd-936c-d31c-f7bf-52447db2a7aa,2026-08-22 18:47:31,2026-08-24 18:15:31,INSERT,1551,2026-09-07 11:42:00
6c521d13-b719-bb68-2775-ee42a89e22f2,3df51967-4d86-70bd-a222-4f9623a13e20,da330aa1-541c-dfcd-da0d-4a5f148f8b74,COMPLETED,612.22,EUR,72f60958-12ef-6101-6082-786fca00ef58,2026-09-02 06:09:50,2026-09-03 10:05:50,INSERT,1552,2026-09-07 11:45:00
1ac3bf31-7b96-e2d1-0649-bcf6ff69723d,2697384d-801e-8690-b0c0-7fcc96add4df,d9acd158-4d34-85c5-c5c1-4eb4b27b3d90,COMPLETED,699.66,USD,f633cc2d-eba9-00e1-6a7d-5d964ba17233,2026-08-12 11:42:15,2026-08-13 19:19:15,INSERT,1553,2026-09-07 11:38:00
2a131c1f-ccd0-15c1-ad59-00dd1bff3142,57d3f4dd-d963-dc72-05c8-234b1d763a66,6f962882-95d8-2980-ff37-d19c2e76128b,COMPLETED,732.96,EUR,3e711433-bd90-b81a-fbe0-e6b8ee0f65a8,2026-08-08 01:49:58,2026-08-08 04:53:58,INSERT,1554,2026-09-07 11:56:00
93cd1291-1004-2d82-cbc7-2f1acf08ea54,c0986750-4741-9b48-34ae-4abd36fce0ac,a5769411-a0a1-1839-e745-770418dfbc3c,FAILED,23.92,EUR,89718eea-df3a-098a-ccac-2fb51a0c6c04,2026-08-14 08:27:55,2026-08-15 11:00:55,INSERT,1555,2026-09-07 11:38:00
224a66a6-ac0f-6801-15b2-4e1d97154633,eb2ec80e-4c25-5823-ccf4-ffb0b4bba73f,1ca35cfb-04fc-6d82-7d15-438552fbe43b,COMPLETED,736.09,EUR,4e2d6255-3d13-1a3d-1e2c-2e7d502cf0ee,2026-08-23 11:16:46,2026-08-23 23:03:46,INSERT,1556,2026-09-07 11:32:00
dff389aa-4c36-a70c-3f5e-3b8cc0582da5,d47f83b1-bc69-c155-1a37-f6bd6cd6f011,8c459ce2-67f4-8ad5-4d0b-0d1a91b0e1d9,COMPLETED,212.32,EUR,4347dbca-7321-a8b2-0840-405affd2f491,2026-08-14 22:13:45,2026-08-16 11:31:45,INSERT,1557,2026-09-07 11:49:00
2a7dc57c-6d9c-5b50-a1fd-41879c3a1e0b,59c2f153-b06b-0f0c-9682-2e22bcd4344f,505cc686-9f87-1ce7-5487-fd4febb7a385,COMPLETED,204.69,EUR,34e50699-c8eb-e27a-23a4-e70e9dbc15c0,2026-08-31 03:40:34,2026-08-31 19:51:34,INSERT,1558,2026-09-07 11:35:00
3fead90a-21f8-072d-ddb7-570eb390b059,a7e8d18e-ddf6-d4ac-46fe-acd4fe1393cd,bf780e3f-f6b7-51f7-9b74-92459b1bc895,COMPLETED,828.52,GBP,d4176230-5274-ee11-b61d-f906257035db,2026-08-31 15:23:47,2026-09-01 19:29:47,INSERT,1559,2026-09-07 11:43:00
1519830c-4019-8303-5c45-7e4da79313b8,462623be-e068-8849-eec7-1a30dfda35b2,3c07c574-4925-7af1-b6aa-e05b13d5f2f7,COMPLETED,285.64,USD,a61f0b96-e75f-745a-aa1d-3fc65f31273d,2026-09-05 07:46:35,2026-09-07 04:09:35,INSERT,1560,2026-09-07 11:51:00
7a10013f-36a2-c52b-0047-3139185df528,1758d47e-a7cd-e143-6de2-14293bf0d9c1,6e595ed3-a8b3-17fa-18d0-752b1825bc54,COMPLETED,635.51,USD,39e7a4f1-97fb-613a-21f8-9d0613f3cade,2026-08-08 07:56:38,2026-08-10 09:30:38,INSERT,1561,2026-09-07 11:57:00
249204c7-ad58-db1b-fe31-537aa43e558c,dfdf0e05-c0ce-f31b-d038-e153c601818b,49bc473f-ed7b-f656-218a-15368c99a894,COMPLETED,140.67,EUR,022b6683-9033-da65-87cf-63fd11836c4f,2026-08-11 08:14:25,2026-08-12 04:40:25,INSERT,1562,2026-09-07 11:34:00
e03635fc-a88d-4108-d8d9-94b8d90f74e9,b0c30a59-f0f7-ad22-c76a-8e0f48f091f0,4a8ff810-784c-2f29-9804-02a2b07aa066,FAILED,654.64,USD,9b5f8f39-848b-34f0-3498-17354d38e415,2026-08-22 16:12:52,2026-08-24 09:10:52,INSERT,1563,2026-09-07 11:48:00
f45707c6-7894-6a15-c342-01db2c3aacdc,8bde005b-5d8b-abd7-6bbd-b66f91816091,e27a984d-6548-21d0-7fcd-9eb1a7cad415,COMPLETED,777.52,EUR,0445c1a8-12af-97e4-c536-c66efcc4091b,2026-07-30 21:46:16,2026-08-01 00:11:16,INSERT,1564,2026-09-07 11:46:00
a2611b8d-9620-bee6-6406-face53a5e850,27c6cbb1-cedd-069d-f96c-9a0a3404c02a,bbda0242-2d17-4fc9-6f7c-15ea272a6d8e,COMPLETED,469.95,GBP,ae59aa52-a65b-e22b-d5a3-86d9c362a810,2026-08-08 13:04:03,2026-08-08 18:28:03,INSERT,1565,2026-09-07 11:39:00
b88416d2-d28f-cf68-c871-d7b38468b74d,58c1aad6-f3f8-dea4-7f14-eafa29f0ef7c,cae9b4a7-2a79-ea68-0f44-704f1247ea4e,COMPLETED,637.32,EUR,207e863f-5f32-d5d8-2abe-1585425e0259,2026-08-27 20:45:50,2026-08-28 06:08:50,INSERT,1566,2026-09-07 11:59:00
266bf2ea-eb93-f78c-620a-f1585d2d904f,0bc57207-3e9a-ec86-0325-4fbddce8e1c5,d499da99-45c4-5a3e-e9da-484a80759f1f,COMPLETED,58.75,EUR,db842660-f5d8-fb91-ee60-81ac2dd0622e,2026-08-18 04:49:26,2026-08-18 05:00:26,INSERT,1567,2026-09-07 11:42:00
d847dc53-c605-e58a-4845-4343ddb449dc,e0827f76-11a5-29b4-66a3-02d6f43e8c48,1ca35cfb-04fc-6d82-7d15-438552fbe43b,COMPLETED,883.64,EUR,8d9765c7-161d-5c87-53c9-fe594f89e3b2,2026-09-01 13:07:18,2026-09-03 00:20:18,INSERT,1568,2026-09-07 11:55:00
c2492e5e-005f-d0e6-55c3-b2dbf374190d,b186a5a8-d6ee-526b-a2cd-159058af393c,dea4ae17-54fd-9ad3-9716-108ef72169bb,COMPLETED,225.04,GBP,bcf2fc3b-d958-74c2-6053-8c1ba84510a1,2026-08-13 09:43:36,2026-08-13 11:21:36,INSERT,1569,2026-09-07 11:56:00
cd0254db-ed11-15d7-50a4-6c85d9d57b02,4aab47b2-3c9d-128a-2176-1930f6d70248,715629ee-e893-be3d-7354-ea6f61607459,FAILED,402.78,USD,bc4015fa-d4f7-6322-b362-c0d264988bde,2026-08-21 01:33:32,2026-08-21 05:49:32,INSERT,1570,2026-09-07 11:52:00
cb371d97-cdcc-2d6a-1a16-998c7648776e,3ff6579e-8cd4-b90a-bf82-11bc8e52fc42,fd5166e6-451b-4cf3-6123-fdf77656af72,COMPLETED,772.05,USD,0fc98d2e-030f-9be9-1f17-8f9323c97a1e,2026-07-26 00:12:47,2026-07-27 03:49:47,INSERT,1571,2026-09-07 11:45:00
5a9c0679-2c3d-17e2-6d39-da75aee70ab2,078c26ce-7f02-23bc-651e-a252b9744cde,4a15544d-c5e7-ce8a-3a57-8a8ea9488d99,COMPLETED,401.18,EUR,46653497-2fe9-22aa-e886-a01136f7a26c,2026-09-07 08:41:29,2026-09-08 23:52:29,INSERT,1572,2026-09-07 11:33:00
fdd5b0f8-d6d7-44fd-ef69-a9805ad479ef,d8b48ead-9360-8edf-382b-5b86f2a32efd,cae9b4a7-2a79-ea68-0f44-704f1247ea4e,COMPLETED,692.36,EUR,3c8e9d78-2d14-e9f4-2c78-644fd86065a2,2026-09-02 03:02:28,2026-09-02 06:52:28,INSERT,1573,2026-09-07 11:56:00
9d37efb6-eafb-3e90-54ec-84ce002ccb25,86c5547c-051a-0039-3803-dcee9a069295,f510ab53-c7fe-e39f-1190-f938a66fd7f7,COMPLETED,69.43,USD,573bfc17-2167-c35e-ce73-34f233932b6c,2026-07-26 08:13:51,2026-07-26 14:23:51,INSERT,1574,2026-09-07 11:56:00
d9cb3540-643f-fdae-92a5-4d04f2dde1f5,f2e3c6f0-0075-d3d5-ba94-aa662d7e4a45,50fd9d3f-85d5-1695-90b2-b633956b8c0c,COMPLETED,279.18,GBP,91468cdc-f716-4b73-c555-23edfe8956c8,2026-08-29 03:09:58,2026-08-31 02:10:58,INSERT,1575,2026-09-07 11:42:00
69fd28e6-e271-fff9-2a95-27f6f8170ebf,bb8aa843-702f-31e5-62cc-c6040c53644b,6f962882-95d8-2980-ff37-d19c2e76128b,COMPLETED,653.96,EUR,59ea4936-60f3-4ebc-e1bb-b8cd7e3a9f07,2026-08-31 16:56:41,2026-09-01 00:19:41,INSERT,1576,2026-09-07 11:37:00
17d5b563-fa60-ede1-e5eb-772df11c0ac5,13335bc9-bb63-5ff5-2931-0971601e0211,1a2a73ed-562b-0f79-c374-59eef50bea63,COMPLETED,169.69,EUR,9d17d218-fc3b-0de5-9812-62ac5683ede0,2026-07-28 02:26:59,2026-07-29 01:47:59,INSERT,1577,2026-09-07 11:50:00
06969d48-18d4-2238-331d-e35c7af6cd41,a005f5e1-a97a-2846-d2ea-ef184b6797a1,7da67785-b63b-4dc3-a559-e46379e13cea,COMPLETED,396.29,USD,4ab427e3-a360-7681-2bbb-a89d34fadee1,2026-08-11 00:23:46,2026-08-11 00:39:46,INSERT,1578,2026-09-07 11:55:00
aadf3692-b24b-eb96-c092-7b7426b07ff6,907276ea-44c0-7a9a-d64a-cb1f39eb038a,8c459ce2-67f4-8ad5-4d0b-0d1a91b0e1d9,COMPLETED,429.25,EUR,5802b640-ab0b-4cc5-15f0-ea1918c180d2,2026-08-06 06:45:43,2026-08-07 12:47:43,INSERT,1579,2026-09-07 11:32:00
ae49c079-9bd0-d4c7-9e45-455e24d38751,46818a88-2c15-4804-0997-59a37919955c,a5769411-a0a1-1839-e745-770418dfbc3c,COMPLETED,523.38,EUR,6552ac53-09ed-a6f5-66d7-1d97b193c8b8,2026-08-25 06:52:58,2026-08-26 16:01:58,INSERT,1580,2026-09-07 11:48:00
711456de-301c-8db3-16db-80dba543148e,6ab19e15-ba92-992e-44f8-b53c52246d05,fcd6bdca-5876-fd09-f1fa-f665711533f3,COMPLETED,701.15,EUR,683c510e-d2ef-a93b-e9d6-bb7e361db014,2026-08-08 02:05:06,2026-08-09 08:20:06,INSERT,1581,2026-09-07 11:50:00
927f8103-da94-08c0-29b4-4cb10cb5ee5c,0706fec2-48fa-4e98-1723-ecdbb0588256,4e7ed827-455a-c762-7428-a656b3ee4d3b,COMPLETED,679.09,GBP,db6ba39b-36dd-9529-f704-d72fc7a2f280,2026-09-03 03:56:14,2026-09-03 21:36:14,INSERT,1582,2026-09-07 11:45:00
4082fcda-7580-e4e9-5945-0186da018d29,6c7e9a2c-467f-358b-a48a-a108b599277f,4d6168bd-2def-e193-5c62-b3a23a3c563e,COMPLETED,647.21,USD,ad5cba24-4d59-616b-7779-857f37dc8c78,2026-08-23 00:46:19,2026-08-23 21:38:19,INSERT,1583,2026-09-07 11:46:00
c3f62136-846d-5a3b-2661-c42630385dd7,a6c681b0-e472-9be5-f3c2-944ab60a3dcc,e27a984d-6548-21d0-7fcd-9eb1a7cad415,COMPLETED,249.81,EUR,ce30a61d-0e88-c8ec-e651-e3e13d846fc9,2026-08-09 06:48:43,2026-08-10 01:43:43,INSERT,1584,2026-09-07 11:42:00
5f269466-54d1-332a-e308-2ddcc9c04b7d,4e9d23e9-df16-2ec3-be84-8aa2392c04da,2260e70f-e0cc-edc5-f05d-b76e1a84a51a,COMPLETED,215.58,GBP,76b90436-4b46-ef33-95e7-f61442b40281,2026-08-25 06:28:17,2026-08-25 12:34:17,INSERT,1585,2026-09-07 11:57:00
0134e76b-0ed9-fa95-a26e-865b503be788,a18b5d15-5527-3407-7cd2-192f14b00f62,ac1e86d8-bfbf-397b-ac3e-7b0d5e5ba13d,COMPLETED,178.71,USD,c2dd901d-359a-1533-4605-ec0e73b9c2ac,2026-09-04 08:45:42,2026-09-06 09:37:42,INSERT,1586,2026-09-07 11:32:00
ff02f5b0-57bd-56c9-2240-063bfed747be,e3524444-6f04-af36-567c-5d44862c92fd,e27a984d-6548-21d0-7fcd-9eb1a7cad415,COMPLETED,477.85,EUR,c0079336-5bf7-dda1-7d7c-59a5e6c11650,2026-08-15 15:11:33,2026-08-17 16:53:33,INSERT,1587,2026-09-07 11:43:00
0c5921f8-050d-cbfe-d60b-f603a750350e,a976dc4d-0c47-2187-fea3-5d37980b6853,4a8ff810-784c-2f29-9804-02a2b07aa066,COMPLETED,568.36,USD,71be94c3-6ab1-cdb6-1da4-66feb0937085,2026-08-05 22:00:57,2026-08-07 10:31:57,INSERT,1588,2026-09-07 11:54:00
c72850c1-3322-c68b-9be7-8aec32da81f0,1b341937-c8e6-0939-1d2f-ed2a485f7888,40a26c60-0d27-0659-f72a-da9b2f32751e,COMPLETED,563.57,GBP,f91e5fcd-85ec-e729-d4dd-1b56435391b2,2026-08-18 08:02:22,2026-08-20 09:07:22,INSERT,1589,2026-09-07 11:47:00
54231dbe-2ba6-b158-a5ae-cf37a9d1a28e,da1c96ae-0279-e2ab-0bbf-6334e3ea2d7f,3a9aca5e-1761-32ed-069f-14f140181c6e,COMPLETED,769.1,USD,f480b91e-700e-0efc-e4ff-c31a5b86ea69,2026-07-30 03:02:04,2026-07-30 09:32:04,INSERT,1590,2026-09-07 11:33:00
cd613988-7b90-942f-973b-6977e9462820,1a8cf13c-28ce-231e-d827-4fc3f1458426,e45b712e-b822-5688-d0a4-44329cd6c852,COMPLETED,71.61,GBP,2e671784-702b-7014-adab-2c2f91a646da,2026-08-27 07:05:48,2026-08-29 08:41:48,INSERT,1591,2026-09-07 11:31:00
fa575cea-3957-1344-90a4-a421b9493906,be5e215e-c47c-c30b-865a-7766ad8cbfea,4a15544d-c5e7-ce8a-3a57-8a8ea9488d99,COMPLETED,640.02,EUR,569adef0-df86-5633-ab7a-eb66f4acc7e2,2026-08-08 18:06:49,2026-08-08 18:57:49,INSERT,1592,2026-09-07 11:43:00
3dab1614-5215-0ed8-7ddc-a413c05db774,2a57e880-de92-05ea-7eef-09abda143a47,40a26c60-0d27-0659-f72a-da9b2f32751e,COMPLETED,766.98,GBP,0ce3c8c8-4735-4e4f-f85b-6d0a54b58635,2026-08-01 02:50:01,2026-08-02 13:21:01,INSERT,1593,2026-09-07 11:53:00
b783e1d5-d264-04b9-23f4-7a557e0f60b2,0bb81d38-1b37-ef19-b3bc-912f5fb7474e,815ef6d1-3b8f-aa18-37f8-a88b17fc695a,COMPLETED,501.97,EUR,1b61d453-68c2-094d-b8b8-18cfbe153187,2026-09-01 07:57:57,2026-09-02 03:53:57,INSERT,1594,2026-09-07 11:55:00
2d5d2395-e901-a768-ebd1-4b0cc7f4f4f9,7ba16dd7-95ca-788d-d6bc-a7126ecca931,f6e07cc0-6c52-c49f-9b49-bd26df57c59a,COMPLETED,506.84,GBP,bb01b2a5-2c74-5800-941c-23fab11af726,2026-08-29 05:45:05,2026-08-29 09:04:05,INSERT,1595,2026-09-07 11:33:00
b63d65d5-505c-7527-dc57-546d8c3d031a,d7d3b9d9-4c85-9233-8325-bd9ebf98e734,5d59cd2a-4eea-04e7-0ab5-4bde20a04502,COMPLETED,636.01,EUR,a1f0fa7a-8db7-8572-ef7d-b821bca0258e,2026-08-13 12:52:59,2026-08-15 06:00:59,INSERT,1596,2026-09-07 11:38:00
88addab1-d765-4a18-e4d4-66ebbf74531c,6adfd568-b5ca-a993-aaca-d101f1530f68,50843242-168b-1625-746f-78910964fbbf,COMPLETED,532.87,USD,6c21835d-d8e8-b97c-e0a2-59014932936e,2026-08-20 19:06:14,2026-08-22 03:54:14,INSERT,1597,2026-09-07 11:52:00
0351b09d-0dc5-fb06-8d58-09b7f740d87c,af65e8cc-f9cf-8499-c9c1-ad45f4ea6b97,6f962882-95d8-2980-ff37-d19c2e76128b,COMPLETED,361.05,EUR,9edd2182-33fd-862d-4057-e470be6127a8,2026-07-26 18:44:07,2026-07-27 20:47:07,INSERT,1598,2026-09-07 11:35:00
f6dbb2b6-b993-ff63-c6b1-8d94324bcc3d,bd0b0fa2-8bee-f83f-96a0-6bf2c14ebd10,d47d577b-fa5a-91ca-059d-d55d4b943e30,COMPLETED,589.92,EUR,2d6bc882-72e5-88e9-4b4f-3b2e318910ec,2026-08-27 16:57:08,2026-08-29 17:24:08,INSERT,1599,2026-09-07 11:59:00
4d187b75-a971-a31f-d7d8-05949d9887bc,c60ea4d5-0d04-dcb6-98cd-26555297e1ad,815ef6d1-3b8f-aa18-37f8-a88b17fc695a,COMPLETED,155.26,EUR,8cd74c27-929a-f586-ca37-6c367d94bf10,2026-08-01 00:21:42,2026-08-01 03:05:42,INSERT,1600,2026-09-07 11:53:00
e2ba9fce-aebb-af9c-0a35-653cf57a431e,9f027cbf-eb29-d912-9d1b-83dfa46b6fce,533420e6-d9d8-0b8d-7e8a-dee70758e201,COMPLETED,231.51,EUR,cbd431cc-ea7a-8c21-61a1-a29c5228ed8d,2026-08-10 07:07:39,2026-08-11 13:33:39,INSERT,1601,2026-09-07 11:36:00
f3102525-f517-9e72-5f85-7b21a5df6f85,ad62d094-4c4d-6e40-24e2-226ca250d133,bbda0242-2d17-4fc9-6f7c-15ea272a6d8e,COMPLETED,279.58,GBP,8e190d07-dff0-b9bf-8db3-c2c102dabd76,2026-08-12 11:32:21,2026-08-14 00:48:21,INSERT,1602,2026-09-07 11:36:00
c04446bf-d9f4-8bbd-0dec-644cda2d2156,abc53545-2e6d-7a04-1d57-e73431bf5cf6,bf780e3f-f6b7-51f7-9b74-92459b1bc895,COMPLETED,754.58,GBP,8c8181b4-fe8b-4ccb-fd75-a5f3eeafca83,2026-08-04 05:14:11,2026-08-05 23:21:11,INSERT,1603,2026-09-07 11:48:00
e4354021-392a-9fc4-647a-c5915da64a3a,c6735380-a766-8617-78db-cde38a284792,664fa663-7e8f-8095-624c-69b6b24445a7,FAILED,806.71,EUR,db6f1c33-bbb4-c0ce-96f0-1335c5ab48da,2026-08-06 03:38:24,2026-08-07 16:45:24,INSERT,1604,2026-09-07 11:43:00
fb07ee93-0a37-31ab-0be3-534ae1ad640c,eafb9f20-783c-91eb-635a-11f25c7af83d,8c459ce2-67f4-8ad5-4d0b-0d1a91b0e1d9,COMPLETED,818.8,EUR,b4280f0d-1a6c-f459-52f6-531fa605b7c9,2026-08-03 12:54:33,2026-08-05 00:16:33,INSERT,1605,2026-09-07 11:40:00
acdbd5f2-7b44-acd0-1d03-c3d5b862acc3,6a241f46-3af7-fa21-a93e-7b5b1e4ae3a7,eb5cf467-80ba-cd64-7a0e-cfea958ca9ba,COMPLETED,651.23,USD,973e129c-35f0-b1be-7aa1-219a7a9398bb,2026-08-11 02:01:13,2026-08-12 19:07:13,INSERT,1606,2026-09-07 11:35:00
2649a478-d396-6f0a-6b77-af9eaf32baf8,e8ca7483-dc0e-3375-85d0-691c33cd1d56,4e7ed827-455a-c762-7428-a656b3ee4d3b,COMPLETED,115.54,GBP,79d29001-2d6b-8a4e-18a7-06099b02c535,2026-08-12 05:05:44,2026-08-12 14:07:44,INSERT,1607,2026-09-07 11:55:00
224629cd-6cec-df82-1903-f9b3937ca77c,c2f43c10-e869-707c-bdcb-fffccdfba4e9,4a15544d-c5e7-ce8a-3a57-8a8ea9488d99,COMPLETED,328.46,EUR,3b85f6e1-c40f-5405-7a25-ed81412817eb,2026-08-31 19:53:56,2026-09-01 21:55:56,INSERT,1608,2026-09-07 11:41:00
8ebc6d7e-c8a6-5b85-8d56-bff669c9520f,65bf8e04-ae3c-2ce6-fde6-849b468b22af,4e7ed827-455a-c762-7428-a656b3ee4d3b,COMPLETED,341.77,GBP,8f20c5e7-5ec6-46eb-2dc0-91587b8301cf,2026-08-14 01:29:05,2026-08-15 16:02:05,INSERT,1609,2026-09-07 11:32:00
a2c8cf62-f6ee-137d-639c-4c6c2926205d,b4f02f6f-af3f-9d9a-b272-5aa79d30c42e,6e595ed3-a8b3-17fa-18d0-752b1825bc54,COMPLETED,724.75,USD,d2c0dec2-1751-94d7-cdeb-2696015aba1d,2026-08-12 22:41:14,2026-08-13 21:48:14,INSERT,1610,2026-09-07 11:43:00
c8b190e1-089a-9f4f-31da-e8174937b90f,ee462fcd-a829-907c-d9be-ccff33a315f3,50843242-168b-1625-746f-78910964fbbf,COMPLETED,406.3,USD,b2cd9a0a-840c-5cb0-82b3-43849979cf26,2026-08-24 13:59:36,2026-08-25 23:44:36,INSERT,1611,2026-09-07 11:43:00
ab6ef8dd-5a66-9316-6641-4954c798a445,ff2f6883-163b-5481-284e-4cd4f9c3ee05,50fd9d3f-85d5-1695-90b2-b633956b8c0c,COMPLETED,596.42,GBP,33478a91-9609-598e-67cb-a27a65281970,2026-08-10 23:07:38,2026-08-11 15:27:38,INSERT,1612,2026-09-07 11:58:00
8f026c2c-1b41-4999-8198-d1f56839f98f,42d7f112-0130-d66b-932d-16486769b0f1,505cc686-9f87-1ce7-5487-fd4febb7a385,COMPLETED,420.19,EUR,5708013e-4b54-1670-80cf-b1db1287e313,2026-08-22 22:27:52,2026-08-23 11:44:52,INSERT,1613,2026-09-07 11:34:00
bfb0942c-ac77-7762-6620-516717cf775f,3f8dcf96-436a-e2bb-d509-8e07b368d836,50fd9d3f-85d5-1695-90b2-b633956b8c0c,COMPLETED,491.37,GBP,8df71647-1376-9ff9-578c-d875d231f372,2026-08-10 15:23:13,2026-08-12 02:39:13,INSERT,1614,2026-09-07 11:42:00
f4adfa22-ad02-05f5-1417-c2f9eb91731a,1b4ffd5f-c768-8339-27ef-53575b249c2a,43e42caf-8181-a8cc-3691-47eb89a2688b,COMPLETED,755.97,USD,01b216cf-9d23-c3cf-7e1f-48c4a9d6290d,2026-08-03 08:14:24,2026-08-04 01:17:24,INSERT,1615,2026-09-07 11:48:00
9247e851-2e0d-3860-7362-f9b74795cd1d,5d75c03c-5f4f-af10-c08f-e6d7b361e70a,610cf373-4299-9aa4-0cdf-742b2e85cb21,COMPLETED,205.27,GBP,af9e7a0e-936d-b4a7-fab1-996a21925613,2026-08-17 17:06:33,2026-08-18 22:03:33,INSERT,1616,2026-09-07 11:42:00
55ac0d06-be9d-a951-7329-af6e18a73d94,d6c6d997-79fe-7ccc-4119-20f6d0566199,7da67785-b63b-4dc3-a559-e46379e13cea,COMPLETED,72.83,USD,8f73198e-5c3d-0d5f-5c68-01d642803aa0,2026-08-27 00:32:28,2026-08-27 11:42:28,INSERT,1617,2026-09-07 11:52:00
cec68cfe-a3fd-17f0-2ae6-3af6de46222e,f4e35f7b-a1b7-e3d8-76b8-74d349599bed,6601ddd0-3170-f437-a8f7-ef5a060edf5b,COMPLETED,355.34,EUR,a19b224a-6bfc-2a47-565f-1491edb68b81,2026-08-15 04:42:40,2026-08-15 10:04:40,INSERT,1618,2026-09-07 11:37:00
457083e4-653c-8f74-a507-68979afa8267,b5def807-4a96-5478-a72b-dddd511eeeb8,40a26c60-0d27-0659-f72a-da9b2f32751e,COMPLETED,220.83,GBP,dce0e2bb-c7ed-ea02-71e4-dc42e33fc52c,2026-08-01 08:44:35,2026-08-02 08:12:35,INSERT,1619,2026-09-07 11:43:00
bcd2e8eb-3f55-60cd-3ab7-127e4f32ea54,a7a31d25-1595-6c42-27c0-0f899e3bf1b3,fd5166e6-451b-4cf3-6123-fdf77656af72,COMPLETED,111.46,USD,205c8491-a061-09db-7172-f63648bfb602,2026-08-18 22:29:03,2026-08-19 04:10:03,INSERT,1620,2026-09-07 11:54:00
71e15b9f-8c6d-768e-45bc-f3baef52d36e,7799fddb-79e5-46e7-dd3e-e854534064b0,f6e07cc0-6c52-c49f-9b49-bd26df57c59a,COMPLETED,777.12,GBP,b29769b2-f2cf-fcae-f833-ebfb2296e3f1,2026-08-25 17:05:26,2026-08-26 17:27:26,INSERT,1621,2026-09-07 11:48:00
88fc3da1-781d-5b6c-4969-40325808d790,d0bcbad5-85f8-0d9b-0006-0d5a02b3c948,a0a04dc4-2720-9bdf-1c11-f735dc713d96,COMPLETED,157.03,GBP,7def3b8e-ec0d-fc3a-b011-b125022111e5,2026-08-13 12:15:08,2026-08-14 06:00:08,INSERT,1622,2026-09-07 11:54:00
c3b8c80f-8440-8e98-3d53-ec43a0152b5b,144716cc-4352-acea-3878-becf60dc12eb,664fa663-7e8f-8095-624c-69b6b24445a7,COMPLETED,362.96,EUR,cebd3b2b-9cfb-bce7-e8f2-c584ccca1e14,2026-08-29 06:48:16,2026-08-31 02:54:16,INSERT,1623,2026-09-07 11:56:00
1a2e9864-f8ea-ca36-2f99-9b2a05aa5eab,f83f5274-0cb4-afe1-26f3-41c804f718c8,40a26c60-0d27-0659-f72a-da9b2f32751e,COMPLETED,185.25,GBP,b71714cd-2002-91bb-44e9-f8fb4838a888,2026-08-23 17:33:38,2026-08-25 03:09:38,INSERT,1624,2026-09-07 11:38:00
75f94230-32fd-73c5-0894-2176fe99df69,3f46057b-7165-e36b-f997-c779c56f05e6,d499da99-45c4-5a3e-e9da-484a80759f1f,COMPLETED,239.09,EUR,85695f97-180d-c855-c55f-fde8bc3e1d19,2026-07-30 10:05:43,2026-08-01 10:53:43,INSERT,1625,2026-09-07 11:54:00
46ae7e06-cb5d-2b59-2ad8-20ca03db7a2e,6f2537ce-a206-527c-3c68-41d61ce8e12f,ecab3301-bc8f-7d29-2dea-94930658663a,COMPLETED,211.65,USD,ca0553a2-6553-b15f-1ea1-5b0f95aeb18b,2026-09-04 10:14:02,2026-09-06 07:45:02,INSERT,1626,2026-09-07 11:39:00
5115d7ee-3b90-908e-7ce3-456320363a73,ca9d8831-894e-7397-b38a-3db1276732d3,40a26c60-0d27-0659-f72a-da9b2f32751e,COMPLETED,332.86,GBP,a50784cb-c9df-301e-8ef0-0de1fb4f1972,2026-07-27 09:57:57,2026-07-27 14:02:57,INSERT,1627,2026-09-07 11:39:00
8f1c3fa0-7000-0009-b4e5-70ba7c3cc2bc,402da0fa-227d-cecc-b972-393a5bb0dd76,81fb18b3-c9a7-d91f-ef2a-e71357021049,COMPLETED,626.54,USD,7d76ab58-b271-115b-8af0-9ec34b726a7c,2026-08-02 20:49:15,2026-08-02 22:17:15,INSERT,1628,2026-09-07 11:32:00
9fbc879e-869c-3a8e-7d6a-b7c2a86d8706,a449d64f-922d-dab6-0825-2b391947ea42,4a15544d-c5e7-ce8a-3a57-8a8ea9488d99,COMPLETED,447.13,EUR,0c90e028-4185-300d-971d-f5fdb38950ce,2026-08-03 07:26:20,2026-08-03 14:45:20,INSERT,1629,2026-09-07 11:40:00
f5e90352-3745-39f2-f1d1-88b913f39289,d59ef0fd-1204-f4d6-bbfb-1b710a683eb8,533420e6-d9d8-0b8d-7e8a-dee70758e201,COMPLETED,253.92,EUR,b9a4de2b-19e9-e3a4-18dc-ceb684fcfcb0,2026-07-27 07:55:28,2026-07-29 02:02:28,INSERT,1630,2026-09-07 11:52:00
ff9957a8-88ad-b388-287e-4086a854027e,81338bdc-66cc-7376-8cca-89632e2e77a4,505cc686-9f87-1ce7-5487-fd4febb7a385,COMPLETED,166.79,EUR,5a31e916-eefb-2a24-7169-3ed5999413cc,2026-08-14 05:34:42,2026-08-14 12:41:42,INSERT,1631,2026-09-07 11:33:00
0e50f355-c7b6-11cd-1417-182a61ad018a,ceef7261-bb15-02ea-0991-2f464ce6928b,8ce21ea3-db20-a56e-dc81-5fe7ceda8bbb,COMPLETED,543.8,GBP,5911f42e-559a-8f54-c559-cd0febffc53f,2026-08-21 11:21:34,2026-08-21 17:52:34,INSERT,1632,2026-09-07 11:30:00
0ddb545b-61ea-aa65-a1d7-70eac704e80e,02ed5d15-edbc-36d8-9a30-7096d97766be,a5769411-a0a1-1839-e745-770418dfbc3c,COMPLETED,677.96,EUR,51beba8e-0a8a-eb94-863d-fcd64e0648d0,2026-09-04 17:22:29,2026-09-05 08:51:29,INSERT,1633,2026-09-07 11:35:00
6f3acf33-8077-7ac5-6605-de3c15c7bc83,663166a7-8c53-b74c-0c9f-a6e6beccf760,dea4ae17-54fd-9ad3-9716-108ef72169bb,COMPLETED,438.75,GBP,c31496ea-2160-446e-b2a7-a475c6196773,2026-08-09 19:39:51,2026-08-10 01:18:51,INSERT,1634,2026-09-07 11:37:00
2b54500d-4e08-9bb4-c509-d55806326b36,9808552c-5832-c8de-521b-e8c230c3ef8a,6601ddd0-3170-f437-a8f7-ef5a060edf5b,COMPLETED,341.44,EUR,d2535515-9dc0-a8b5-5987-038afcd6c18e,2026-08-13 13:51:28,2026-08-14 18:46:28,INSERT,1635,2026-09-07 11:55:00
363d75f1-89ba-b9c8-bd71-7da33581a632,05d2d205-789f-ed96-7337-3c2f4e1c3762,40a26c60-0d27-0659-f72a-da9b2f32751e,COMPLETED,727.77,GBP,c017466e-85f4-c0a2-8be2-7516342c5348,2026-08-10 03:56:24,2026-08-12 03:18:24,INSERT,1636,2026-09-07 11:42:00
7c12d198-50c1-b8f7-e764-28c4197fa0fd,fa033d6c-822f-b2f0-6175-a257fad3b44c,fcd6bdca-5876-fd09-f1fa-f665711533f3,COMPLETED,360.14,EUR,168885c2-8814-5bde-98db-f732dde4d194,2026-08-07 16:46:55,2026-08-09 13:06:55,INSERT,1637,2026-09-07 11:40:00
41f74651-a033-edad-0fdf-de19cfd835fc,80520405-fa84-bb5f-fa6e-3743fef97d57,1a2a73ed-562b-0f79-c374-59eef50bea63,COMPLETED,286.05,EUR,fffcd743-e3f1-6406-631d-9c8be0f0fe79,2026-08-10 18:02:43,2026-08-12 12:43:43,INSERT,1638,2026-09-07 11:46:00
1e4ea133-b82d-40de-f2d7-8d5388702ae7,115c42cd-5147-6e86-2875-d40aeac7dc2e,ac1e86d8-bfbf-397b-ac3e-7b0d5e5ba13d,COMPLETED,841.07,USD,e12ff6cd-d6ea-f269-514e-13532f237c4d,2026-07-31 13:06:53,2026-08-02 09:54:53,INSERT,1639,2026-09-07 11:32:00
5fbbcda5-a64a-1fe8-b646-e2b17800e27a,d89c83f6-8098-580d-2253-80407a029a6d,50fd9d3f-85d5-1695-90b2-b633956b8c0c,COMPLETED,625.56,GBP,7dcf60fd-6330-98ed-da25-27952f191516,2026-08-10 22:34:11,2026-08-11 04:00:11,INSERT,1640,2026-09-07 11:53:00
fcfd8547-abdc-e0da-be0b-bddd38f95001,451575b9-ece9-504b-03d7-f962f80443ee,610cf373-4299-9aa4-0cdf-742b2e85cb21,COMPLETED,379.56,GBP,10ee4f77-345e-2eaf-c1fd-a58133ece6b1,2026-08-04 11:37:38,2026-08-04 13:50:38,INSERT,1641,2026-09-07 11:51:00
4a8abb17-309a-083a-0c9e-a060f66c7331,8420e0d8-632c-817e-8ec5-7d470a0c64e5,a5769411-a0a1-1839-e745-770418dfbc3c,COMPLETED,885.77,EUR,4df742ae-e267-e12b-65e5-f13f70869a45,2026-08-19 14:39:46,2026-08-20 17:40:46,INSERT,1642,2026-09-07 11:58:00
400564b8-1716-03b1-7466-1e6fe1eeb1f1,b66f3507-e588-b999-971e-ea3974246baa,8ce21ea3-db20-a56e-dc81-5fe7ceda8bbb,COMPLETED,41.92,GBP,e83bcc84-a609-1ad0-b114-64aa52f69081,2026-08-09 04:51:33,2026-08-10 11:38:33,INSERT,1643,2026-09-07 11:47:00
0d22af35-b648-be8a-c4e7-75b92dca365a,2980f6ff-266c-47fb-dcd8-1a8ba8d6faf6,533420e6-d9d8-0b8d-7e8a-dee70758e201,COMPLETED,517.63,EUR,baebe15d-4f3c-9771-4edd-2a2a6b69b4ae,2026-08-01 19:05:43,2026-08-02 17:58:43,INSERT,1644,2026-09-07 11:50:00
59595d27-a73d-2746-0e18-ab9625f41dd6,0c85f154-3527-bcee-d343-bf88d1f379b1,4d6168bd-2def-e193-5c62-b3a23a3c563e,FAILED,573.2,USD,084d7822-da94-8e70-2537-41e409668d08,2026-08-07 00:01:30,2026-08-08 18:20:30,INSERT,1645,2026-09-07 11:47:00
11529a73-d1fc-dedd-6102-2b56e5c482ff,52a473f9-4c9e-903a-c4bd-338e17d71fc0,6f962882-95d8-2980-ff37-d19c2e76128b,COMPLETED,839.7,EUR,8cebac57-d7e3-23cf-6d65-1847c2294116,2026-08-21 14:32:40,2026-08-22 15:08:40,INSERT,1646,2026-09-07 11:31:00
57637902-5552-0712-af92-ef221d2467e2,c45c3fbb-52ec-ac27-8ccc-617e81b66951,715629ee-e893-be3d-7354-ea6f61607459,COMPLETED,290.84,USD,9db1bd5e-91a4-d796-b972-0eec65637d1f,2026-08-05 20:25:04,2026-08-06 01:03:04,INSERT,1647,2026-09-07 11:43:00
27c7655a-7b43-4a72-22c0-c475a54976d0,cc18dd0e-7978-dc84-ea89-a9797aa6d6ea,1a2a73ed-562b-0f79-c374-59eef50bea63,COMPLETED,831.61,EUR,dd7f57d1-e45d-ef26-75eb-0e8fa090360d,2026-09-02 23:28:36,2026-09-03 22:33:36,INSERT,1648,2026-09-07 11:46:00
b5b81351-5083-0841-db9a-0eb7b48c531b,1de987a2-985e-7e89-2ff8-107a63ba9d86,1a2a73ed-562b-0f79-c374-59eef50bea63,COMPLETED,522.46,EUR,16386137-69f3-5b2d-4580-dac20818c965,2026-08-19 10:28:24,2026-08-19 21:48:24,INSERT,1649,2026-09-07 11:31:00
75992b0a-095b-81d6-b97d-76173487246c,fe22eba1-ad3d-581e-8422-2f58f02254af,d9acd158-4d34-85c5-c5c1-4eb4b27b3d90,COMPLETED,743.48,USD,85b864d4-dd64-3387-b6b3-8fbc6338fb29,2026-07-31 10:57:02,2026-07-31 17:40:02,INSERT,1650,2026-09-07 11:44:00
bedcacb7-a8b3-31a0-c424-6277854494ab,0bcfd0fc-e3a1-af97-7785-2ddb55527a3c,1ca35cfb-04fc-6d82-7d15-438552fbe43b,COMPLETED,787.25,EUR,c22ca6a8-93da-f60d-05c1-44224ffebdfd,2026-08-26 20:28:26,2026-08-28 13:03:26,INSERT,1651,2026-09-07 11:45:00
123cf911-2bd8-ad4d-3eac-db2892f71993,cdd3214c-b450-8610-f17a-a7a9243d116d,815ef6d1-3b8f-aa18-37f8-a88b17fc695a,COMPLETED,300.27,EUR,56b7979e-e46a-0b42-9cfe-cbd84fb67094,2026-08-10 12:09:00,2026-08-12 01:40:00,INSERT,1652,2026-09-07 11:49:00
b6da99cd-d14b-256c-67db-09431a59c3eb,209ce4a5-931e-1d4d-9abc-9859593edc83,610cf373-4299-9aa4-0cdf-742b2e85cb21,COMPLETED,268.39,GBP,8e5fd65f-536c-32d0-1b63-205fcbf85149,2026-08-15 21:23:07,2026-08-16 09:03:07,INSERT,1653,2026-09-07 11:55:00
92fe00e8-b63f-a809-ee4d-0decbd472885,ab6b3f08-a9a0-f4ef-2c4f-54163c749c16,df615a5c-b432-3070-a23d-4c2fc2a79689,FAILED,499.18,EUR,979800c3-1d44-4351-7c93-cdc3d635212d,2026-08-31 17:18:07,2026-09-01 16:40:07,INSERT,1654,2026-09-07 11:36:00
dd9d2e4d-483e-dd69-dc7a-bd161c153057,d21ce315-8f5e-248e-b40f-040e0037447f,fcd6bdca-5876-fd09-f1fa-f665711533f3,COMPLETED,871.75,EUR,b3c4d030-6e84-e832-3c38-c3f007fbb920,2026-09-06 05:49:45,2026-09-07 19:18:45,INSERT,1655,2026-09-07 11:50:00
a86de251-7c98-756f-e288-109db8a9b014,04056d2b-a5fc-d671-125d-f20602f865f8,1dde7969-6886-13db-a634-8e784d5c55c7,COMPLETED,130.48,USD,22c23308-fd7e-e75c-f997-f6976fcddf50,2026-08-07 12:05:34,2026-08-09 09:50:34,INSERT,1656,2026-09-07 11:59:00
bb3607b0-baed-6f49-245f-d841147f0413,f63471f8-7b45-bd9c-948c-7eb41cf8570b,7da67785-b63b-4dc3-a559-e46379e13cea,COMPLETED,640.3,USD,fbd1b0c0-dbfe-679a-fbcb-d6ec86c2ad8f,2026-08-21 01:56:32,2026-08-22 10:56:32,INSERT,1657,2026-09-07 11:57:00
db9c9b7c-4674-a0eb-47ed-c6dd9da4ec0f,408669bb-4721-194b-c8a4-ae21d9f850e9,5d59cd2a-4eea-04e7-0ab5-4bde20a04502,COMPLETED,464.92,EUR,1c8e806b-bdce-4d4d-03a2-cee941c7d9b3,2026-07-28 12:07:52,2026-07-28 20:47:52,INSERT,1658,2026-09-07 11:51:00
b9db1388-70af-f6eb-a921-7ddc3cea1f89,c536d2ce-69b6-f3b7-fe5b-9fc9c0b4f6d6,4a15544d-c5e7-ce8a-3a57-8a8ea9488d99,COMPLETED,757.1,EUR,93e7e893-35fa-b528-2ad3-136fa33817fa,2026-08-22 09:51:32,2026-08-22 20:23:32,INSERT,1659,2026-09-07 11:37:00
72e5e892-cc1c-7204-ed5e-749b49ee4969,6f4abfcc-deca-8598-87cb-0e2a25288a1b,1dde7969-6886-13db-a634-8e784d5c55c7,COMPLETED,437.64,USD,f63614f5-50d0-f83d-adb1-be7a61cb0527,2026-08-27 18:05:33,2026-08-28 20:43:33,INSERT,1660,2026-09-07 11:42:00
1a99aae0-8677-b81d-1902-c93b69479974,11654cb3-d4e9-9a65-022b-7e76ac3cbe34,d9acd158-4d34-85c5-c5c1-4eb4b27b3d90,COMPLETED,501.9,USD,382bab11-59fc-faeb-7229-44a9af7ce609,2026-08-02 05:37:05,2026-08-03 03:01:05,INSERT,1661,2026-09-07 11:38:00
1f2da344-a359-6667-9971-4b2bf3533e8a,a8174c85-9819-7749-f041-e4f70e8fd00b,49bc473f-ed7b-f656-218a-15368c99a894,COMPLETED,565.07,EUR,161d6acf-1eb6-d1f0-f532-1352b54468e4,2026-07-26 03:39:41,2026-07-26 05:17:41,INSERT,1662,2026-09-07 11:50:00
c6f06a71-46fc-4ff2-12f1-78bdc7de01a9,41e0cfaf-52ca-9ced-c526-8f0fc516e394,e27a984d-6548-21d0-7fcd-9eb1a7cad415,COMPLETED,814.98,EUR,5528dc45-637a-a999-61ff-1d9a0ff89e8a,2026-08-14 05:28:18,2026-08-16 04:44:18,INSERT,1663,2026-09-07 11:53:00
40271514-ba40-662f-9243-a30112068ad6,08eca4c8-1a71-064d-424d-9430b72479b7,bbda0242-2d17-4fc9-6f7c-15ea272a6d8e,FAILED,823.1,GBP,e581d601-04cd-c4e8-7225-539dc6f903cf,2026-08-24 17:32:35,2026-08-25 00:48:35,INSERT,1664,2026-09-07 11:30:00
da74a056-88dd-44cc-5d87-edd21735f36b,a1dc9cab-0e21-3ce5-668e-b10e4d862412,6f962882-95d8-2980-ff37-d19c2e76128b,FAILED,313.43,EUR,d757ad38-1498-d0dd-570e-5af5f5ff3705,2026-08-19 11:40:28,2026-08-20 12:11:28,INSERT,1665,2026-09-07 11:36:00
3ba4f2ba-9450-0024-bdb5-8d062621d32d,dec56dc3-ad96-8213-f0a9-b97f7557c28c,dea4ae17-54fd-9ad3-9716-108ef72169bb,COMPLETED,607.24,GBP,bc4716ad-0970-d09d-1270-c935ecc0baa6,2026-08-03 18:37:22,2026-08-05 15:16:22,INSERT,1666,2026-09-07 11:40:00
f6f61488-d620-15f0-5253-b6f72328051e,937292e6-af20-6a9d-f9d1-85071eece891,50fd9d3f-85d5-1695-90b2-b633956b8c0c,COMPLETED,373.77,GBP,0bab8f53-c3a4-704f-3696-5c84cb08b605,2026-08-09 21:01:59,2026-08-11 19:20:59,INSERT,1667,2026-09-07 11:40:00
b79a566b-2e14-82be-98a5-47b209a18b34,9c4c37b3-2caf-3d2f-f026-a4183d3fbbec,f6e07cc0-6c52-c49f-9b49-bd26df57c59a,COMPLETED,416.37,GBP,16888e84-f346-bbe7-9caf-4bfe7ff8a2c6,2026-08-06 15:40:45,2026-08-08 03:23:45,INSERT,1668,2026-09-07 11:57:00
e9570a2a-f7f4-7477-d802-13baaf6c2278,cbeed3e3-1cd8-89e2-3197-91670d95ee72,bbda0242-2d17-4fc9-6f7c-15ea272a6d8e,COMPLETED,203.14,GBP,28e60130-2d23-8ed1-7f5d-21f279731ea8,2026-08-23 21:53:01,2026-08-25 18:54:01,INSERT,1669,2026-09-07 11:58:00
32e15f17-6b47-ed61-5372-ebed946b4482,71dfc82c-b8ad-df54-3c3c-9c08e523e8a9,bbda0242-2d17-4fc9-6f7c-15ea272a6d8e,COMPLETED,122.14,GBP,536016e7-e5fb-c1c0-ad46-3549bf4113cb,2026-08-17 01:08:14,2026-08-18 12:18:14,INSERT,1670,2026-09-07 11:35:00
33c417d5-450a-b36d-f9be-07f35bcc90fc,31b42308-b846-3413-752e-761322eb69b1,3c07c574-4925-7af1-b6aa-e05b13d5f2f7,FAILED,360.85,USD,b134b58f-0837-59f8-2090-f35e55fcf991,2026-08-15 14:06:10,2026-08-16 02:16:10,INSERT,1671,2026-09-07 11:46:00
ed6f4ee3-e44e-7cd1-38ef-a3bc9457f388,53c9aacb-3f71-e1ae-3f24-ba6adf629d0c,4e7ed827-455a-c762-7428-a656b3ee4d3b,COMPLETED,396.74,GBP,e9ebd446-2622-e0d6-f23d-9820977e5877,2026-07-25 04:53:53,2026-07-27 06:44:53,INSERT,1672,2026-09-07 11:55:00
3d170879-55bd-f39e-fb33-4e61236e9007,c6090b78-b597-1e43-8f8d-d99511274cb2,40a26c60-0d27-0659-f72a-da9b2f32751e,COMPLETED,511.74,GBP,7a7e8c31-a627-6167-1d12-1daf8a257159,2026-08-02 00:12:04,2026-08-03 20:27:04,INSERT,1673,2026-09-07 11:55:00
3066478c-4aa0-d842-057f-dd20a50a0a29,71a0cff8-6b8d-a340-58c1-58e27951d52b,715629ee-e893-be3d-7354-ea6f61607459,COMPLETED,839.91,USD,cd4f2875-df2d-df20-05a4-3113101d759e,2026-08-26 15:03:27,2026-08-28 04:01:27,INSERT,1674,2026-09-07 11:44:00
74b799ec-48cd-42c0-5a66-219e25f98046,c50e5194-49c3-f48b-f881-5f185f34fd6c,ecab3301-bc8f-7d29-2dea-94930658663a,COMPLETED,219.57,USD,ec93e43d-9e5e-8cfe-2a96-c526f4ca6e70,2026-08-31 19:33:48,2026-09-01 13:18:48,INSERT,1675,2026-09-07 11:33:00
8bd03267-bd0e-01ce-f85b-c2d301196e6d,51f9cd77-ed85-0a6d-7542-2851f2a24da4,bbda0242-2d17-4fc9-6f7c-15ea272a6d8e,COMPLETED,696.3,GBP,a5b1c799-54ce-cee7-81e5-8eeef9c0fd4d,2026-08-13 03:20:57,2026-08-14 13:26:57,INSERT,1676,2026-09-07 11:54:00
89d56357-1566-1feb-05c5-bf8d321a6c3f,ef87bf0d-c802-2f8e-38de-6b6e86c45e42,505cc686-9f87-1ce7-5487-fd4febb7a385,COMPLETED,191.73,EUR,abeb35d1-ad54-06bc-7209-8a7bd975a562,2026-08-23 00:32:51,2026-08-24 20:19:51,INSERT,1677,2026-09-07 11:35:00
71b86ce0-e347-2e25-ba54-98fd3737cc38,8f9fdc15-dfd2-3d15-7211-4575fa3efd03,8c459ce2-67f4-8ad5-4d0b-0d1a91b0e1d9,COMPLETED,329.19,EUR,cdbe5548-6a65-66e8-fe1a-d905bdd4c1f2,2026-08-07 07:38:30,2026-08-08 07:11:30,INSERT,1678,2026-09-07 11:34:00
0acfc6ac-7d97-04fe-8dca-39084a1a4219,2f9e1ddb-3302-8b32-230d-a680ea350f17,c56811cd-5563-f616-00e8-5ece0b49452d,FAILED,519.77,EUR,d5a76023-4d4f-6814-d385-0240d2a2f839,2026-08-15 22:24:31,2026-08-17 22:54:31,INSERT,1679,2026-09-07 11:52:00
6b65450b-5c75-352c-45cd-b96b0d8a16f3,5b7d9d2d-22af-f503-b17a-ff6de0d96670,fcd6bdca-5876-fd09-f1fa-f665711533f3,FAILED,301.32,EUR,5b21c9f0-f485-2088-e97f-b025a2e11798,2026-07-27 08:10:10,2026-07-27 18:09:10,INSERT,1680,2026-09-07 11:47:00
80ddb386-2790-e92f-37c6-bc5d1a380e8e,e92966be-ebc0-95f5-571e-c230697878c1,b535106e-122c-9a56-01d7-425638602ab6,COMPLETED,705.35,EUR,cb8c1d76-303c-1503-d4e2-0134389ae4fd,2026-08-07 03:52:31,2026-08-08 05:20:31,INSERT,1681,2026-09-07 11:34:00
b0d9751c-6cc0-067f-141f-746efb29ff36,35b823e4-2016-8e6d-4eb3-9f633a00c83e,df615a5c-b432-3070-a23d-4c2fc2a79689,COMPLETED,145.28,EUR,13e675fd-1c99-d366-c8b6-2c18c355853e,2026-09-04 02:15:43,2026-09-06 01:39:43,INSERT,1682,2026-09-07 11:54:00
077d8688-59fe-1c45-abac-7bf82f4ddc9b,966d2735-3495-2c00-9a0f-09e9eb8b8c11,e27a984d-6548-21d0-7fcd-9eb1a7cad415,COMPLETED,708.49,EUR,bf06d520-d88a-617b-2543-38df173d5030,2026-08-30 03:06:53,2026-08-30 09:42:53,INSERT,1683,2026-09-07 11:39:00
c363f61f-9400-9191-d1d0-6bcd195efd72,91faf1c7-8141-bb37-3de8-14ac9ceab67b,c56811cd-5563-f616-00e8-5ece0b49452d,COMPLETED,707.11,EUR,b73f6e64-378d-2f8d-8761-f9da039479c1,2026-09-04 00:18:29,2026-09-05 10:29:29,INSERT,1684,2026-09-07 11:46:00
850cddfd-1c3d-ae19-7745-55601fa54251,c2ebbaa2-1ce3-70ed-6857-07ac3a40fe39,3a9aca5e-1761-32ed-069f-14f140181c6e,COMPLETED,208.56,USD,5c7ae8ef-c324-5e35-7eed-cc6522cb2720,2026-08-11 22:17:00,2026-08-13 03:15:00,INSERT,1685,2026-09-07 11:47:00
65787d0c-1aec-8b70-ac0e-73077ddcaaf6,ffac54fd-0345-eeda-2de6-6d5b5e10a3a0,fcd6bdca-5876-fd09-f1fa-f665711533f3,COMPLETED,846.39,EUR,ad3053ce-a896-9e70-85cd-338470249792,2026-09-05 22:27:52,2026-09-07 06:56:52,INSERT,1686,2026-09-07 11:41:00
ca1c3218-c19d-11c5-45e1-8b7797f971d5,c416c07c-b6a7-87b1-c3cb-0c28474cfa29,4d6168bd-2def-e193-5c62-b3a23a3c563e,COMPLETED,658.18,USD,6675d5e2-f177-3294-a4d2-1eaecd0d4d73,2026-09-03 04:28:04,2026-09-04 09:28:04,INSERT,1687,2026-09-07 11:53:00
4b26f0a3-33b1-cca4-774d-34f5caf07226,851b5f38-c069-7f1d-a93c-94131396a289,3a9aca5e-1761-32ed-069f-14f140181c6e,COMPLETED,104.77,USD,813a3aa5-7d81-0c21-7f76-4fcea97ef131,2026-08-23 16:38:37,2026-08-25 11:11:37,INSERT,1688,2026-09-07 11:52:00
b739a28a-4ffd-5b7a-226d-d24f6e411e23,2a055b69-b4c0-4bdf-e27b-b6c44d945434,560c95ee-638c-254c-076e-2bba7c5308bf,COMPLETED,777.12,GBP,1c007554-c396-3bf9-7cc9-d887639ac771,2026-08-20 12:33:48,2026-08-22 09:34:48,INSERT,1689,2026-09-07 11:33:00
06e2e861-957e-dc3c-bdf7-74c8cf3ee4aa,5dcd0d40-d641-5102-20d1-968f0b8ce21f,55cee5db-9e87-e04c-a208-6977a9f25336,COMPLETED,44.77,USD,575c9669-a00a-06e6-e42f-0c28c3e3c148,2026-08-09 01:23:22,2026-08-09 05:35:22,INSERT,1690,2026-09-07 11:48:00
e90f4137-15be-bdd0-97b0-27ce4fe5c13b,3c10316d-3f63-a065-3e85-c8c4a9470663,55cee5db-9e87-e04c-a208-6977a9f25336,COMPLETED,329.12,USD,4e0ebe2e-de72-d970-10c4-9f9eb020321b,2026-08-10 20:21:41,2026-08-12 00:29:41,INSERT,1691,2026-09-07 11:57:00
80b57013-7f29-c9e7-5601-f6a534b6685d,b0dc75fb-199d-5089-7d05-121cceee7d65,1a2a73ed-562b-0f79-c374-59eef50bea63,FAILED,523.83,EUR,56ec0e55-aad9-e93d-c3d0-bde3cfbba84a,2026-08-12 10:44:00,2026-08-13 08:45:00,INSERT,1692,2026-09-07 11:52:00
87f3c9a4-cd1a-810d-9101-71d21138978b,563b04fa-9784-713d-1840-764294047909,7da67785-b63b-4dc3-a559-e46379e13cea,FAILED,651.58,USD,58e9bbad-35b1-773c-6d56-cfd579ab3018,2026-08-29 13:31:38,2026-08-29 19:48:38,INSERT,1693,2026-09-07 11:51:00
efe9e8c9-4497-734d-77a0-aa7ff0278488,a92a9880-3684-1339-7fcb-cf3193ac009a,cae9b4a7-2a79-ea68-0f44-704f1247ea4e,COMPLETED,779.18,EUR,9d4ac78b-cf16-43a0-8860-4b56a34f2452,2026-08-27 15:26:26,2026-08-29 02:41:26,INSERT,1694,2026-09-07 11:55:00
afd5b90b-41a6-7c90-291c-0da1a5630d3a,d2deb47d-4455-d60e-6995-8fd1d8914adf,fcd6bdca-5876-fd09-f1fa-f665711533f3,COMPLETED,577.86,EUR,3d0d3ffd-67e6-d49a-3c73-013b99ea5bbd,2026-09-04 06:11:21,2026-09-04 10:35:21,INSERT,1695,2026-09-07 11:31:00
157c6813-e581-620f-dc0d-b2660e29ed9a,7c602399-b8f4-0e5e-f6ba-bccc0acfbd89,1a2a73ed-562b-0f79-c374-59eef50bea63,COMPLETED,586.98,EUR,ddfef849-4c48-5cfc-9a02-70da505c1021,2026-08-20 05:37:08,2026-08-20 17:38:08,INSERT,1696,2026-09-07 11:47:00
79900a27-6c7c-eeb7-8bb5-f24251057c35,f2deb798-b31a-25b5-5fec-aa6e88917cf5,eb5cf467-80ba-cd64-7a0e-cfea958ca9ba,COMPLETED,69.21,USD,47198f5c-f69b-d596-3f10-938caec7f267,2026-08-05 20:17:16,2026-08-07 12:32:16,INSERT,1697,2026-09-07 11:56:00
d03cd20a-baae-ebf8-9a24-45256bbe2bd6,10fd7164-819f-2393-42ce-ef41b2cfba8b,610cf373-4299-9aa4-0cdf-742b2e85cb21,COMPLETED,745.47,GBP,7408f646-53a7-1719-bcdf-83028c37e264,2026-08-14 00:05:31,2026-08-14 06:57:31,INSERT,1698,2026-09-07 11:36:00
f07db671-caea-9ae5-690a-7b80af8d888d,214dc588-c35e-a18a-a630-b287d4a39a51,a0a04dc4-2720-9bdf-1c11-f735dc713d96,COMPLETED,873.3,GBP,df9e1425-7a76-28e6-7394-d79651c4243b,2026-08-18 13:36:35,2026-08-20 14:19:35,INSERT,1699,2026-09-07 11:36:00
da119684-b385-d9de-4304-38b532c192f1,16c72b1a-e826-fac7-3a8c-8ed5a06aa68a,deef580f-9c07-a751-1437-45092cd1586a,COMPLETED,589.45,GBP,9e35836f-66aa-394c-0cbe-938d2b339734,2026-09-07 07:30:13,2026-09-08 21:38:13,INSERT,1700,2026-09-07 11:41:00
2219b7f7-7808-a004-02a4-58e115f2f85a,a5b13afd-af2c-20ac-9539-22c05ea0942c,1a2a73ed-562b-0f79-c374-59eef50bea63,COMPLETED,818.45,EUR,b169fded-f972-3977-52c0-3f9bdf16eb70,2026-08-23 11:38:58,2026-08-24 18:26:58,INSERT,1701,2026-09-07 11:38:00
7e2ac03a-80f5-8b81-2b7c-5ee342a27950,949aca46-0a87-2ac2-8f3f-5995e468eb64,40a26c60-0d27-0659-f72a-da9b2f32751e,COMPLETED,136.37,GBP,77d468ea-e0bd-d765-56d4-4952ee29e80e,2026-08-26 02:04:36,2026-08-27 03:24:36,INSERT,1702,2026-09-07 11:55:00
e411a9d7-9030-fb0c-45d5-aacbd294100f,bffbd93b-2b15-619e-d5bf-85f32e3f674c,d47d577b-fa5a-91ca-059d-d55d4b943e30,COMPLETED,783.99,EUR,95635c97-365f-982b-95ee-f45ca9c3640d,2026-07-29 01:01:34,2026-07-29 14:56:34,INSERT,1703,2026-09-07 11:53:00
f4881671-a0db-fca2-743c-fb6b7ad7c891,b52c4358-d4a8-b45a-75d1-d77614c08f6d,1ca35cfb-04fc-6d82-7d15-438552fbe43b,FAILED,155.32,EUR,017c75c5-a873-19fe-981d-c53044f20d97,2026-07-29 15:34:49,2026-07-30 13:40:49,INSERT,1704,2026-09-07 11:45:00
7da80631-4c6d-8ddd-1edf-c59e27755e9d,a5accd5a-48f1-8eed-6703-7089c78cd2c3,9261549d-3d22-5c30-b28f-41defb140bc3,COMPLETED,163.39,USD,ce6d29bf-bc63-3d6c-6eaf-0a90cd14eacb,2026-09-03 21:03:17,2026-09-04 11:16:17,INSERT,1705,2026-09-07 11:55:00
76a990f1-f928-5706-577c-9717836a5887,17cb67b8-6d0f-74e6-a174-a7856f2190cb,7da67785-b63b-4dc3-a559-e46379e13cea,COMPLETED,560.2,USD,afad328e-a5c9-cf20-3967-26aaad2b2c82,2026-08-14 00:17:25,2026-08-15 01:26:25,INSERT,1706,2026-09-07 11:38:00
69bba3c4-6cc7-21f0-82ba-0fed1b8dc821,0b8b56f7-ead4-4e11-1397-a29f8d0df6f6,d499da99-45c4-5a3e-e9da-484a80759f1f,COMPLETED,520.31,EUR,b8663c7c-a92d-cf4f-76f3-ba5018302082,2026-08-14 06:20:37,2026-08-15 02:31:37,INSERT,1707,2026-09-07 11:51:00
f77aefe1-5761-b099-43db-ea42cece36ae,732fc932-ab96-2697-c1e1-f813747ac231,4a15544d-c5e7-ce8a-3a57-8a8ea9488d99,COMPLETED,536.74,EUR,2febcc33-cf5c-8dd3-df10-7434eb096202,2026-08-07 22:47:04,2026-08-08 20:13:04,INSERT,1708,2026-09-07 11:35:00
7b2a7f10-3590-1039-06dd-5e19dbe83664,b22f2e91-0411-0e35-d0e3-4b2b1ca64c33,6f962882-95d8-2980-ff37-d19c2e76128b,COMPLETED,32.21,EUR,3de54ee2-a655-596c-2528-d32da60c2bed,2026-07-30 13:44:23,2026-07-30 22:58:23,INSERT,1709,2026-09-07 11:49:00
78ea47e2-cbc4-dd42-5c39-b57dbc0dbd13,ac50c260-f0f2-4933-d544-c79b6ab76840,50843242-168b-1625-746f-78910964fbbf,COMPLETED,363.53,USD,297a8503-d833-33c3-f88f-a199ccbcbf4b,2026-08-28 14:21:00,2026-08-30 14:55:00,INSERT,1710,2026-09-07 11:59:00
dc05ae03-d3f4-71e7-2cba-1bc6289a5e38,5b673a25-42c4-5041-e183-10035bd972c7,f510ab53-c7fe-e39f-1190-f938a66fd7f7,COMPLETED,899.35,USD,ce8b76a2-082f-2fb9-80e3-fe4fe4fb2a3b,2026-08-20 12:45:16,2026-08-20 15:58:16,INSERT,1711,2026-09-07 11:39:00
1c65f6bd-c179-c596-d772-e63ef6700a62,7015693c-f23e-9a06-ed37-c2ce0ce87570,d499da99-45c4-5a3e-e9da-484a80759f1f,COMPLETED,111.64,EUR,9c4e7b65-c81a-5f0f-1b1b-ba94f9834d4b,2026-08-22 20:02:53,2026-08-24 17:45:53,INSERT,1712,2026-09-07 11:56:00
5f57fd27-4419-99b6-15d1-e2f82bd7d038,4968fdf2-5760-c094-7942-000acf242413,43e458fc-63f2-ae24-fc3d-3348008d4127,COMPLETED,235.88,GBP,5c532042-6a3e-0103-c13d-8929b717548d,2026-08-30 19:59:18,2026-08-30 20:26:18,INSERT,1713,2026-09-07 11:43:00
2a112eab-c5ba-36af-fb60-be1c66d29752,569b111f-15b4-066e-11d0-12a7f19293c9,1a2a73ed-562b-0f79-c374-59eef50bea63,COMPLETED,729.5,EUR,c25a6eb3-64ad-1905-0fbc-63776f1f5c6a,2026-07-24 23:35:27,2026-07-27 00:35:27,INSERT,1714,2026-09-07 11:50:00
e33ea976-5862-5813-b28d-750671305648,9e418884-c9d0-c0fc-9fd6-09228b5f74aa,40a26c60-0d27-0659-f72a-da9b2f32751e,COMPLETED,200.52,GBP,678daf97-a614-f06a-c814-84cdcfd42949,2026-08-15 03:50:52,2026-08-16 23:48:52,INSERT,1715,2026-09-07 11:43:00
48af7f10-8a71-3a73-fdee-baa1853d8090,e13f8740-bd74-0fe0-b808-8e14b9a01137,9261549d-3d22-5c30-b28f-41defb140bc3,COMPLETED,314.35,USD,8d41d660-82fc-e908-17c3-05fc36b74e27,2026-07-26 07:04:24,2026-07-27 19:46:24,INSERT,1716,2026-09-07 11:56:00
bca2c581-928b-1e4b-4c47-2ded72e06bb4,f0fbdb65-a6a5-790a-c1ad-e98a0c3838a5,1ca35cfb-04fc-6d82-7d15-438552fbe43b,COMPLETED,331.94,EUR,fba2a5f1-56c7-6990-7401-73c10155aa51,2026-08-23 22:29:44,2026-08-25 09:08:44,INSERT,1717,2026-09-07 11:35:00
5e8a10da-13fc-927f-7237-cf5b36fc1c46,214bd473-e375-5867-6cc5-60710febecad,560c95ee-638c-254c-076e-2bba7c5308bf,COMPLETED,92.11,GBP,9696dc6c-671a-dde5-86b8-afefad443c48,2026-08-14 03:58:02,2026-08-15 08:06:02,INSERT,1718,2026-09-07 11:39:00
5e8c8bbf-8f1c-5f8c-f1ae-8af92826a561,0858f527-792d-d499-7497-375c366fbddd,50843242-168b-1625-746f-78910964fbbf,COMPLETED,123.89,USD,9a0278a6-1e67-73d7-f3aa-972bebf45b9d,2026-08-18 09:54:15,2026-08-19 22:02:15,INSERT,1719,2026-09-07 11:40:00
b518174f-c587-4243-cbd1-0fdca14ed649,06598f83-b50b-9ff8-2a65-bae3ddaf2233,bbda0242-2d17-4fc9-6f7c-15ea272a6d8e,COMPLETED,588.41,GBP,1fb026cc-a529-2f56-8fa0-9a4c4f10aae3,2026-08-29 05:24:01,2026-08-30 00:21:01,INSERT,1720,2026-09-07 11:44:00
1ecae0c0-04c7-2b2a-e598-e5c280acefb5,307c3f63-8591-a818-91fb-8925f5112438,4a8ff810-784c-2f29-9804-02a2b07aa066,FAILED,686.7,USD,2e03a9cc-8827-f0b5-efa9-9c7ea8835c66,2026-08-19 19:16:57,2026-08-21 10:39:57,INSERT,1721,2026-09-07 11:52:00
8ab20bf4-196d-edc0-fad3-43521d59598c,41d6676a-61cb-78c3-513f-f9a9872491ca,1dde7969-6886-13db-a634-8e784d5c55c7,COMPLETED,41.17,USD,2ec36411-24df-6dcc-490c-cf972b0c456b,2026-08-02 06:18:25,2026-08-03 10:38:25,INSERT,1722,2026-09-07 11:38:00
95ccfda2-3677-0e04-a1d8-507bd7aa0f83,6151bd93-ae14-55f4-d6e8-aad3403a423a,4a8ff810-784c-2f29-9804-02a2b07aa066,COMPLETED,260.51,USD,0ba4e32b-4804-044c-82a4-e22ed7371450,2026-09-07 05:59:14,2026-09-08 14:55:14,INSERT,1723,2026-09-07 11:45:00
35eb728f-5775-0d0f-5256-e276fba75385,3ef527fe-45e4-307a-73e5-550db52f5f46,da330aa1-541c-dfcd-da0d-4a5f148f8b74,COMPLETED,882.08,EUR,5415c636-9979-ba46-f580-8b5975b568d7,2026-08-24 08:01:35,2026-08-25 01:52:35,INSERT,1724,2026-09-07 11:50:00
abeed5b2-d0e9-15d4-d503-72a8e47f9c7e,89e4ec28-13d8-8e04-a6b9-6653a62b3d30,d499da99-45c4-5a3e-e9da-484a80759f1f,COMPLETED,712.83,EUR,5a5ddcc5-1f98-2a0d-ac18-4ef971f71add,2026-08-19 14:58:06,2026-08-19 20:31:06,INSERT,1725,2026-09-07 11:33:00
d0f7c7b0-1708-0bbd-3106-e8ce5b9a289a,ebe0c8c1-ae38-cf46-47f8-6de4c227e0f2,560c95ee-638c-254c-076e-2bba7c5308bf,COMPLETED,673.97,GBP,cef44098-4d9d-1bb1-a00f-80d49d0a94df,2026-07-24 22:54:32,2026-07-25 14:02:32,INSERT,1726,2026-09-07 11:56:00
311d2ed4-463a-5bb6-c841-b6a8ba991da0,3a5bece9-db00-ab4c-91e5-2e86eefe02c3,7da67785-b63b-4dc3-a559-e46379e13cea,FAILED,132.14,USD,fdf0861e-05eb-074d-ad90-0360d900b745,2026-07-30 17:25:04,2026-07-30 21:52:04,INSERT,1727,2026-09-07 11:42:00
6b893000-eb1b-b47f-4726-9e7f0c05e009,b8a1e477-e240-e060-0b20-802fc24f3f4c,c56811cd-5563-f616-00e8-5ece0b49452d,COMPLETED,338.1,EUR,01521e60-50f5-3bd8-72e8-9652884c0a55,2026-08-16 03:36:46,2026-08-17 13:26:46,INSERT,1728,2026-09-07 11:36:00
eac032fa-130e-8618-f530-c98d6c7f7bef,fa647958-39c2-c1a2-bcc9-245cfd81fbc0,664fa663-7e8f-8095-624c-69b6b24445a7,COMPLETED,730.75,EUR,544810de-2a1b-76e3-3266-84ff3ffef652,2026-09-05 05:23:20,2026-09-06 20:26:20,INSERT,1729,2026-09-07 11:40:00
1ff49f0a-9435-0cb1-724a-f3fba016db34,704377c3-9e9b-e9e2-9997-496bc6978476,587ef344-6f3f-920c-98b8-e4cc1bc044fc,COMPLETED,850.32,USD,eaadcb2f-0f89-2df6-f97a-822c15e59a0f,2026-09-01 01:12:23,2026-09-01 17:22:23,INSERT,1730,2026-09-07 11:45:00
6248953e-7412-c272-02b7-1c519fbeffb3,997dcd9a-dd55-4b7d-3bad-3a0d693e5fcf,533420e6-d9d8-0b8d-7e8a-dee70758e201,COMPLETED,563.23,EUR,e143a0ad-6d98-567e-cb8f-e98176d6682f,2026-08-12 23:59:40,2026-08-13 06:32:40,INSERT,1731,2026-09-07 11:55:00
956b212f-4faa-0851-5b95-1652c11ea16b,835c3541-6f93-be2a-95a3-40d94fc9663f,63b4c08b-6b8e-869f-d538-5b0e34f3193c,COMPLETED,73.23,GBP,2547a8dc-c686-e251-8a88-64c7e29de722,2026-09-01 04:36:07,2026-09-01 07:37:07,INSERT,1732,2026-09-07 11:57:00
b11c7dff-b1dd-348c-79c9-1e00aaf8e1d5,576ff264-1182-e8e7-c907-0c973385db3b,fcd6bdca-5876-fd09-f1fa-f665711533f3,COMPLETED,583.69,EUR,b1420898-998a-05a8-77a7-aed0fb5f5290,2026-08-02 23:39:56,2026-08-03 13:20:56,INSERT,1733,2026-09-07 11:31:00
2f2aa5e8-667a-e277-348f-9ce0603bc183,54de2c80-d08d-13df-f3dc-d264c4b27b21,50fd9d3f-85d5-1695-90b2-b633956b8c0c,FAILED,443.06,GBP,5ce195be-01b8-c14a-fd68-a5d7d37a430a,2026-08-03 20:19:27,2026-08-04 12:39:27,INSERT,1734,2026-09-07 11:35:00
e9204a24-4304-93f0-d7c7-13b72d1368f3,322c3dae-2db4-e428-3ef7-839f8df4097b,5d59cd2a-4eea-04e7-0ab5-4bde20a04502,COMPLETED,319.04,EUR,ad6d84ef-d4d9-a0ae-055f-d8d119e79a3d,2026-08-28 09:30:19,2026-08-28 21:24:19,INSERT,1735,2026-09-07 11:30:00
ca226cfe-4b4f-8f74-8914-741cdabc47ce,965afd0f-9db4-02f1-c359-5dc20bd372a9,55cee5db-9e87-e04c-a208-6977a9f25336,FAILED,235.2,USD,0da26154-3f46-a43a-53e2-e04726087b53,2026-08-14 08:27:02,2026-08-16 03:53:02,INSERT,1736,2026-09-07 11:36:00
5fc57ff4-d7a9-98ea-ef7c-db39283edeec,6088825e-e382-6da1-6cce-4c234e55f3fe,4a15544d-c5e7-ce8a-3a57-8a8ea9488d99,COMPLETED,368.39,EUR,226378ab-15b2-c2b4-8cf0-f97b4128d40b,2026-08-15 10:42:41,2026-08-16 02:43:41,INSERT,1737,2026-09-07 11:49:00
d7b4db17-4b65-8517-1519-613ce6c71f15,136d6cce-a535-f9d7-43ff-fdea3bd9b015,da330aa1-541c-dfcd-da0d-4a5f148f8b74,COMPLETED,178.02,EUR,a4c688ec-8bf1-60df-8346-452b8073aa66,2026-08-12 01:29:39,2026-08-12 03:11:39,INSERT,1738,2026-09-07 11:31:00
482702f0-4caa-568b-c523-b4e9022f46bb,8b0a4802-bd64-e8d6-b757-ec69c09c3207,9261549d-3d22-5c30-b28f-41defb140bc3,COMPLETED,898.6,USD,ff310f21-c87b-17d9-58bc-e5e4d282d54d,2026-08-22 19:45:02,2026-08-23 05:10:02,INSERT,1739,2026-09-07 11:51:00
6dc56044-3016-b62b-d886-75455025ac18,5735773c-761e-6287-d07c-5e53b8f6703b,eb5cf467-80ba-cd64-7a0e-cfea958ca9ba,COMPLETED,686.71,USD,6aed979f-b2ac-4768-f122-4f43c5274f35,2026-08-21 23:54:31,2026-08-23 13:38:31,INSERT,1740,2026-09-07 11:58:00
083ed925-c90d-35aa-914c-c11c05f30bc5,5379f279-4cb5-0625-89a0-6a99b0c5d3d5,587ef344-6f3f-920c-98b8-e4cc1bc044fc,COMPLETED,691.3,USD,fa2c9e79-2758-4f1a-239e-5593ec11a44d,2026-08-26 18:58:17,2026-08-27 22:31:17,INSERT,1741,2026-09-07 11:47:00
b063e9a0-d393-daad-0835-075f2d798f3e,acc54c62-1ab4-44a7-2be2-6bd117deace8,610cf373-4299-9aa4-0cdf-742b2e85cb21,FAILED,807.37,GBP,2fcb0dce-06de-e37b-7d15-c3539a760ea9,2026-08-15 10:04:36,2026-08-17 05:42:36,INSERT,1742,2026-09-07 11:33:00
4f4c3f0b-34a7-3f9d-ded5-c01721433dfc,639509c4-119a-7396-be3e-9a907a6eaaa5,d47d577b-fa5a-91ca-059d-d55d4b943e30,COMPLETED,492.08,EUR,aa2fd9d1-b5ad-09f5-d161-a3816ea4b405,2026-07-29 21:01:33,2026-07-30 05:50:33,INSERT,1743,2026-09-07 11:31:00
286e3f0a-dedb-aec4-e2b2-de4b3d5cab0e,b2da61f7-64bf-c76d-1874-ed7d9190c53f,49bc473f-ed7b-f656-218a-15368c99a894,COMPLETED,181.43,EUR,89a92af3-a0ca-0f8e-e1ef-2dd3461633bc,2026-09-06 17:11:50,2026-09-08 14:11:50,INSERT,1744,2026-09-07 11:51:00
763f56ac-bfee-b533-acf5-9149b1c9d0dc,12bcf090-06d6-fba7-7650-9bcd0b6d35d7,9261549d-3d22-5c30-b28f-41defb140bc3,COMPLETED,202.49,USD,663b4427-bef7-110a-57f9-f3a761936947,2026-08-01 12:03:05,2026-08-02 05:19:05,INSERT,1745,2026-09-07 11:56:00
70cef646-274b-8b98-45f3-dc5aad68fb45,c37a927b-abe0-5b22-13dc-a1542b1fc2ab,4d6168bd-2def-e193-5c62-b3a23a3c563e,COMPLETED,672.47,USD,b6e3b91b-3777-d823-2d8d-7db85bab96cc,2026-07-30 12:38:48,2026-08-01 01:08:48,INSERT,1746,2026-09-07 11:39:00
fd42269c-0727-5940-6bf3-6656041b1878,3332432b-3d10-fa95-e8a4-42385fe8b710,4d6168bd-2def-e193-5c62-b3a23a3c563e,COMPLETED,837.36,USD,3130dc8f-d20e-0734-564d-46aa03ba33a0,2026-08-11 19:41:51,2026-08-12 09:28:51,INSERT,1747,2026-09-07 11:45:00
9fb886b2-a662-cb92-4748-ffb3d0a96757,10e67176-3858-3966-7572-56f63677f5b4,6601ddd0-3170-f437-a8f7-ef5a060edf5b,COMPLETED,30.54,EUR,e2ad828b-113c-9f25-0b3f-953a5e75788f,2026-08-25 05:57:24,2026-08-26 03:33:24,INSERT,1748,2026-09-07 11:46:00
7b6ce596-aa97-435d-d9ff-74ebfa5f9e72,b00832da-e24b-a9d4-c2ff-d690a2a6861a,715629ee-e893-be3d-7354-ea6f61607459,COMPLETED,312.2,USD,9bc8d6f6-0484-a1b3-55c9-74a411489054,2026-08-27 04:14:35,2026-08-27 13:19:35,INSERT,1749,2026-09-07 11:41:00
1fc22517-e593-562b-c249-f59a9dc906df,3b8c0f84-0367-1560-fd06-875bb462931f,ac1e86d8-bfbf-397b-ac3e-7b0d5e5ba13d,COMPLETED,463.01,USD,6db2094b-bce7-e298-3c84-78214f10b422,2026-08-24 14:20:37,2026-08-25 06:13:37,INSERT,1750,2026-09-07 11:54:00
c0241ac1-49d8-3188-d00d-cc4fa5e65ec4,fa41dd2e-cab2-1438-8557-ec6c0a23b722,63b4c08b-6b8e-869f-d538-5b0e34f3193c,COMPLETED,712.53,GBP,bb9d92c0-d8d0-b8db-3aa0-66940610c42d,2026-08-08 21:57:33,2026-08-10 17:54:33,INSERT,1751,2026-09-07 11:31:00
8c813e53-97b6-a461-2c76-04c1177d8b26,3447c34a-f032-c262-243b-7101fdf48930,715629ee-e893-be3d-7354-ea6f61607459,COMPLETED,65.85,USD,3451cf94-ee8b-46d3-cb94-6541d4cae432,2026-07-27 21:32:18,2026-07-28 10:41:18,INSERT,1752,2026-09-07 11:37:00
c2a49fd8-6ef5-4cee-bc24-3f9f9c014262,6c35e33c-70fe-05a1-7880-adc62af2b718,715629ee-e893-be3d-7354-ea6f61607459,COMPLETED,370.46,USD,cb26a809-f429-73f5-d1d1-8e0b27e7a6bd,2026-07-28 09:13:31,2026-07-29 09:46:31,INSERT,1753,2026-09-07 11:37:00
aa69b7f7-b28d-7cb8-073b-ca43ad2a3a7c,a1861de1-5c85-a58c-d029-0d6bebe55cc4,4a8ff810-784c-2f29-9804-02a2b07aa066,COMPLETED,440.4,USD,9afdd464-42e6-918c-25db-be8da5349425,2026-08-05 11:31:59,2026-08-06 04:04:59,INSERT,1754,2026-09-07 11:32:00
c6141017-11e1-21c7-18cc-84170067743e,d0fee4f1-2b1c-2d3d-fcad-b3fd01a4c2d1,505cc686-9f87-1ce7-5487-fd4febb7a385,COMPLETED,635.13,EUR,6ab62dbf-8663-e8bb-6af7-895bb241cfd3,2026-08-03 16:06:53,2026-08-04 19:17:53,INSERT,1755,2026-09-07 11:34:00
0ea761a6-9c5d-fb8d-60e1-2973660237ed,5c784ca4-f0e4-ca0b-3d56-3b0ed11ce5c8,3c07c574-4925-7af1-b6aa-e05b13d5f2f7,COMPLETED,899.51,USD,548b9bb7-df82-00b8-5b24-bb54f9ad97ae,2026-09-05 17:06:08,2026-09-06 16:32:08,INSERT,1756,2026-09-07 11:44:00
f521cf35-a358-c4d3-fc76-627b00cd11a8,a904babd-69c2-aa17-83d1-677a79a6ab72,df615a5c-b432-3070-a23d-4c2fc2a79689,COMPLETED,599.81,EUR,0441e22c-527a-9f7b-d007-cd41f122d458,2026-08-23 12:25:54,2026-08-25 11:16:54,INSERT,1757,2026-09-07 11:35:00
f47e3ca0-723f-d85a-e57b-084d2b0582e0,fcba6c80-8c7a-a939-ff0d-d3c2ac4dcd33,d47d577b-fa5a-91ca-059d-d55d4b943e30,COMPLETED,285.19,EUR,8a693650-a9a2-e9cd-7b6f-65df1d9d1d80,2026-09-01 04:21:48,2026-09-01 10:18:48,INSERT,1758,2026-09-07 11:50:00
ee892190-394b-5d35-df37-7ff855327432,172730d8-7df1-02c2-b9b4-c225a23036d2,2260e70f-e0cc-edc5-f05d-b76e1a84a51a,COMPLETED,832.01,GBP,99c6207f-ec81-4510-c42e-afc89372e80d,2026-08-25 19:20:10,2026-08-26 04:37:10,INSERT,1759,2026-09-07 11:52:00
4253fb27-393a-a0a9-3bbd-f80ccef66a14,f75c0751-8fd8-acb4-c8fb-2050a460cf44,e27a984d-6548-21d0-7fcd-9eb1a7cad415,COMPLETED,355.85,EUR,1c8390ba-1672-380e-4a7d-6fa11d9ddb86,2026-08-29 13:37:12,2026-08-31 15:07:12,INSERT,1760,2026-09-07 11:43:00
1b493710-38de-44f1-973d-18559a039d06,850e6d30-2055-adec-cbeb-b43fef15b821,4e7ed827-455a-c762-7428-a656b3ee4d3b,COMPLETED,721.82,GBP,da3465d9-89cd-90e7-025a-2dd465333140,2026-08-09 00:24:39,2026-08-10 01:20:39,INSERT,1761,2026-09-07 11:56:00
dd8cf1ca-ec54-12b4-0d74-fc38bc5882ec,399e4d08-cf77-98cc-ef36-feb1bb8f7b2b,55cee5db-9e87-e04c-a208-6977a9f25336,COMPLETED,205.34,USD,7ccd1ac6-db55-daf5-2dd4-450cc6aa7991,2026-09-02 16:33:20,2026-09-04 17:29:20,INSERT,1762,2026-09-07 11:57:00
fd0d4cb1-c916-7a93-ada6-3c4b1a1940e4,db2c1379-b9d8-59f5-5cba-d41002568225,d499da99-45c4-5a3e-e9da-484a80759f1f,COMPLETED,667.08,EUR,f34d4b13-6065-f5cf-25c9-78b5dbc21e42,2026-09-01 13:08:43,2026-09-02 02:30:43,INSERT,1763,2026-09-07 11:36:00
827ee0b2-e892-0b25-ab35-f75aa43366c9,1f3ec572-1527-b2ac-1ddb-4f151eb85863,d47d577b-fa5a-91ca-059d-d55d4b943e30,COMPLETED,343.24,EUR,92aef13c-963b-d564-05e5-14ff399557cb,2026-08-25 05:01:40,2026-08-26 11:25:40,INSERT,1764,2026-09-07 11:40:00
95b04f8a-d64f-10b5-84d6-b400105dd35c,87b3d329-cfec-1804-c891-c9c689529c51,e27a984d-6548-21d0-7fcd-9eb1a7cad415,COMPLETED,509.33,EUR,ca41e052-d19e-af98-b6b8-432989fab5cc,2026-07-25 11:00:22,2026-07-26 13:53:22,INSERT,1765,2026-09-07 11:40:00
23cd8a44-71e6-4bce-88ba-ef4aa8be8d1f,e79524eb-84fa-3889-f21f-9823f23b1efb,8c459ce2-67f4-8ad5-4d0b-0d1a91b0e1d9,COMPLETED,284.53,EUR,501c93a3-b1f2-2be5-7d8d-a92b93baf4a3,2026-07-24 12:05:58,2026-07-25 05:03:58,INSERT,1766,2026-09-07 11:32:00
42bb8f63-4145-8abc-8cc2-e0f013093c17,9f4fe355-baa6-961c-20e4-dbfe470367f7,fcd6bdca-5876-fd09-f1fa-f665711533f3,FAILED,540.77,EUR,29cf4c70-e756-41e0-a657-41db61bc7c56,2026-08-20 07:12:32,2026-08-20 21:57:32,INSERT,1767,2026-09-07 11:48:00
af194390-1c28-5022-880e-6ddd1fe72d21,13d8a6e6-3f5c-022a-9a86-013df6c9dd38,8c459ce2-67f4-8ad5-4d0b-0d1a91b0e1d9,COMPLETED,353.47,EUR,5450c61f-10e2-b676-6822-d1288c61e59f,2026-08-08 20:35:11,2026-08-10 02:12:11,INSERT,1768,2026-09-07 11:52:00
4830effe-dd8a-bf0a-9278-f380b3510ddc,8769ee24-1875-589a-7d57-a51fce8a5306,6f4cc69a-4b22-d308-1c8e-aee95715bd6f,COMPLETED,538.17,GBP,195c663b-9b82-f430-4563-cafe8d31df34,2026-08-28 20:33:46,2026-08-29 17:29:46,INSERT,1769,2026-09-07 11:32:00
f3dea9dc-469c-558b-496d-036a8092189b,cc68753e-5a9f-d637-fc7a-a2dc705faecd,8c459ce2-67f4-8ad5-4d0b-0d1a91b0e1d9,FAILED,422.85,EUR,b7ed70cf-f111-be9e-8545-b11f6d820335,2026-08-13 19:17:21,2026-08-15 19:32:21,INSERT,1770,2026-09-07 11:32:00
bade33a0-13a2-2a82-1458-771da27a2bda,d862042e-500f-86b1-c544-a04968115a5c,a5769411-a0a1-1839-e745-770418dfbc3c,COMPLETED,853.76,EUR,2a44da88-17f8-5f5b-f1e2-cce73d730c3b,2026-09-04 03:33:03,2026-09-04 09:30:03,INSERT,1771,2026-09-07 11:38:00
3e859c67-5855-e4a0-bfea-3d2a88c982ec,6ccb6ae1-b6d3-31ca-01dd-c628bef46f0c,3a9aca5e-1761-32ed-069f-14f140181c6e,COMPLETED,821.58,USD,f36c1c45-a942-b4d7-bd2d-fffffe85544c,2026-08-23 10:01:33,2026-08-23 23:00:33,INSERT,1772,2026-09-07 11:44:00
d9cc8656-8a03-be43-d4ec-05953ff09d13,e9fedd48-5684-7457-1cfc-df01f8401eea,bf780e3f-f6b7-51f7-9b74-92459b1bc895,COMPLETED,170.03,GBP,4a41aed8-1e2c-6d4b-db99-2f51c433b3bd,2026-08-17 13:18:30,2026-08-18 15:11:30,INSERT,1773,2026-09-07 11:33:00
0244e4d7-5ac2-a176-66ed-ef302fa80808,e3e3e73b-5987-5c7d-0151-ccb01b6f1a9e,fd5166e6-451b-4cf3-6123-fdf77656af72,FAILED,282.55,USD,329245ba-7df6-bc1d-6e49-28ac19f145cc,2026-08-15 20:21:04,2026-08-16 18:47:04,INSERT,1774,2026-09-07 11:37:00
bdecb67a-ec6e-8294-b9da-c7798079cdc9,532bd70a-209f-839f-b6dd-bd11ae864837,610cf373-4299-9aa4-0cdf-742b2e85cb21,COMPLETED,456.1,GBP,21a496a8-638b-9370-d35d-1936d7d2f88f,2026-08-17 05:48:19,2026-08-18 19:22:19,INSERT,1775,2026-09-07 11:46:00
fae96dd3-a220-9a31-b33d-9c7c4e733dcc,6844a0e3-615e-ca80-0d0b-6920dd460c91,c56811cd-5563-f616-00e8-5ece0b49452d,COMPLETED,195.69,EUR,6d134ea8-560f-c071-38c6-430f3b3ed7bd,2026-07-25 08:34:37,2026-07-27 02:40:37,INSERT,1776,2026-09-07 11:46:00
f2c5a2da-4094-4f95-2f51-aca66e4ff4a4,9b4503bc-e892-464d-47b8-85fa78d8cdd6,4a15544d-c5e7-ce8a-3a57-8a8ea9488d99,COMPLETED,206.54,EUR,4dea5200-5593-83cf-5d13-a9067dc4f12b,2026-08-29 15:42:07,2026-08-30 13:40:07,INSERT,1777,2026-09-07 11:58:00
9e7776ae-8bec-9a50-f11a-fc00132b4f36,eced9c30-721d-f83c-b464-99f43163b274,4d6168bd-2def-e193-5c62-b3a23a3c563e,FAILED,739.32,USD,796512e3-b9b0-94ac-4d2d-8efd57c8294c,2026-09-06 18:45:46,2026-09-08 15:26:46,INSERT,1778,2026-09-07 11:39:00
2101d598-f7ad-3965-b25b-56dc462e9af3,2abc42b1-0599-97f6-ca77-736e80fd963d,ac1e86d8-bfbf-397b-ac3e-7b0d5e5ba13d,COMPLETED,839.57,USD,90f0d47c-f4af-8005-0ba2-4c4f4a26eb59,2026-08-13 20:10:30,2026-08-15 07:56:30,INSERT,1779,2026-09-07 11:56:00
ca67d562-edba-84d1-e110-4d910244bc44,9794b389-37c2-3f27-9267-e7e628f5f5c2,533420e6-d9d8-0b8d-7e8a-dee70758e201,FAILED,181.98,EUR,b52f5e0d-80fa-3363-7497-c7d9834693d1,2026-08-06 16:18:49,2026-08-07 06:26:49,INSERT,1780,2026-09-07 11:32:00
58f34359-a60d-a1aa-005b-bf731dbe4a3c,35c0c003-d2cb-03eb-fd52-3fad3fbefe33,a5769411-a0a1-1839-e745-770418dfbc3c,COMPLETED,585.32,EUR,5e7e00e5-f8e3-51ea-9aeb-bc3ea1f78157,2026-09-04 21:33:53,2026-09-05 01:05:53,INSERT,1781,2026-09-07 11:35:00
61c9815e-b028-5484-beea-c4d3b8fc7513,95509b75-c7cf-b659-f063-6972c737327a,c56811cd-5563-f616-00e8-5ece0b49452d,COMPLETED,881.31,EUR,deba0297-41e1-5f65-a761-0e80f216880d,2026-08-19 14:06:11,2026-08-21 10:59:11,INSERT,1782,2026-09-07 11:51:00
8ad8c568-1b39-0777-caaa-4685f5266edf,03748864-9981-d28f-a09c-4325f047fbeb,1dde7969-6886-13db-a634-8e784d5c55c7,COMPLETED,255.54,USD,da4bdf2d-56a0-b8b4-d179-2ee0bc731d47,2026-08-30 21:15:07,2026-08-31 02:58:07,INSERT,1783,2026-09-07 11:33:00
0624ebdf-396c-8f79-e983-c62e004f5362,6a5018b5-d623-c671-e2ee-d64b82f47196,715629ee-e893-be3d-7354-ea6f61607459,COMPLETED,281.13,USD,25ba7795-62a8-76d7-6d58-bf633a0761d9,2026-07-29 11:47:18,2026-07-31 00:58:18,INSERT,1784,2026-09-07 11:36:00
49793220-d14b-c771-9ff0-287a4d334878,aad26db6-e4a3-5a10-2674-d1ff6cdcd3be,b535106e-122c-9a56-01d7-425638602ab6,COMPLETED,179.6,EUR,45665e79-1a9a-ab54-e01a-5b5e592fcdc6,2026-08-09 18:07:17,2026-08-11 11:04:17,INSERT,1785,2026-09-07 11:36:00
555df8c6-a2f8-7dea-cb22-eb8d9a0bd63d,b184071c-7b35-b9f9-6c80-423a7e8450d7,a0a04dc4-2720-9bdf-1c11-f735dc713d96,COMPLETED,330.3,GBP,a7698b2d-f1ab-f7a0-cd59-1b8c23627835,2026-08-30 18:14:36,2026-08-31 20:32:36,INSERT,1786,2026-09-07 11:51:00
ebc05f02-2233-212a-f526-4ea279533cb7,5cc624ef-0464-3f52-d9c0-99f6fe709416,7da67785-b63b-4dc3-a559-e46379e13cea,COMPLETED,22.52,USD,596ed71c-e94f-03ec-0f40-76a21c33345d,2026-08-04 22:01:11,2026-08-05 22:43:11,INSERT,1787,2026-09-07 11:31:00
1e032a65-2346-f26d-bf3b-16810e4d364e,35f2e254-3e14-4f6a-6bcb-b347e9b758ee,8c459ce2-67f4-8ad5-4d0b-0d1a91b0e1d9,COMPLETED,875.2,EUR,24a0aaad-b436-e8fb-b21e-afabf64909e8,2026-07-31 11:56:07,2026-08-02 01:35:07,INSERT,1788,2026-09-07 11:51:00
4cac895c-f2e2-503a-b2d5-15d18706f724,23de67fc-be59-d035-7842-80712eb35f6a,43e42caf-8181-a8cc-3691-47eb89a2688b,FAILED,151.75,USD,565bb785-b8f9-85fc-6959-8983785e02ee,2026-09-02 20:15:51,2026-09-04 00:41:51,INSERT,1789,2026-09-07 11:39:00
6c99ce56-a58a-abb5-5f19-30e0cda7a451,2a31edfd-6166-7c7c-d3c6-e5a067b4a019,533420e6-d9d8-0b8d-7e8a-dee70758e201,COMPLETED,594.38,EUR,1ab9f662-1bc0-2912-4519-72c431d9dd32,2026-08-16 16:13:48,2026-08-17 13:36:48,INSERT,1790,2026-09-07 11:43:00
142925a0-768e-212d-aeb0-0fb926cb2e99,4a454398-0993-96ff-da1e-72b2de6a7c6e,6f4cc69a-4b22-d308-1c8e-aee95715bd6f,FAILED,439.72,GBP,f3ebe658-17e1-e8f6-a03e-7003e29cb897,2026-09-01 03:29:16,2026-09-02 05:35:16,INSERT,1791,2026-09-07 11:49:00
a0b6d265-9120-6a37-2703-c75df540838e,9b5c4b58-9c42-5665-ff3c-03a6357544ee,8c459ce2-67f4-8ad5-4d0b-0d1a91b0e1d9,COMPLETED,361.12,EUR,ce028d60-18ef-9a28-7f5d-a7f8fe914b95,2026-08-31 01:58:45,2026-09-02 00:36:45,INSERT,1792,2026-09-07 11:46:00
e023282a-e09d-d9e8-4348-a88773393f5d,69c718ee-aea4-b7d6-155f-a2f45fa9b21a,fcd6bdca-5876-fd09-f1fa-f665711533f3,COMPLETED,857.8,EUR,9ee08a70-0aec-c94d-aebb-f69ffdc2705c,2026-08-18 09:04:53,2026-08-20 03:43:53,INSERT,1793,2026-09-07 11:38:00
bb55cfa3-2e26-6519-15f8-77681bef39f1,d17b6fc6-e66e-b0e2-88fd-5890a479dce2,50fd9d3f-85d5-1695-90b2-b633956b8c0c,COMPLETED,429.97,GBP,ec285a93-f5a4-f270-eade-ae691bbcb748,2026-07-29 00:56:20,2026-07-30 00:46:20,INSERT,1794,2026-09-07 11:33:00
ca208c07-5c8a-ca1b-cefc-0e85efbbd216,615a58bd-c632-554b-99e0-3598fce12a25,b535106e-122c-9a56-01d7-425638602ab6,COMPLETED,520.02,EUR,36a2bf69-7931-5fc6-fa82-f65d6e1babe2,2026-08-03 20:42:38,2026-08-04 18:34:38,INSERT,1795,2026-09-07 11:51:00
30efcbd3-f3ce-f8b7-35b3-0874591c228f,60a78c20-99d7-6c9c-2a85-98d1c63e0e47,6f4cc69a-4b22-d308-1c8e-aee95715bd6f,COMPLETED,632.87,GBP,f481b9cb-93ab-8d5e-adfc-1dc4f8c43f7a,2026-08-02 14:38:10,2026-08-03 19:20:10,INSERT,1796,2026-09-07 11:48:00
2ba009ec-55c8-7441-5145-c6f899960a38,d1edc618-84da-c679-d113-b5ffd73cad84,ac1e86d8-bfbf-397b-ac3e-7b0d5e5ba13d,COMPLETED,715.65,USD,6e15c527-fe2a-0cbc-927a-e04ef58b8c61,2026-07-25 18:34:47,2026-07-26 05:03:47,INSERT,1797,2026-09-07 11:57:00
c8c6a8b1-93b1-ee1d-a1a6-1f321e4dacd6,20572e73-cd19-9b5e-b5c4-3078197df05f,49bc473f-ed7b-f656-218a-15368c99a894,COMPLETED,404.91,EUR,a097efe3-c31d-b215-d7d0-dc99645ae8ee,2026-08-18 14:40:17,2026-08-19 01:29:17,INSERT,1798,2026-09-07 11:59:00
5c8488db-d839-40c9-7e86-d7f813cf44fe,2e3d9de2-e504-d1c6-4312-153d484f7f7c,d47d577b-fa5a-91ca-059d-d55d4b943e30,COMPLETED,114.23,EUR,640b7b85-353d-aedc-d69b-deb1e9a7f5e0,2026-08-22 10:16:02,2026-08-22 18:39:02,INSERT,1799,2026-09-07 11:56:00
2700260b-c2ce-56bd-8301-b3a6849b50bc,89344b06-0790-eeb4-9b2a-1376315e4e80,610cf373-4299-9aa4-0cdf-742b2e85cb21,COMPLETED,835.39,GBP,1d62c6b5-5d69-7934-ddeb-78a4375fdd57,2026-08-29 12:08:21,2026-08-30 05:31:21,INSERT,1800,2026-09-07 11:37:00
d895ccea-afe2-ff5c-32a8-07cc2c471336,316c00bc-ec1f-0155-6662-9bd2f243b5c6,533420e6-d9d8-0b8d-7e8a-dee70758e201,COMPLETED,403.73,EUR,f63d3295-47f5-0a35-b7a7-45e2e327119f,2026-09-01 18:34:01,2026-09-03 04:25:01,INSERT,1801,2026-09-07 11:34:00
1d59b308-07aa-2515-65f7-6d065a2d465b,a52523e3-e093-97d5-d3a1-b88a9a980457,63b4c08b-6b8e-869f-d538-5b0e34f3193c,COMPLETED,380.63,GBP,6dec4b0d-529b-3b96-cf1d-46be2e0e343d,2026-08-05 18:50:25,2026-08-07 10:54:25,INSERT,1802,2026-09-07 11:44:00
da52d2ee-22bf-18f5-1f65-2a87333ee344,b1a8b71f-491b-90e9-9ca3-fbb3ff11c8ba,533420e6-d9d8-0b8d-7e8a-dee70758e201,COMPLETED,412.72,EUR,e60fd420-2c33-350c-73b9-11d812f5131a,2026-08-06 03:15:34,2026-08-08 03:19:34,DELETE,1803,2026-09-07 11:52:00
