id,transaction_id,state,amount,currency,recipient_id,recipient_account_id,provider_name,created_at,updated_at,_cdc_operation,_cdc_lsn,_cdc_loaded_at
92ec89af-13ae-c376-c359-810a71a6014c,f31046dc-6202-bee6-5cb5-e69c5dc7b3e6,COMPLETED,127973.84,KES,ddf275eb-e8a3-f341-c881-9065ba2c98ce,75424646-4d37-a539-857d-d3b3a8addf36,THUNES,2026-07-27 18:19:57,2026-07-28 10:26:57,INSERT,1804,2026-09-07 11:41:00
1679742f-ff4c-96d6-71f2-ce8fb69f68c3,b1a8b71f-491b-90e9-9ca3-fbb3ff11c8ba,WAITING_ON_PROVIDER,862584.8,NGN,8ed6ad5e-1831-8aa3-5466-9d1910df9974,4082cbb9-48bd-db3e-62f5-df2badaa44ca,CELLULANT,2026-08-06 03:15:34,2026-08-08 03:19:34,INSERT,1805,2026-09-07 11:44:00
c4e7f7dd-6929-de73-8693-fd9d7a89cbeb,2138afe0-8d38-bbd8-fba6-abf7cdbcc653,COMPLETED,1137312.0,TZS,39681c81-7b70-c3b8-a81f-dec3279c658a,d86a6460-59a1-120e-1bb4-3332d8e7012f,TERRAPAY,2026-08-20 09:28:54,2026-08-22 00:33:54,INSERT,1806,2026-09-07 11:52:00
143029a9-d88f-1c94-48b7-63d5e519dd7e,5894f7f1-39b8-6bb2-b596-ca7cef4afa88,COMPLETED,697253.7,TZS,56ab087a-8bc7-8e81-5a30-45280b599562,d49405f0-2cd2-a404-a48e-40f1d0421dfa,TERRAPAY,2026-08-08 06:19:50,2026-08-08 17:34:50,INSERT,1807,2026-09-07 11:41:00
35f789bc-a6b0-7458-43c0-7d4393a74792,90494583-ec86-a890-d7b0-0bdc566e3cbe,WAITING_ON_PROVIDER,3491030.4,TZS,15b02530-f020-e992-b576-255e98549f22,a4bbf962-606e-0e1c-8f15-84494f40c22f,CELLULANT,2026-08-23 19:34:15,2026-08-25 20:46:15,INSERT,1808,2026-09-07 11:46:00
f9b21e6e-586a-346a-dc5b-e7d1fcef1972,76e5ae78-7bf7-e1d3-6a66-2fce7089fc6d,COMPLETED,383961.6,UGX,a2bb522b-0b25-1279-785a-c5d0df92a621,40ef3935-5f90-bed6-fb25-664d630aa767,TERRAPAY,2026-07-28 01:01:11,2026-07-30 00:02:11,INSERT,1809,2026-09-07 11:38:00
7faeb748-7781-321e-83c5-01cbfef7d9ea,28e213bc-e6fd-d7af-dd84-caccf6729464,COMPLETED,83217.42,KES,21bddb41-0699-8731-ddcf-8766a93b12cd,c9d6a63b-ca3c-6f5f-5bb5-c40c03cde2e3,TERRAPAY,2026-09-04 10:49:25,2026-09-06 04:50:25,INSERT,1810,2026-09-07 11:51:00
62e7c1a6-12d2-fa06-49e1-cd138da00495,5da39a73-ba3d-f7ff-43b4-7ee5e1e89e7e,COMPLETED,1916256.0,UGX,5cd33369-04aa-c1b7-5ca0-c428822c4d32,36d55494-f37f-d50d-2e25-b5ee4f11d8dc,CELLULANT,2026-07-24 21:31:38,2026-07-25 04:52:38,INSERT,1811,2026-09-07 11:56:00
554227de-b6ad-f48b-2314-d0c809f64405,0a4e2552-8005-1b10-66c1-4dca8255da61,COMPLETED,41863.96,KES,11536e99-5c50-8720-f982-f4e08603156a,81e03a5e-8b48-f496-86ab-d4e7f4124360,TERRAPAY,2026-08-30 03:35:53,2026-08-30 13:26:53,INSERT,1812,2026-09-07 11:35:00
ba370623-bc5f-d4dd-d92f-3c1edf70fb2a,26c432f6-6b35-2f85-504e-268770e7e756,FAILED,34102.04,KES,ddf275eb-e8a3-f341-c881-9065ba2c98ce,75424646-4d37-a539-857d-d3b3a8addf36,THUNES,2026-08-27 12:09:57,2026-08-27 19:40:57,INSERT,1813,2026-09-07 11:33:00
476cf68c-3f1b-e0d0-f514-105831383975,9c2dfa97-43ad-3d62-b17c-fb21cdbc2c1c,COMPLETED,3862934.4,UGX,46510367-cbdc-4318-4d85-a3d2a1a27485,81e0d489-5a18-e2a3-0e61-4bcd97674900,CELLULANT,2026-08-26 07:26:38,2026-08-28 08:39:38,INSERT,1814,2026-09-07 11:37:00
ec8be537-58ab-4778-143b-45e3b6d1f6bb,d1812f77-6500-1423-faeb-cd19e5508ea2,COMPLETED,2390448.0,UGX,bff9507d-cd14-a03e-8359-9af65d01f55f,07f8d4f0-f3ea-0184-28f4-e3ceadedda80,TERRAPAY,2026-08-21 08:08:56,2026-08-23 06:20:56,INSERT,1815,2026-09-07 11:44:00
286ed390-edd9-7a1a-fa58-5b278ce3e7c3,69ce1e4e-19a6-92c9-0d70-0ea43b9b2d45,COMPLETED,937751.1,TZS,15b02530-f020-e992-b576-255e98549f22,a4bbf962-606e-0e1c-8f15-84494f40c22f,TERRAPAY,2026-08-26 00:24:47,2026-08-27 12:40:47,INSERT,1816,2026-09-07 11:42:00
ff46a6bf-094d-916d-eb6d-2fedef158d5b,d66d4627-e1da-ce6a-6afa-828c2cd10b9f,WAITING_ON_PROVIDER,2034390.8,NGN,fcce96f6-250a-4578-fbe9-4499dbc080fd,cc6b66e5-402a-df9c-8a4b-8f7c21472a15,TERRAPAY,2026-08-28 14:29:35,2026-08-28 17:02:35,INSERT,1817,2026-09-07 11:40:00
b7f60cdf-41dc-1c60-a5f6-0735757b6b29,d9df0d0e-225a-ed6c-f045-8043e3a68a70,COMPLETED,2310720.0,UGX,bff9507d-cd14-a03e-8359-9af65d01f55f,07f8d4f0-f3ea-0184-28f4-e3ceadedda80,THUNES,2026-08-24 15:10:59,2026-08-26 04:16:59,INSERT,1818,2026-09-07 11:33:00
42c2d2eb-01bf-9e73-3f80-0385ef9240b6,7a3a6e96-23ff-23d3-fb4f-b88a2f4dd219,COMPLETED,110524.43,KES,beed10b6-4f6e-274b-deda-b0276550f74a,c77444cb-5543-fc3c-38b8-f24e56ea57b3,TERRAPAY,2026-07-28 17:03:24,2026-07-29 20:25:24,INSERT,1819,2026-09-07 11:41:00
22319050-f515-9494-3818-cfd33889936a,b41c504f-e346-f415-e526-7a2bec50ace4,COMPLETED,1185106.0,NGN,c9776598-203c-8c25-fd23-5def3e5a87e3,d46ef104-1190-6f50-3488-5a4690882eaf,TERRAPAY,2026-08-01 06:05:00,2026-08-02 09:46:00,INSERT,1820,2026-09-07 11:47:00
929c93b3-33c0-8bf1-8167-999fe723ada3,0fcf601f-1cb9-b73a-906d-5c8cead08c89,COMPLETED,1624176.0,UGX,5cd33369-04aa-c1b7-5ca0-c428822c4d32,36d55494-f37f-d50d-2e25-b5ee4f11d8dc,CELLULANT,2026-08-19 03:21:58,2026-08-21 03:24:58,INSERT,1821,2026-09-07 11:40:00
6c776e95-0b98-1ccd-12b2-102d940c3503,ac3a812f-765e-6cb5-8f0d-55400ec7d662,COMPLETED,2228054.4,UGX,a2bb522b-0b25-1279-785a-c5d0df92a621,40ef3935-5f90-bed6-fb25-664d630aa767,TERRAPAY,2026-08-18 09:58:37,2026-08-19 14:20:37,INSERT,1822,2026-09-07 11:43:00
ba54e920-2099-d180-8762-3997649f7d88,dfe2c0a0-a96b-3c42-f6d2-2a7baec76a82,COMPLETED,75197.26,KES,5cae9610-c72c-1fe3-72c2-2a1679eb4168,73b6a09b-1bea-f6ac-97fa-7f0483639007,THUNES,2026-08-15 06:35:01,2026-08-16 08:22:01,INSERT,1823,2026-09-07 11:32:00
0e731dd7-c6ac-1b04-dd1d-6cd1c11f6bf5,b40a9181-ac09-bdb7-9908-6e477249f62c,COMPLETED,1790811.0,TZS,9d642932-0066-853d-6de2-99a14a90cd0c,6aa42c9f-9217-0475-3d95-9e3f5a5226e6,THUNES,2026-07-27 18:23:58,2026-07-28 01:17:58,INSERT,1824,2026-09-07 11:30:00
61935990-abdd-1a8f-a4b0-5c89f10bce9c,e95d2761-bc36-dc59-e134-edfc97777f10,COMPLETED,2692324.8,UGX,61c2645a-c733-2304-4822-3120c4f9eccd,f75d599f-6b2d-5b09-8707-9ad480be7e35,CELLULANT,2026-08-06 20:34:39,2026-08-07 00:44:39,INSERT,1825,2026-09-07 11:38:00
b97e6224-891f-6912-17ab-b8635efeef4f,636f6e5c-2253-e706-87ad-8b268eaa5841,COMPLETED,1656135.0,NGN,ee4a9b5d-5195-54e3-0737-4c86397b5f51,a663d2cd-b6f6-dbf1-d6d4-41cc195d82f8,THUNES,2026-08-20 19:13:37,2026-08-21 23:24:37,INSERT,1826,2026-09-07 11:47:00
775c30b5-6173-0c48-4876-9153c68813fe,3e1a963e-ea18-d32c-7a9a-8ef5c11bd1c4,COMPLETED,2234925.0,TZS,4169b9fc-c3a0-0c6f-2321-d1e1c47104c0,01fa964e-1eb7-4b56-53ff-d3a24a193501,CELLULANT,2026-08-02 17:23:37,2026-08-03 01:24:37,INSERT,1827,2026-09-07 11:58:00
3ae28023-5472-0d2d-3239-9ffb27046f25,255b30e2-bdc2-b74b-38a5-6b49dd34aa18,COMPLETED,289104.0,UGX,e7b7b4c6-d631-2a80-1c61-2ec210142131,04351b64-893a-d232-98c3-e3ca7ff4cec6,TERRAPAY,2026-08-08 16:34:50,2026-08-09 20:50:50,INSERT,1828,2026-09-07 11:40:00
ab102c9b-d168-2e09-f1f7-d90413075157,2f1dc121-7d02-4c6d-8bea-75c1b86677aa,COMPLETED,613288.5,TZS,72d78bdd-7817-99ff-b49e-04ccc24369e7,144823f7-e7e6-46c7-0158-24639d8776a0,THUNES,2026-08-29 01:44:29,2026-08-30 01:47:29,INSERT,1829,2026-09-07 11:56:00
446f64dd-5abc-a6e5-d0b1-e3eb409e7a80,2de46e91-e8e6-e840-f090-f5a0ce610199,COMPLETED,3237432.0,UGX,a2178f84-bdb0-25ff-2451-e5a411d059b2,bf012e32-177d-6e7e-07d9-24cef8c88fae,TERRAPAY,2026-09-01 23:23:48,2026-09-03 23:02:48,INSERT,1830,2026-09-07 11:41:00
1869a217-f94d-8fcb-dba3-496ffa323f69,b3eda8f1-026b-5383-a301-ec030e5d8c6a,COMPLETED,962122.0,NGN,72ecf16e-c8a7-23e9-bfa0-16c2c09cb506,4f3949a8-3d3a-2582-88b4-f4743be79df4,CELLULANT,2026-08-11 21:52:28,2026-08-12 23:37:28,INSERT,1831,2026-09-07 11:33:00
bed63da0-8033-f5c2-1413-d64db962c8a7,ad5229dd-639f-c471-d975-0f00d5aba8ae,COMPLETED,42039.03,KES,ddf275eb-e8a3-f341-c881-9065ba2c98ce,75424646-4d37-a539-857d-d3b3a8addf36,TERRAPAY,2026-08-01 09:16:05,2026-08-02 23:46:05,INSERT,1832,2026-09-07 11:34:00
b630794d-6147-adeb-277b-06674499d0a6,614c721d-a921-cb4c-95fb-e976ae007b7e,COMPLETED,1716128.7,TZS,7e7e7419-a0c1-4035-c5d9-5f51f387e1bd,c2874f06-9050-f7ef-c123-5c9176c5a0dc,CELLULANT,2026-08-20 08:20:08,2026-08-21 09:58:08,INSERT,1833,2026-09-07 11:39:00
6346d4ef-69ef-74e3-4ab6-821c0328c136,16f142a2-06b9-19aa-1a71-67c768759545,COMPLETED,109002.46,KES,5cae9610-c72c-1fe3-72c2-2a1679eb4168,73b6a09b-1bea-f6ac-97fa-7f0483639007,THUNES,2026-08-15 06:56:26,2026-08-16 20:58:26,INSERT,1834,2026-09-07 11:56:00
22af711f-1b62-8a9d-7536-6b9f320f72c0,13b11e59-c85c-d714-7bf6-95524cbc9044,COMPLETED,1387848.0,UGX,a2178f84-bdb0-25ff-2451-e5a411d059b2,bf012e32-177d-6e7e-07d9-24cef8c88fae,TERRAPAY,2026-08-01 14:48:38,2026-08-02 20:29:38,INSERT,1835,2026-09-07 11:41:00
47c1c017-6045-2909-536d-47d73e0f84ce,65f30779-f6ee-5cdb-2d79-a2d1506e50c7,COMPLETED,411207.5,NGN,0c3ce284-c7e5-3bbb-dcb5-1c535b62a8df,45f18619-54f9-0429-a7de-02ccdda4f4a7,TERRAPAY,2026-08-22 18:47:31,2026-08-24 18:15:31,INSERT,1836,2026-09-07 11:56:00
b39e4df2-5c0a-1feb-f7ea-e66eca6caf9b,8b2c550a-6b15-c11b-b113-d50bdea050c6,COMPLETED,3996864.0,UGX,5cd33369-04aa-c1b7-5ca0-c428822c4d32,36d55494-f37f-d50d-2e25-b5ee4f11d8dc,CELLULANT,2026-08-19 10:34:59,2026-08-20 21:10:59,INSERT,1837,2026-09-07 11:56:00
f0d0270f-d4d1-3d55-1db6-b84415fa9483,2697384d-801e-8690-b0c0-7fcc96add4df,COMPLETED,115443.9,KES,fdb1429e-7010-ed13-b526-b22d3f6c21f7,9c1c3517-85d2-d0a6-8629-5b5d707df251,CELLULANT,2026-08-12 11:42:15,2026-08-13 19:19:15,INSERT,1838,2026-09-07 11:35:00
28fea761-8d49-fe3f-2ca8-f78384182d35,57d3f4dd-d963-dc72-05c8-234b1d763a66,COMPLETED,133032.24,KES,808389c8-657e-01c9-0da2-3e5c6a36af18,fe9936a3-62db-c850-3c5b-f3a75fbbf0b1,TERRAPAY,2026-08-08 01:49:58,2026-08-08 04:53:58,INSERT,1839,2026-09-07 11:52:00
327375bf-5373-bf4d-5da4-9cb92fdc9992,c0986750-4741-9b48-34ae-4abd36fce0ac,FAILED,49992.8,NGN,be4969ec-6667-d3bb-e3b5-63606fdc0bad,62fb26d7-f4db-ca07-e506-f6707092947d,TERRAPAY,2026-08-14 08:27:55,2026-08-15 11:00:55,INSERT,1840,2026-09-07 11:48:00
b1850eb8-5f90-fc87-2edc-017e1df05d18,eb2ec80e-4c25-5823-ccf4-ffb0b4bba73f,COMPLETED,1538428.1,NGN,0d6a05b3-43ef-2016-2c9b-662e040a3aae,86ad8a8c-6bc4-123e-bde1-3c1b20733f6d,THUNES,2026-08-23 11:16:46,2026-08-23 23:03:46,INSERT,1841,2026-09-07 11:41:00
02740f73-f3ab-ea0d-5be9-fdb3dd92dd7c,9e91a71c-7374-ccbf-d78c-57d3508850d3,COMPLETED,272574.0,NGN,72ecf16e-c8a7-23e9-bfa0-16c2c09cb506,4f3949a8-3d3a-2582-88b4-f4743be79df4,TERRAPAY,2026-08-17 06:28:27,2026-08-18 02:12:27,INSERT,1842,2026-09-07 11:38:00
2b0fbe44-49e6-4c22-89a0-b7eb398f569b,085eb489-4ac6-6780-3874-9f3cc2d49b56,COMPLETED,294278.4,UGX,a1b970d0-7a81-04de-b205-07bbfb16f757,10275b53-2285-b2ef-cfbe-4fe92ea9c542,TERRAPAY,2026-07-28 12:19:05,2026-07-30 02:55:05,INSERT,1843,2026-09-07 11:37:00
0f321333-ce31-5937-34fa-32b6d0437e4c,59c2f153-b06b-0f0c-9682-2e22bcd4344f,COMPLETED,1080763.2,UGX,88575117-6155-4667-2112-507c2cfa55b0,8f0881ee-8011-316b-3ae8-8926b423ccde,CELLULANT,2026-08-31 03:40:34,2026-08-31 19:51:34,INSERT,1844,2026-09-07 11:31:00
ad1db537-d7f3-4368-c2ef-eecb3f5fbf4f,a7e8d18e-ddf6-d4ac-46fe-acd4fe1393cd,WAITING_ON_PROVIDER,3554350.8,TZS,80599b93-79c2-d2e4-9ae1-a991524f93ff,73557b9d-0fd6-f47e-f52d-4af2269ed4c9,TERRAPAY,2026-08-31 15:23:47,2026-09-01 19:29:47,INSERT,1845,2026-09-07 11:40:00
c62dbaea-de70-bd30-00a2-136794fb09f0,7cf07bb3-f343-d9eb-7466-ef025e7b72c8,WAITING_ON_PROVIDER,2084630.6,NGN,fcce96f6-250a-4578-fbe9-4499dbc080fd,cc6b66e5-402a-df9c-8a4b-8f7c21472a15,CELLULANT,2026-08-07 00:09:23,2026-08-08 23:35:23,INSERT,1846,2026-09-07 11:46:00
aebbb90e-e4e7-51de-57ff-51d9c9ce44bd,da385db5-90ee-b067-216e-9fe593f37596,COMPLETED,662989.8,NGN,3dba6da8-5844-f9fc-114b-9547c9dc72b8,1a89b71e-a0d5-72c8-a837-fe68bba205ca,THUNES,2026-08-09 04:09:54,2026-08-09 23:31:54,INSERT,1847,2026-09-07 11:33:00
0260a123-71ef-e72a-ae13-591e84fa4c72,1758d47e-a7cd-e143-6de2-14293bf0d9c1,WAITING_ON_PROVIDER,104859.15,KES,66d06371-d8e8-8ebb-7a9e-8eefffa361be,7d824264-1ba3-62e7-afa4-15e56d204496,THUNES,2026-08-08 07:56:38,2026-08-10 09:30:38,INSERT,1848,2026-09-07 11:47:00
70aa5b0d-2a03-8ad4-a667-b9829c3de1b0,dfdf0e05-c0ce-f31b-d038-e153c601818b,COMPLETED,510632.1,TZS,eada79a3-4970-ed9a-09ce-3cfb2339ba19,d4c3a832-b231-c60b-78f2-ce6bd46b415d,TERRAPAY,2026-08-11 08:14:25,2026-08-12 04:40:25,INSERT,1849,2026-09-07 11:37:00
6449cb6f-bf72-ae52-304b-237082701238,b0c30a59-f0f7-ad22-c76a-8e0f48f091f0,FAILED,1243816.0,NGN,72ecf16e-c8a7-23e9-bfa0-16c2c09cb506,4f3949a8-3d3a-2582-88b4-f4743be79df4,TERRAPAY,2026-08-22 16:12:52,2026-08-24 09:10:52,INSERT,1850,2026-09-07 11:36:00
431e930f-0387-f74d-1149-d096965d744f,8bde005b-5d8b-abd7-6bbd-b66f91816091,COMPLETED,2822397.6,TZS,541c7a86-3ba5-cd2f-dea4-5c19d0243d72,e68933a9-c9e4-8e8c-25c6-1c45c63d04ee,THUNES,2026-07-30 21:46:16,2026-08-01 00:11:16,INSERT,1851,2026-09-07 11:58:00
b2dc6c34-4f67-448e-10ec-eb1fa4a5c736,27c6cbb1-cedd-069d-f96c-9a0a3404c02a,COMPLETED,1160776.5,NGN,632dbb5e-486b-b6bf-eafd-e7d95f733a3e,adcc3daf-569f-3ab3-c643-530068a51c68,TERRAPAY,2026-08-08 13:04:03,2026-08-08 18:28:03,INSERT,1852,2026-09-07 11:48:00
44cdbfdd-df9b-141e-c7f7-bda1bff15840,58c1aad6-f3f8-dea4-7f14-eafa29f0ef7c,COMPLETED,3365049.6,UGX,61c2645a-c733-2304-4822-3120c4f9eccd,f75d599f-6b2d-5b09-8707-9ad480be7e35,CELLULANT,2026-08-27 20:45:50,2026-08-28 06:08:50,INSERT,1853,2026-09-07 11:39:00
e9f87970-cd98-f9e2-8d88-8beb090d9655,0bc57207-3e9a-ec86-0325-4fbddce8e1c5,WAITING_ON_PROVIDER,213262.5,TZS,5e0a72ab-7f5d-b163-b12b-66807f072cb9,4447ceab-84ef-4324-cc1b-4157ec9f9c54,CELLULANT,2026-08-18 04:49:26,2026-08-18 05:00:26,INSERT,1854,2026-09-07 11:34:00
335f2f59-5e71-7fca-020a-449774ed5145,e0827f76-11a5-29b4-66a3-02d6f43e8c48,COMPLETED,1846807.6,NGN,0d6a05b3-43ef-2016-2c9b-662e040a3aae,86ad8a8c-6bc4-123e-bde1-3c1b20733f6d,TERRAPAY,2026-09-01 13:07:18,2026-09-03 00:20:18,INSERT,1855,2026-09-07 11:45:00
34879e41-1a9c-672a-4eb9-047dba2ac3d9,b186a5a8-d6ee-526b-a2cd-159058af393c,COMPLETED,48271.08,KES,11536e99-5c50-8720-f982-f4e08603156a,81e03a5e-8b48-f496-86ab-d4e7f4124360,CELLULANT,2026-08-13 09:43:36,2026-08-13 11:21:36,INSERT,1856,2026-09-07 11:32:00
459ee674-73e7-f042-516c-3b0a53853918,4aab47b2-3c9d-128a-2176-1930f6d70248,FAILED,1329174.0,TZS,692e07b6-0b2f-6d5c-700b-5d5fb89f72f3,3ccec76c-b836-c448-ad26-1ec55d42b9e9,THUNES,2026-08-21 01:33:32,2026-08-21 05:49:32,INSERT,1857,2026-09-07 11:45:00
4de1087b-afa1-4a55-cebe-abaa28597b34,1eb2a7b8-da3c-45ca-43d7-8f2b769de1e3,COMPLETED,89594.51,KES,87d5b7be-1d30-d990-a21b-030782af085c,c6b6e4ad-e7ea-8d5a-31a3-ac4d828c37e7,CELLULANT,2026-08-30 21:30:26,2026-08-31 11:41:26,INSERT,1858,2026-09-07 11:41:00
38e7e019-fb89-86c8-c7ec-fe71d49347fc,3ff6579e-8cd4-b90a-bf82-11bc8e52fc42,COMPLETED,1466895.0,NGN,c9776598-203c-8c25-fd23-5def3e5a87e3,d46ef104-1190-6f50-3488-5a4690882eaf,THUNES,2026-07-26 00:12:47,2026-07-27 03:49:47,INSERT,1859,2026-09-07 11:32:00
260cb547-e228-0fe3-722d-ce1347a48c42,078c26ce-7f02-23bc-651e-a252b9744cde,COMPLETED,2118230.4,UGX,a446be72-364c-911a-a9ab-364a1777e8cb,0577aea9-f899-9246-98de-8ebba3b5cece,THUNES,2026-09-07 08:41:29,2026-09-08 23:52:29,INSERT,1860,2026-09-07 11:43:00
98dc9e0b-51a1-f5df-06ac-10102e0869c1,636cf499-5254-aad3-809c-d83990ce82e8,COMPLETED,69229.88,KES,11536e99-5c50-8720-f982-f4e08603156a,81e03a5e-8b48-f496-86ab-d4e7f4124360,THUNES,2026-08-31 10:26:16,2026-09-01 19:32:16,INSERT,1861,2026-09-07 11:58:00
bcf474aa-ce63-cb1a-5168-bbf297af5bde,d8b48ead-9360-8edf-382b-5b86f2a32efd,COMPLETED,3655660.8,UGX,61c2645a-c733-2304-4822-3120c4f9eccd,f75d599f-6b2d-5b09-8707-9ad480be7e35,CELLULANT,2026-09-02 03:02:28,2026-09-02 06:52:28,INSERT,1862,2026-09-07 11:47:00
cd6bb03b-eb35-37a0-2d6e-0291b7893986,86c5547c-051a-0039-3803-dcee9a069295,COMPLETED,333264.0,UGX,f4488385-8de7-ad6c-9490-77c27674456f,0a8076ec-e558-2e16-bd29-ede9cab4923b,TERRAPAY,2026-07-26 08:13:51,2026-07-26 14:23:51,INSERT,1863,2026-09-07 11:33:00
5176a9d1-9a36-24d6-2e9c-e8ff084a3c4b,f2e3c6f0-0075-d3d5-ba94-aa662d7e4a45,COMPLETED,59884.11,KES,cfd01cbd-5f65-c8ce-bd21-bc11be9d61ee,96229348-0f5a-e9d3-8e6e-5003214f3f12,CELLULANT,2026-08-29 03:09:58,2026-08-31 02:10:58,INSERT,1864,2026-09-07 11:34:00
d42cb1ae-19f7-38cb-6016-c7438bc83a02,bb8aa843-702f-31e5-62cc-c6040c53644b,COMPLETED,118693.74,KES,d11376e0-38d7-7b9a-e916-da57f24823ab,ee33688d-597e-6845-e277-18c5737d1fb6,TERRAPAY,2026-08-31 16:56:41,2026-09-01 00:19:41,INSERT,1865,2026-09-07 11:39:00
07ef2ba8-b45a-6ab3-7b94-a34de4aa786d,13335bc9-bb63-5ff5-2931-0971601e0211,COMPLETED,895963.2,UGX,5cd8fe1a-dafe-c8a9-3c71-e0bef3579560,5e09a9ee-af88-bdec-fb1e-143b196f4dfa,TERRAPAY,2026-07-28 02:26:59,2026-07-29 01:47:59,INSERT,1866,2026-09-07 11:36:00
d8014004-793b-ed1b-14f9-c394fa207403,a005f5e1-a97a-2846-d2ea-ef184b6797a1,COMPLETED,752951.0,NGN,2434a678-a9e2-7ba9-952e-6abb14dd5061,f7baf55e-4f6b-58c8-598d-daeceaafe543,THUNES,2026-08-11 00:23:46,2026-08-11 00:39:46,INSERT,1867,2026-09-07 11:35:00
f8802878-69fb-0763-8a9c-66f7cee4e512,907276ea-44c0-7a9a-d64a-cb1f39eb038a,COMPLETED,897132.5,NGN,67884209-92ca-525a-6de5-93329364f3d0,4a1dab32-6aed-fdc7-a3e0-5309b5a1b949,CELLULANT,2026-08-06 06:45:43,2026-08-07 12:47:43,INSERT,1868,2026-09-07 11:46:00
2c41cbd3-72f4-44ab-c1d7-1f4af3025d16,25bf213d-9eca-381b-fb95-d0fcad72ed05,FAILED,2629572.0,TZS,5e0a72ab-7f5d-b163-b12b-66807f072cb9,4447ceab-84ef-4324-cc1b-4157ec9f9c54,THUNES,2026-09-06 05:06:22,2026-09-07 16:23:22,INSERT,1869,2026-09-07 11:38:00
25f06b0a-264e-f59d-6a18-e5af1cce08e9,c81c8d31-85c6-9fbf-966b-62ea9f80b96b,COMPLETED,129257.04,KES,4882d73c-1c63-45ab-6e0e-d1e8585d3f86,7c93f6cc-97d7-a560-adb1-4670ad9fb00d,CELLULANT,2026-09-07 00:34:15,2026-09-07 01:25:15,INSERT,1870,2026-09-07 11:30:00
b0c58278-54dc-cba5-e103-5e1ce3bb22ae,46818a88-2c15-4804-0997-59a37919955c,COMPLETED,1093864.2,NGN,be4969ec-6667-d3bb-e3b5-63606fdc0bad,62fb26d7-f4db-ca07-e506-f6707092947d,THUNES,2026-08-25 06:52:58,2026-08-26 16:01:58,INSERT,1871,2026-09-07 11:59:00
84396fc0-c26e-2706-7c05-9799bdae8eff,6ab19e15-ba92-992e-44f8-b53c52246d05,COMPLETED,127258.73,KES,ca862225-0b36-e356-339b-77a84b1f0d7b,50cae32d-0aba-590e-e2c3-28aa33107475,TERRAPAY,2026-08-08 02:05:06,2026-08-09 08:20:06,INSERT,1872,2026-09-07 11:53:00
ad7d6f81-39a0-f145-a5ba-b05038aa76df,0706fec2-48fa-4e98-1723-ecdbb0588256,COMPLETED,1677352.3,NGN,b3ecb951-ab8c-bf97-20b7-1785d02ce0c1,ff4625af-bd20-563b-f275-b5f3d436a7a8,THUNES,2026-09-03 03:56:14,2026-09-03 21:36:14,INSERT,1873,2026-09-07 11:41:00
65abc9ff-9fa4-a627-d306-08be8548867b,6c7e9a2c-467f-358b-a48a-a108b599277f,COMPLETED,3106608.0,UGX,5cd33369-04aa-c1b7-5ca0-c428822c4d32,36d55494-f37f-d50d-2e25-b5ee4f11d8dc,CELLULANT,2026-08-23 00:46:19,2026-08-23 21:38:19,INSERT,1874,2026-09-07 11:54:00
999bc859-cf5e-0f0b-cd67-b5dfdb7904e0,a6c681b0-e472-9be5-f3c2-944ab60a3dcc,WAITING_ON_PROVIDER,906810.3,TZS,541c7a86-3ba5-cd2f-dea4-5c19d0243d72,e68933a9-c9e4-8e8c-25c6-1c45c63d04ee,TERRAPAY,2026-08-09 06:48:43,2026-08-10 01:43:43,INSERT,1875,2026-09-07 11:59:00
f0cf9d73-e812-1ef0-79c9-c839c8ef0377,88ddd880-afb2-8b3d-38ec-cb4db69f5eab,WAITING_ON_PROVIDER,795315.3,NGN,8c7e6f42-2646-eaf9-d5c0-244d3735262d,871c0884-9bdf-90f2-ba2c-0f19f0b2a5d1,CELLULANT,2026-08-21 06:28:39,2026-08-21 19:26:39,INSERT,1876,2026-09-07 11:39:00
ae423568-de14-553b-1eac-41d9801f4909,78e36397-123b-31cf-9ee3-39fff1bdb598,COMPLETED,96839.33,KES,ca862225-0b36-e356-339b-77a84b1f0d7b,50cae32d-0aba-590e-e2c3-28aa33107475,TERRAPAY,2026-09-04 13:25:17,2026-09-06 08:44:17,INSERT,1877,2026-09-07 11:49:00
c3b534db-9387-03c9-2b29-bf36c606ddc4,a18b5d15-5527-3407-7cd2-192f14b00f62,COMPLETED,857808.0,UGX,59fefbbc-71a3-fad2-b094-6d2a2aa93b43,debac186-ba10-8217-0ad7-c9a2727716ec,THUNES,2026-09-04 08:45:42,2026-09-06 09:37:42,INSERT,1878,2026-09-07 11:56:00
010e4265-ad3f-5dd4-0496-26ba30c9a2be,d54e7948-c1c0-c5e3-527c-8f50e45a87e8,COMPLETED,155374.89,KES,899ca782-e323-6d1a-3c1b-dacc18e19331,5efa9c5b-7421-ff46-637e-4b0122bae10e,CELLULANT,2026-08-28 23:16:46,2026-08-30 00:45:46,INSERT,1879,2026-09-07 11:50:00
e82a3879-f2b5-a7ea-2a35-ce30303cb04b,e3524444-6f04-af36-567c-5d44862c92fd,COMPLETED,1734595.5,TZS,541c7a86-3ba5-cd2f-dea4-5c19d0243d72,e68933a9-c9e4-8e8c-25c6-1c45c63d04ee,TERRAPAY,2026-08-15 15:11:33,2026-08-17 16:53:33,INSERT,1880,2026-09-07 11:30:00
40b374f8-8c1a-b2c7-1fa3-ed1f61584f88,a976dc4d-0c47-2187-fea3-5d37980b6853,WAITING_ON_PROVIDER,1079884.0,NGN,72ecf16e-c8a7-23e9-bfa0-16c2c09cb506,4f3949a8-3d3a-2582-88b4-f4743be79df4,TERRAPAY,2026-08-05 22:00:57,2026-08-07 10:31:57,INSERT,1881,2026-09-07 11:46:00
68e5c8cd-b414-6e4a-5ba0-c3e033a0daa7,1b341937-c8e6-0939-1d2f-ed2a485f7888,COMPLETED,3516676.8,UGX,23377bbc-fffe-77c8-39fe-b99c31274148,d82c7565-4bb9-07ec-13c1-175427aa7cbc,TERRAPAY,2026-08-18 08:02:22,2026-08-20 09:07:22,INSERT,1882,2026-09-07 11:34:00
a4f34185-4182-2509-e79f-9f3d19ee2c3b,b93b770c-1336-5c0c-82ff-1f2ec78f07cf,WAITING_ON_PROVIDER,1625469.0,NGN,a9320094-53f2-8f11-147f-65701a43db54,9a45693d-7227-890e-4e76-833a4baf0f5e,THUNES,2026-08-17 11:40:22,2026-08-17 21:51:22,INSERT,1883,2026-09-07 11:59:00
bbaa574f-e0e3-c5ce-44af-ecb79f2ebefc,da1c96ae-0279-e2ab-0bbf-6334e3ea2d7f,WAITING_ON_PROVIDER,1461290.0,NGN,45d5a68d-290a-3abb-c35b-9fea1578d709,25b8a42f-836b-15c7-e7c2-25da73069588,THUNES,2026-07-30 03:02:04,2026-07-30 09:32:04,INSERT,1884,2026-09-07 11:36:00
5bcd236c-c777-4fae-6137-58c39c7faca6,1a8cf13c-28ce-231e-d827-4fc3f1458426,COMPLETED,15360.34,KES,87d5b7be-1d30-d990-a21b-030782af085c,c6b6e4ad-e7ea-8d5a-31a3-ac4d828c37e7,CELLULANT,2026-08-27 07:05:48,2026-08-29 08:41:48,INSERT,1885,2026-09-07 11:45:00
b359390e-b030-9aaf-85ea-16e084e3b774,be5e215e-c47c-c30b-865a-7766ad8cbfea,WAITING_ON_PROVIDER,116163.63,KES,f7dc67e0-3097-4b2b-46a0-2a9b65ec7acd,d2fe2fde-d918-b3e5-f2f2-5eef1f45dbfd,CELLULANT,2026-08-08 18:06:49,2026-08-08 18:57:49,INSERT,1886,2026-09-07 11:32:00
a4b0718e-8ced-4707-3903-4b6581c61eeb,2a57e880-de92-05ea-7eef-09abda143a47,WAITING_ON_PROVIDER,4785955.2,UGX,23377bbc-fffe-77c8-39fe-b99c31274148,d82c7565-4bb9-07ec-13c1-175427aa7cbc,TERRAPAY,2026-08-01 02:50:01,2026-08-02 13:21:01,INSERT,1887,2026-09-07 11:31:00
74577d47-d825-3010-3911-2943d10bf4dc,d34794cc-5d04-032d-5742-3882f34a7949,FAILED,131038.05,KES,11536e99-5c50-8720-f982-f4e08603156a,81e03a5e-8b48-f496-86ab-d4e7f4124360,TERRAPAY,2026-08-03 12:59:57,2026-08-05 09:41:57,INSERT,1888,2026-09-07 11:51:00
3002d831-3227-e8d8-9c60-c81b41191aa7,0bb81d38-1b37-ef19-b3bc-912f5fb7474e,WAITING_ON_PROVIDER,2650401.6,UGX,278ed00d-ba02-66ef-be05-5787965befdf,19597b5a-a7a8-f636-6a35-df59e2aa7a5d,THUNES,2026-09-01 07:57:57,2026-09-02 03:53:57,INSERT,1889,2026-09-07 11:48:00
632d0302-1a82-833c-20dd-a0ffd0b3d752,7ba16dd7-95ca-788d-d6bc-a7126ecca931,COMPLETED,108717.18,KES,5cae9610-c72c-1fe3-72c2-2a1679eb4168,73b6a09b-1bea-f6ac-97fa-7f0483639007,CELLULANT,2026-08-29 05:45:05,2026-08-29 09:04:05,INSERT,1890,2026-09-07 11:33:00
9fc97264-35af-bb2d-336d-778637a3c30a,d7d3b9d9-4c85-9233-8325-bd9ebf98e734,COMPLETED,3358132.8,UGX,284bf962-5744-f596-7422-21676b7a2460,530ac1c7-b8ba-8368-4fc7-77685ebbcca5,CELLULANT,2026-08-13 12:52:59,2026-08-15 06:00:59,INSERT,1891,2026-09-07 11:38:00
4024c424-aef2-ab2f-495f-a2fcfbc8c77e,4458b006-332c-ce0a-0e7d-a698ab95c72f,COMPLETED,780859.2,UGX,a2bb522b-0b25-1279-785a-c5d0df92a621,40ef3935-5f90-bed6-fb25-664d630aa767,THUNES,2026-07-25 17:26:39,2026-07-26 19:27:39,INSERT,1892,2026-09-07 11:48:00
2fddb26a-1310-6665-aec2-bb19fbc398d8,bd0b0fa2-8bee-f83f-96a0-6bf2c14ebd10,WAITING_ON_PROVIDER,1232932.8,NGN,0c3ce284-c7e5-3bbb-dcb5-1c535b62a8df,45f18619-54f9-0429-a7de-02ccdda4f4a7,THUNES,2026-08-27 16:57:08,2026-08-29 17:24:08,INSERT,1893,2026-09-07 11:48:00
b52a9e6b-c8b6-48e0-12a8-50c55bab7f4a,c60ea4d5-0d04-dcb6-98cd-26555297e1ad,WAITING_ON_PROVIDER,819772.8,UGX,278ed00d-ba02-66ef-be05-5787965befdf,19597b5a-a7a8-f636-6a35-df59e2aa7a5d,TERRAPAY,2026-08-01 00:21:42,2026-08-01 03:05:42,INSERT,1894,2026-09-07 11:52:00
41afeb2a-62c8-c3f4-1d06-149ef1eab64a,9f027cbf-eb29-d912-9d1b-83dfa46b6fce,WAITING_ON_PROVIDER,483855.9,NGN,8ed6ad5e-1831-8aa3-5466-9d1910df9974,4082cbb9-48bd-db3e-62f5-df2badaa44ca,CELLULANT,2026-08-10 07:07:39,2026-08-11 13:33:39,INSERT,1895,2026-09-07 11:51:00
a127dc6b-ab9b-153d-35f5-c65410c2c2e5,01e06ad8-8880-2d4d-89b8-b7eec5f833cf,COMPLETED,3753878.7,TZS,3a7e8e14-e359-eee1-7399-1a476e191042,74188109-d3d1-bf0f-56c4-38e469efafb1,THUNES,2026-07-29 03:47:50,2026-07-29 15:13:50,INSERT,1896,2026-09-07 11:45:00
1e494952-ac5d-4e57-63b6-64f40452f779,6edaba8c-6789-e7d0-a155-eb2c737cf8b5,COMPLETED,81235.44,KES,39e58ff0-92f8-37d4-4750-3f1dc33a1f6c,8f9b72ae-d85c-16bd-6dda-4f8dcea60f4c,CELLULANT,2026-09-06 17:22:34,2026-09-07 11:02:34,INSERT,1897,2026-09-07 11:34:00
0149a2af-0ab1-a504-1f8c-56e0243113fd,ad62d094-4c4d-6e40-24e2-226ca250d133,WAITING_ON_PROVIDER,690562.6,NGN,632dbb5e-486b-b6bf-eafd-e7d95f733a3e,adcc3daf-569f-3ab3-c643-530068a51c68,CELLULANT,2026-08-12 11:32:21,2026-08-14 00:48:21,INSERT,1898,2026-09-07 11:58:00
12b99a50-8cb6-d1f0-a509-6396761579e7,abc53545-2e6d-7a04-1d57-e73431bf5cf6,COMPLETED,3237148.2,TZS,80599b93-79c2-d2e4-9ae1-a991524f93ff,73557b9d-0fd6-f47e-f52d-4af2269ed4c9,TERRAPAY,2026-08-04 05:14:11,2026-08-05 23:21:11,INSERT,1899,2026-09-07 11:49:00
6fa5d3b0-a40d-fea5-bd64-987eb652ae99,3f05557c-502e-d818-013c-a9982b2bf58c,FAILED,156747.03,KES,d11376e0-38d7-7b9a-e916-da57f24823ab,ee33688d-597e-6845-e277-18c5737d1fb6,TERRAPAY,2026-08-11 04:39:56,2026-08-12 02:15:56,INSERT,1900,2026-09-07 11:45:00
80499bbf-76f6-a778-2246-0ac94a7eebc2,c6735380-a766-8617-78db-cde38a284792,FAILED,146417.87,KES,3e49fd09-1b19-d8b8-d830-20816fcc57dd,862268d1-6683-e107-96c0-44d06f887f28,CELLULANT,2026-08-06 03:38:24,2026-08-07 16:45:24,INSERT,1901,2026-09-07 11:37:00
d463c183-a231-7211-8578-b1c6f7ebc69a,eafb9f20-783c-91eb-635a-11f25c7af83d,WAITING_ON_PROVIDER,1711292.0,NGN,67884209-92ca-525a-6de5-93329364f3d0,4a1dab32-6aed-fdc7-a3e0-5309b5a1b949,TERRAPAY,2026-08-03 12:54:33,2026-08-05 00:16:33,INSERT,1902,2026-09-07 11:39:00
6930b0c4-d557-6899-a5b2-c7ea29476f54,6a241f46-3af7-fa21-a93e-7b5b1e4ae3a7,COMPLETED,3125904.0,UGX,6d4067f4-5003-2b35-1857-8bafbac7e2b9,5fd23109-4140-752c-aa44-825950018b7b,THUNES,2026-08-11 02:01:13,2026-08-12 19:07:13,INSERT,1903,2026-09-07 11:51:00
09fe4cdd-998d-65ba-9d60-22c5e6cfcbd8,e8ca7483-dc0e-3375-85d0-691c33cd1d56,COMPLETED,495666.6,TZS,15b02530-f020-e992-b576-255e98549f22,a4bbf962-606e-0e1c-8f15-84494f40c22f,CELLULANT,2026-08-12 05:05:44,2026-08-12 14:07:44,INSERT,1904,2026-09-07 11:35:00
48842a14-1575-11ad-dbea-e9f8e8fb5a96,c2f43c10-e869-707c-bdcb-fffccdfba4e9,COMPLETED,1734268.8,UGX,a446be72-364c-911a-a9ab-364a1777e8cb,0577aea9-f899-9246-98de-8ebba3b5cece,CELLULANT,2026-08-31 19:53:56,2026-09-01 21:55:56,INSERT,1905,2026-09-07 11:34:00
fd0ee0b6-40f7-924b-7bd7-b4bf8e0eabb7,65bf8e04-ae3c-2ce6-fde6-849b468b22af,COMPLETED,844171.9,NGN,b3ecb951-ab8c-bf97-20b7-1785d02ce0c1,ff4625af-bd20-563b-f275-b5f3d436a7a8,TERRAPAY,2026-08-14 01:29:05,2026-08-15 16:02:05,INSERT,1906,2026-09-07 11:54:00
99a9af6a-ed05-4732-78bf-46fa25343e85,b4f02f6f-af3f-9d9a-b272-5aa79d30c42e,COMPLETED,119583.75,KES,66d06371-d8e8-8ebb-7a9e-8eefffa361be,7d824264-1ba3-62e7-afa4-15e56d204496,TERRAPAY,2026-08-12 22:41:14,2026-08-13 21:48:14,INSERT,1907,2026-09-07 11:53:00
8366c189-cd8d-9f75-1df4-4d3ef26f9b19,42d7f112-0130-d66b-932d-16486769b0f1,COMPLETED,878197.1,NGN,bdf66ba5-dc9c-96de-65a6-74c212738a23,75b27455-04cc-3ede-6fac-16730ad45230,TERRAPAY,2026-08-22 22:27:52,2026-08-23 11:44:52,INSERT,1908,2026-09-07 11:42:00
5059f77b-79ff-89d9-2db1-3debee6ffbea,3f8dcf96-436a-e2bb-d509-8e07b368d836,COMPLETED,105398.87,KES,cfd01cbd-5f65-c8ce-bd21-bc11be9d61ee,96229348-0f5a-e9d3-8e6e-5003214f3f12,TERRAPAY,2026-08-10 15:23:13,2026-08-12 02:39:13,INSERT,1909,2026-09-07 11:35:00
f53f091e-8a9e-0964-db6a-34eac3a58237,1b4ffd5f-c768-8339-27ef-53575b249c2a,COMPLETED,2494701.0,TZS,39681c81-7b70-c3b8-a81f-dec3279c658a,d86a6460-59a1-120e-1bb4-3332d8e7012f,THUNES,2026-08-03 08:14:24,2026-08-04 01:17:24,INSERT,1910,2026-09-07 11:32:00
0227b8d5-b070-1a53-50ce-857f75c72fb6,b2c027e8-1ed0-72e9-f9fc-6034750acc98,COMPLETED,1735916.0,NGN,632dbb5e-486b-b6bf-eafd-e7d95f733a3e,adcc3daf-569f-3ab3-c643-530068a51c68,THUNES,2026-08-12 14:42:48,2026-08-14 13:34:48,INSERT,1911,2026-09-07 11:42:00
b8875caf-1991-103f-d06e-ccbc3a8359b6,5d75c03c-5f4f-af10-c08f-e6d7b361e70a,COMPLETED,507016.9,NGN,0e9058b6-09a0-a0f6-73b0-a0917634c169,13a4a492-497d-e16d-d4ea-120a5e659654,TERRAPAY,2026-08-17 17:06:33,2026-08-18 22:03:33,INSERT,1912,2026-09-07 11:39:00
41f9994a-cf5d-337f-ee8d-5daa8eb7c306,d6c6d997-79fe-7ccc-4119-20f6d0566199,COMPLETED,138377.0,NGN,2434a678-a9e2-7ba9-952e-6abb14dd5061,f7baf55e-4f6b-58c8-598d-daeceaafe543,TERRAPAY,2026-08-27 00:32:28,2026-08-27 11:42:28,INSERT,1913,2026-09-07 11:49:00
96405fcd-bf76-1449-5cf8-5eebf0533851,b5def807-4a96-5478-a72b-dddd511eeeb8,COMPLETED,47368.04,KES,d5ca69ab-8a2e-6a93-c558-0bb281f7f3fb,09a9d1c1-86ca-c6f4-e238-fe93bd17c5e8,CELLULANT,2026-08-01 08:44:35,2026-08-02 08:12:35,INSERT,1914,2026-09-07 11:36:00
98fb4727-9740-b212-2d52-45f48a0ec018,7799fddb-79e5-46e7-dd3e-e854534064b0,COMPLETED,166692.24,KES,5cae9610-c72c-1fe3-72c2-2a1679eb4168,73b6a09b-1bea-f6ac-97fa-7f0483639007,TERRAPAY,2026-08-25 17:05:26,2026-08-26 17:27:26,INSERT,1915,2026-09-07 11:47:00
4cb34663-7a21-1151-c166-a8b3f26bcebf,d0bcbad5-85f8-0d9b-0006-0d5a02b3c948,COMPLETED,387864.1,NGN,fcce96f6-250a-4578-fbe9-4499dbc080fd,cc6b66e5-402a-df9c-8a4b-8f7c21472a15,THUNES,2026-08-13 12:15:08,2026-08-14 06:00:08,INSERT,1916,2026-09-07 11:35:00
48e09502-4598-f3c8-af44-9605b1a50a3d,144716cc-4352-acea-3878-becf60dc12eb,WAITING_ON_PROVIDER,65877.24,KES,3e49fd09-1b19-d8b8-d830-20816fcc57dd,862268d1-6683-e107-96c0-44d06f887f28,CELLULANT,2026-08-29 06:48:16,2026-08-31 02:54:16,INSERT,1917,2026-09-07 11:48:00
3b997815-0219-a9c7-ba23-b07a703c1286,f83f5274-0cb4-afe1-26f3-41c804f718c8,WAITING_ON_PROVIDER,39736.12,KES,d5ca69ab-8a2e-6a93-c558-0bb281f7f3fb,09a9d1c1-86ca-c6f4-e238-fe93bd17c5e8,THUNES,2026-08-23 17:33:38,2026-08-25 03:09:38,INSERT,1918,2026-09-07 11:35:00
790b185c-355c-ca9c-fb6b-f1dcaa7f7e06,3f46057b-7165-e36b-f997-c779c56f05e6,COMPLETED,43394.84,KES,6e3c4532-1434-8f62-6cac-028cba220065,2e326567-d284-f54e-febe-c0db9a3a6103,TERRAPAY,2026-07-30 10:05:43,2026-08-01 10:53:43,INSERT,1919,2026-09-07 11:33:00
0ac013d5-f805-90f0-0249-3a093e3b1a40,6f2537ce-a206-527c-3c68-41d61ce8e12f,COMPLETED,34922.25,KES,9e2aa4ac-c122-b5b3-284c-03d227d415b6,45a88829-14e2-86e5-ac89-36bc0cbd3c03,CELLULANT,2026-09-04 10:14:02,2026-09-06 07:45:02,INSERT,1920,2026-09-07 11:54:00
8b2ab759-2fc6-c4e6-9113-5d7e30952621,402da0fa-227d-cecc-b972-393a5bb0dd76,WAITING_ON_PROVIDER,3007392.0,UGX,e7b7b4c6-d631-2a80-1c61-2ec210142131,04351b64-893a-d232-98c3-e3ca7ff4cec6,TERRAPAY,2026-08-02 20:49:15,2026-08-02 22:17:15,INSERT,1921,2026-09-07 11:32:00
c6a90598-5d34-0833-db59-2a199ea6ed4a,2f7f2cd7-bbd0-fe6c-6108-ffcc8186722b,COMPLETED,1468872.9,NGN,3dba6da8-5844-f9fc-114b-9547c9dc72b8,1a89b71e-a0d5-72c8-a837-fe68bba205ca,CELLULANT,2026-08-15 13:02:25,2026-08-15 13:05:25,INSERT,1922,2026-09-07 11:44:00
b7c4b3ee-9b1f-c6d1-3881-49dc5dc96097,a449d64f-922d-dab6-0825-2b391947ea42,COMPLETED,81154.1,KES,f7dc67e0-3097-4b2b-46a0-2a9b65ec7acd,d2fe2fde-d918-b3e5-f2f2-5eef1f45dbfd,THUNES,2026-08-03 07:26:20,2026-08-03 14:45:20,INSERT,1923,2026-09-07 11:32:00
30807a5d-62a5-0eec-881a-f04f3b23feed,d59ef0fd-1204-f4d6-bbfb-1b710a683eb8,WAITING_ON_PROVIDER,530692.8,NGN,8ed6ad5e-1831-8aa3-5466-9d1910df9974,4082cbb9-48bd-db3e-62f5-df2badaa44ca,THUNES,2026-07-27 07:55:28,2026-07-29 02:02:28,INSERT,1924,2026-09-07 11:57:00
8bae295e-902a-405c-3d9f-fe599bc0fa93,b9d276f4-d37e-e471-6e3b-0507a21c1209,COMPLETED,69489.09,KES,6e3c4532-1434-8f62-6cac-028cba220065,2e326567-d284-f54e-febe-c0db9a3a6103,THUNES,2026-09-03 12:19:34,2026-09-04 13:42:34,INSERT,1925,2026-09-07 11:49:00
f17f3f92-d26a-a790-c582-8939058e389e,db107e7f-36fe-a0b4-38cd-9122fc0145e1,COMPLETED,136118.4,UGX,284bf962-5744-f596-7422-21676b7a2460,530ac1c7-b8ba-8368-4fc7-77685ebbcca5,CELLULANT,2026-09-05 17:18:11,2026-09-06 13:55:11,INSERT,1926,2026-09-07 11:48:00
53ab3cce-264a-e04f-909e-21ba8a38d5aa,02ed5d15-edbc-36d8-9a30-7096d97766be,COMPLETED,1416936.4,NGN,be4969ec-6667-d3bb-e3b5-63606fdc0bad,62fb26d7-f4db-ca07-e506-f6707092947d,CELLULANT,2026-09-04 17:22:29,2026-09-05 08:51:29,INSERT,1927,2026-09-07 11:40:00
32b73d80-8f2e-08d3-7b1d-bca32286e3f8,663166a7-8c53-b74c-0c9f-a6e6beccf760,COMPLETED,94111.88,KES,11536e99-5c50-8720-f982-f4e08603156a,81e03a5e-8b48-f496-86ab-d4e7f4124360,TERRAPAY,2026-08-09 19:39:51,2026-08-10 01:18:51,INSERT,1928,2026-09-07 11:42:00
9f88dda3-7134-ae6e-cd84-0a47fd7b1279,9808552c-5832-c8de-521b-e8c230c3ef8a,WAITING_ON_PROVIDER,1802803.2,UGX,6a07f213-7129-cec7-9b69-554d7c54535f,832920b7-c143-f426-372f-871a45ee432d,THUNES,2026-08-13 13:51:28,2026-08-14 18:46:28,INSERT,1929,2026-09-07 11:36:00
9f7fae0c-7ba7-9d05-8c7e-29044237692a,05d2d205-789f-ed96-7337-3c2f4e1c3762,COMPLETED,4541284.8,UGX,23377bbc-fffe-77c8-39fe-b99c31274148,d82c7565-4bb9-07ec-13c1-175427aa7cbc,CELLULANT,2026-08-10 03:56:24,2026-08-12 03:18:24,INSERT,1930,2026-09-07 11:34:00
f77fa3a7-802a-a6eb-32e9-7c2d2fb90ccf,fa033d6c-822f-b2f0-6175-a257fad3b44c,COMPLETED,752692.6,NGN,d0be73ee-fd37-2539-65f2-02f983f02dc7,095ffa81-40d9-2bce-7930-ba208b040f49,TERRAPAY,2026-08-07 16:46:55,2026-08-09 13:06:55,INSERT,1931,2026-09-07 11:33:00
ad9112c5-f5ea-4128-854d-c3bf61d85365,1679bbe0-2323-8416-a82c-ae186491982b,COMPLETED,670409.3,NGN,3dba6da8-5844-f9fc-114b-9547c9dc72b8,1a89b71e-a0d5-72c8-a837-fe68bba205ca,CELLULANT,2026-08-04 10:49:22,2026-08-04 21:11:22,INSERT,1932,2026-09-07 11:52:00
c3f38c8c-078c-3875-ba21-e2692540fbfe,115c42cd-5147-6e86-2875-d40aeac7dc2e,WAITING_ON_PROVIDER,1598033.0,NGN,a9320094-53f2-8f11-147f-65701a43db54,9a45693d-7227-890e-4e76-833a4baf0f5e,TERRAPAY,2026-07-31 13:06:53,2026-08-02 09:54:53,INSERT,1933,2026-09-07 11:49:00
fc5217cc-f467-2866-ed56-a2a02d54ff2b,451575b9-ece9-504b-03d7-f962f80443ee,COMPLETED,937513.2,NGN,0e9058b6-09a0-a0f6-73b0-a0917634c169,13a4a492-497d-e16d-d4ea-120a5e659654,TERRAPAY,2026-08-04 11:37:38,2026-08-04 13:50:38,INSERT,1934,2026-09-07 11:33:00
761ad914-4931-b2d4-d3de-f87cc60fb252,8420e0d8-632c-817e-8ec5-7d470a0c64e5,COMPLETED,1851259.3,NGN,be4969ec-6667-d3bb-e3b5-63606fdc0bad,62fb26d7-f4db-ca07-e506-f6707092947d,THUNES,2026-08-19 14:39:46,2026-08-20 17:40:46,INSERT,1935,2026-09-07 11:50:00
b7e767d4-29fb-832c-cbe6-8571b622e18e,b66f3507-e588-b999-971e-ea3974246baa,COMPLETED,8991.84,KES,9bb96155-5275-eb94-14ae-af5ce63658c9,466772ce-204e-178c-10d0-8d1125f934bf,CELLULANT,2026-08-09 04:51:33,2026-08-10 11:38:33,INSERT,1936,2026-09-07 11:56:00
49ed856e-723d-facd-f601-e005c4c4f69f,2980f6ff-266c-47fb-dcd8-1a8ba8d6faf6,WAITING_ON_PROVIDER,1081846.7,NGN,8ed6ad5e-1831-8aa3-5466-9d1910df9974,4082cbb9-48bd-db3e-62f5-df2badaa44ca,CELLULANT,2026-08-01 19:05:43,2026-08-02 17:58:43,INSERT,1937,2026-09-07 11:30:00
9a70ea8a-d688-1d3e-93fd-e248aac04912,0c85f154-3527-bcee-d343-bf88d1f379b1,FAILED,2751360.0,UGX,5cd33369-04aa-c1b7-5ca0-c428822c4d32,36d55494-f37f-d50d-2e25-b5ee4f11d8dc,TERRAPAY,2026-08-07 00:01:30,2026-08-08 18:20:30,INSERT,1938,2026-09-07 11:36:00
227197ca-7887-73ed-4af7-15b7109efb40,52a473f9-4c9e-903a-c4bd-338e17d71fc0,WAITING_ON_PROVIDER,152405.55,KES,d11376e0-38d7-7b9a-e916-da57f24823ab,ee33688d-597e-6845-e277-18c5737d1fb6,THUNES,2026-08-21 14:32:40,2026-08-22 15:08:40,INSERT,1939,2026-09-07 11:57:00
86800a0b-4279-1490-5105-64f9d90949aa,6d53628b-4985-1b79-b4f1-36fcfc7cbe71,WAITING_ON_PROVIDER,2778006.0,TZS,29890880-277d-1be9-6070-b6a198e52499,c566aa81-b15e-54f6-d4d3-07952e4bebc4,CELLULANT,2026-08-26 22:20:25,2026-08-28 15:38:25,INSERT,1940,2026-09-07 11:39:00
76647043-55c9-bf0f-e55b-93ad8976b471,cc18dd0e-7978-dc84-ea89-a9797aa6d6ea,COMPLETED,4390900.8,UGX,08601833-479d-0cda-f396-ea37f065c817,71818dcf-379e-fc6e-5edb-0d3cb0b63bcf,TERRAPAY,2026-09-02 23:28:36,2026-09-03 22:33:36,INSERT,1941,2026-09-07 11:47:00
5f2019ea-3cd6-1f5e-e086-44187f3ef59b,1de987a2-985e-7e89-2ff8-107a63ba9d86,WAITING_ON_PROVIDER,2758588.8,UGX,5cd8fe1a-dafe-c8a9-3c71-e0bef3579560,5e09a9ee-af88-bdec-fb1e-143b196f4dfa,TERRAPAY,2026-08-19 10:28:24,2026-08-19 21:48:24,INSERT,1942,2026-09-07 11:49:00
35b8726c-e462-ff64-a38b-baa44fe898d8,0bcfd0fc-e3a1-af97-7785-2ddb55527a3c,COMPLETED,1645352.5,NGN,0d6a05b3-43ef-2016-2c9b-662e040a3aae,86ad8a8c-6bc4-123e-bde1-3c1b20733f6d,TERRAPAY,2026-08-26 20:28:26,2026-08-28 13:03:26,INSERT,1943,2026-09-07 11:40:00
214c87b1-0cfc-6420-7192-e4438a6342ca,cdd3214c-b450-8610-f17a-a7a9243d116d,COMPLETED,54499.01,KES,899ca782-e323-6d1a-3c1b-dacc18e19331,5efa9c5b-7421-ff46-637e-4b0122bae10e,THUNES,2026-08-10 12:09:00,2026-08-12 01:40:00,INSERT,1944,2026-09-07 11:44:00
3b504fda-7875-b1c7-7724-3aa3c438eae0,a4f89e23-af39-f2ce-4f75-d45a74a12a0d,COMPLETED,1067237.6,NGN,fcce96f6-250a-4578-fbe9-4499dbc080fd,cc6b66e5-402a-df9c-8a4b-8f7c21472a15,THUNES,2026-07-29 00:15:18,2026-07-30 23:57:18,INSERT,1945,2026-09-07 11:39:00
4d579d00-cadc-c10f-1228-130ba64272a2,209ce4a5-931e-1d4d-9abc-9859593edc83,COMPLETED,662923.3,NGN,0e9058b6-09a0-a0f6-73b0-a0917634c169,13a4a492-497d-e16d-d4ea-120a5e659654,CELLULANT,2026-08-15 21:23:07,2026-08-16 09:03:07,INSERT,1946,2026-09-07 11:54:00
8e1a3a51-534b-fa86-7681-2ad798986758,ab6b3f08-a9a0-f4ef-2c4f-54163c749c16,FAILED,1043286.2,NGN,3dba6da8-5844-f9fc-114b-9547c9dc72b8,1a89b71e-a0d5-72c8-a837-fe68bba205ca,THUNES,2026-08-31 17:18:07,2026-09-01 16:40:07,INSERT,1947,2026-09-07 11:35:00
5170ca8a-a00e-0b60-64ee-c4c19714fadc,d21ce315-8f5e-248e-b40f-040e0037447f,COMPLETED,1821957.5,NGN,d0be73ee-fd37-2539-65f2-02f983f02dc7,095ffa81-40d9-2bce-7930-ba208b040f49,CELLULANT,2026-09-06 05:49:45,2026-09-07 19:18:45,INSERT,1948,2026-09-07 11:47:00
ce52309d-a46a-07c2-2320-de1615ac80e4,04056d2b-a5fc-d671-125d-f20602f865f8,COMPLETED,626304.0,UGX,bff9507d-cd14-a03e-8359-9af65d01f55f,07f8d4f0-f3ea-0184-28f4-e3ceadedda80,TERRAPAY,2026-08-07 12:05:34,2026-08-09 09:50:34,INSERT,1949,2026-09-07 11:53:00
77061136-4788-17ec-c764-032ec02627d1,f63471f8-7b45-bd9c-948c-7eb41cf8570b,COMPLETED,1216570.0,NGN,2434a678-a9e2-7ba9-952e-6abb14dd5061,f7baf55e-4f6b-58c8-598d-daeceaafe543,CELLULANT,2026-08-21 01:56:32,2026-08-22 10:56:32,INSERT,1950,2026-09-07 11:51:00
b1eedf64-090b-23ed-2ae1-d0bc4a099088,f5e8a7e1-5a58-9b67-6bc7-b63554de19cd,COMPLETED,1296972.3,NGN,632dbb5e-486b-b6bf-eafd-e7d95f733a3e,adcc3daf-569f-3ab3-c643-530068a51c68,CELLULANT,2026-08-18 09:17:44,2026-08-19 17:19:44,INSERT,1951,2026-09-07 11:32:00
977e3f2c-e8fe-6095-2cb3-7e239a940c6c,408669bb-4721-194b-c8a4-ae21d9f850e9,COMPLETED,2454777.6,UGX,284bf962-5744-f596-7422-21676b7a2460,530ac1c7-b8ba-8368-4fc7-77685ebbcca5,CELLULANT,2026-07-28 12:07:52,2026-07-28 20:47:52,INSERT,1952,2026-09-07 11:37:00
0de84b63-5856-e1fc-d782-5ea3bbff16e9,c536d2ce-69b6-f3b7-fe5b-9fc9c0b4f6d6,COMPLETED,3997488.0,UGX,a446be72-364c-911a-a9ab-364a1777e8cb,0577aea9-f899-9246-98de-8ebba3b5cece,CELLULANT,2026-08-22 09:51:32,2026-08-22 20:23:32,INSERT,1953,2026-09-07 11:44:00
0a802167-f4b3-f20e-aed0-fb5787beb021,6f4abfcc-deca-8598-87cb-0e2a25288a1b,WAITING_ON_PROVIDER,2100672.0,UGX,ca9e4a62-fae3-114b-a3b4-42bd46494296,abd2b512-1335-e5db-0eaf-04b5f2a9dc8a,THUNES,2026-08-27 18:05:33,2026-08-28 20:43:33,INSERT,1954,2026-09-07 11:48:00
603ecfef-2141-9a14-9acc-b00ddb3fb4a2,a8174c85-9819-7749-f041-e4f70e8fd00b,COMPLETED,2051204.1,TZS,72d78bdd-7817-99ff-b49e-04ccc24369e7,144823f7-e7e6-46c7-0158-24639d8776a0,CELLULANT,2026-07-26 03:39:41,2026-07-26 05:17:41,INSERT,1955,2026-09-07 11:49:00
f4a29332-421b-ecca-0f60-00f3fef72410,41e0cfaf-52ca-9ced-c526-8f0fc516e394,WAITING_ON_PROVIDER,2958377.4,TZS,541c7a86-3ba5-cd2f-dea4-5c19d0243d72,e68933a9-c9e4-8e8c-25c6-1c45c63d04ee,TERRAPAY,2026-08-14 05:28:18,2026-08-16 04:44:18,INSERT,1956,2026-09-07 11:34:00
a3ed033a-a722-2ea2-261b-50487f695b97,08eca4c8-1a71-064d-424d-9430b72479b7,FAILED,2033057.0,NGN,632dbb5e-486b-b6bf-eafd-e7d95f733a3e,adcc3daf-569f-3ab3-c643-530068a51c68,THUNES,2026-08-24 17:32:35,2026-08-25 00:48:35,INSERT,1957,2026-09-07 11:45:00
4a3abb3a-c439-dfcf-c2ad-0d9775aaecb0,a1dc9cab-0e21-3ce5-668e-b10e4d862412,FAILED,56887.55,KES,808389c8-657e-01c9-0da2-3e5c6a36af18,fe9936a3-62db-c850-3c5b-f3a75fbbf0b1,CELLULANT,2026-08-19 11:40:28,2026-08-20 12:11:28,INSERT,1958,2026-09-07 11:31:00
3d0d5c8f-97cb-4585-ff12-fe28b840d136,316e8645-0923-85fe-23d3-4d223080bed6,COMPLETED,73585.55,KES,808389c8-657e-01c9-0da2-3e5c6a36af18,fe9936a3-62db-c850-3c5b-f3a75fbbf0b1,TERRAPAY,2026-09-05 11:20:57,2026-09-07 06:32:57,INSERT,1959,2026-09-07 11:48:00
04e1502a-a761-80c7-7d28-3421243f45fe,dec56dc3-ad96-8213-f0a9-b97f7557c28c,COMPLETED,130252.98,KES,11536e99-5c50-8720-f982-f4e08603156a,81e03a5e-8b48-f496-86ab-d4e7f4124360,TERRAPAY,2026-08-03 18:37:22,2026-08-05 15:16:22,INSERT,1960,2026-09-07 11:35:00
102f4f5c-55e3-9295-2c67-10bd97d46f61,937292e6-af20-6a9d-f9d1-85071eece891,COMPLETED,80173.66,KES,cfd01cbd-5f65-c8ce-bd21-bc11be9d61ee,96229348-0f5a-e9d3-8e6e-5003214f3f12,THUNES,2026-08-09 21:01:59,2026-08-11 19:20:59,INSERT,1961,2026-09-07 11:54:00
4d1b6d80-c857-5c8a-d394-6dc7a08fa1c6,9c4c37b3-2caf-3d2f-f026-a4183d3fbbec,WAITING_ON_PROVIDER,89311.37,KES,5cae9610-c72c-1fe3-72c2-2a1679eb4168,73b6a09b-1bea-f6ac-97fa-7f0483639007,TERRAPAY,2026-08-06 15:40:45,2026-08-08 03:23:45,INSERT,1962,2026-09-07 11:54:00
0dd4c0e6-0b09-9fcc-ec34-4cf0ab8e77a1,cbeed3e3-1cd8-89e2-3197-91670d95ee72,WAITING_ON_PROVIDER,501755.8,NGN,632dbb5e-486b-b6bf-eafd-e7d95f733a3e,adcc3daf-569f-3ab3-c643-530068a51c68,CELLULANT,2026-08-23 21:53:01,2026-08-25 18:54:01,INSERT,1963,2026-09-07 11:49:00
537d66c6-1c31-aaf3-c76a-ec883ae56c8d,71dfc82c-b8ad-df54-3c3c-9c08e523e8a9,COMPLETED,301685.8,NGN,632dbb5e-486b-b6bf-eafd-e7d95f733a3e,adcc3daf-569f-3ab3-c643-530068a51c68,THUNES,2026-08-17 01:08:14,2026-08-18 12:18:14,INSERT,1964,2026-09-07 11:59:00
22f1c32b-47d5-ac92-0f45-55da91941591,31b42308-b846-3413-752e-761322eb69b1,FAILED,685615.0,NGN,a53bc024-d1a6-9d87-f54e-2019ba35844e,1a5165ca-3c7c-1d85-25cf-0041d0a643fe,THUNES,2026-08-15 14:06:10,2026-08-16 02:16:10,INSERT,1965,2026-09-07 11:56:00
6af31899-014c-c3a1-e5f3-d46692de0df8,53c9aacb-3f71-e1ae-3f24-ba6adf629d0c,COMPLETED,979947.8,NGN,b3ecb951-ab8c-bf97-20b7-1785d02ce0c1,ff4625af-bd20-563b-f275-b5f3d436a7a8,THUNES,2026-07-25 04:53:53,2026-07-27 06:44:53,INSERT,1966,2026-09-07 11:53:00
3d333164-4bb8-ebe2-5bc0-798821f969e9,f32ede3c-6818-1f5b-bb56-588bb172ec53,COMPLETED,146441.3,KES,21bddb41-0699-8731-ddcf-8766a93b12cd,c9d6a63b-ca3c-6f5f-5bb5-c40c03cde2e3,CELLULANT,2026-07-28 12:48:31,2026-07-30 02:56:31,INSERT,1967,2026-09-07 11:41:00
af4637b3-c9a6-2c37-3507-8c5dcb62f5b6,8add06f9-9ccc-e19f-f233-5074b2b3bb39,COMPLETED,123881.01,KES,6e3c4532-1434-8f62-6cac-028cba220065,2e326567-d284-f54e-febe-c0db9a3a6103,THUNES,2026-08-07 21:33:08,2026-08-09 02:38:08,INSERT,1968,2026-09-07 11:50:00
9482b42f-c095-3c13-f06b-ffa4bcc4f087,c6090b78-b597-1e43-8f8d-d99511274cb2,COMPLETED,3193257.6,UGX,23377bbc-fffe-77c8-39fe-b99c31274148,d82c7565-4bb9-07ec-13c1-175427aa7cbc,CELLULANT,2026-08-02 00:12:04,2026-08-03 20:27:04,INSERT,1969,2026-09-07 11:30:00
ccc67ffd-5e3e-ce60-9ef6-a99f73b4daf3,8869372a-d34c-0a09-ada5-9cb2882ae449,COMPLETED,1860744.6,TZS,7e7e7419-a0c1-4035-c5d9-5f51f387e1bd,c2874f06-9050-f7ef-c123-5c9176c5a0dc,CELLULANT,2026-09-02 18:30:26,2026-09-03 02:53:26,INSERT,1970,2026-09-07 11:43:00
8505d91d-f28b-ffb9-d5bf-1edb3b79da1e,71a0cff8-6b8d-a340-58c1-58e27951d52b,COMPLETED,2771703.0,TZS,29890880-277d-1be9-6070-b6a198e52499,c566aa81-b15e-54f6-d4d3-07952e4bebc4,CELLULANT,2026-08-26 15:03:27,2026-08-28 04:01:27,INSERT,1971,2026-09-07 11:37:00
4905eb93-890a-83b4-b639-529e29298691,c50e5194-49c3-f48b-f881-5f185f34fd6c,COMPLETED,36229.05,KES,9e2aa4ac-c122-b5b3-284c-03d227d415b6,45a88829-14e2-86e5-ac89-36bc0cbd3c03,THUNES,2026-08-31 19:33:48,2026-09-01 13:18:48,INSERT,1972,2026-09-07 11:39:00
e55ec749-7952-35ad-4ba9-9d78b49875d0,51f9cd77-ed85-0a6d-7542-2851f2a24da4,COMPLETED,1719861.0,NGN,632dbb5e-486b-b6bf-eafd-e7d95f733a3e,adcc3daf-569f-3ab3-c643-530068a51c68,TERRAPAY,2026-08-13 03:20:57,2026-08-14 13:26:57,INSERT,1973,2026-09-07 11:42:00
830481c2-f9d0-9e26-165e-55b5f526d3b0,ef87bf0d-c802-2f8e-38de-6b6e86c45e42,COMPLETED,1012334.4,UGX,88575117-6155-4667-2112-507c2cfa55b0,8f0881ee-8011-316b-3ae8-8926b423ccde,TERRAPAY,2026-08-23 00:32:51,2026-08-24 20:19:51,INSERT,1974,2026-09-07 11:50:00
ce40924a-29ee-29f4-49e3-eb487147f758,8f9fdc15-dfd2-3d15-7211-4575fa3efd03,COMPLETED,688007.1,NGN,67884209-92ca-525a-6de5-93329364f3d0,4a1dab32-6aed-fdc7-a3e0-5309b5a1b949,CELLULANT,2026-08-07 07:38:30,2026-08-08 07:11:30,INSERT,1975,2026-09-07 11:35:00
8f2d0b17-7e7d-5e88-4dcd-553495d03545,2f9e1ddb-3302-8b32-230d-a680ea350f17,FAILED,2744385.6,UGX,a2178f84-bdb0-25ff-2451-e5a411d059b2,bf012e32-177d-6e7e-07d9-24cef8c88fae,CELLULANT,2026-08-15 22:24:31,2026-08-17 22:54:31,INSERT,1976,2026-09-07 11:42:00
94c0b9e0-5c9c-4570-bedd-62a79950f11a,fe8c9aab-7e38-8a19-46f7-b20ac3c49506,WAITING_ON_PROVIDER,9658.93,KES,87d5b7be-1d30-d990-a21b-030782af085c,c6b6e4ad-e7ea-8d5a-31a3-ac4d828c37e7,TERRAPAY,2026-08-24 19:13:47,2026-08-25 11:56:47,INSERT,1977,2026-09-07 11:42:00
8794ac7e-4aaa-7f99-4a34-041e0c78947b,5b7d9d2d-22af-f503-b17a-ff6de0d96670,FAILED,629758.8,NGN,d0be73ee-fd37-2539-65f2-02f983f02dc7,095ffa81-40d9-2bce-7930-ba208b040f49,CELLULANT,2026-07-27 08:10:10,2026-07-27 18:09:10,INSERT,1978,2026-09-07 11:54:00
b08d1676-9d09-a404-8f04-0721e5a5829e,e92966be-ebc0-95f5-571e-c230697878c1,COMPLETED,128021.03,KES,ddf275eb-e8a3-f341-c881-9065ba2c98ce,75424646-4d37-a539-857d-d3b3a8addf36,CELLULANT,2026-08-07 03:52:31,2026-08-08 05:20:31,INSERT,1979,2026-09-07 11:47:00
c1e0a4a1-7bf8-20f6-c652-3c3d04d07f29,35b823e4-2016-8e6d-4eb3-9f633a00c83e,COMPLETED,303635.2,NGN,3dba6da8-5844-f9fc-114b-9547c9dc72b8,1a89b71e-a0d5-72c8-a837-fe68bba205ca,TERRAPAY,2026-09-04 02:15:43,2026-09-06 01:39:43,INSERT,1980,2026-09-07 11:40:00
2bf95861-4827-c440-f6d9-fe1731094211,91faf1c7-8141-bb37-3de8-14ac9ceab67b,COMPLETED,3733540.8,UGX,a2178f84-bdb0-25ff-2451-e5a411d059b2,bf012e32-177d-6e7e-07d9-24cef8c88fae,CELLULANT,2026-09-04 00:18:29,2026-09-05 10:29:29,INSERT,1981,2026-09-07 11:37:00
b8ddf15d-8ea0-35f0-49cc-253fb4693ec4,c2ebbaa2-1ce3-70ed-6857-07ac3a40fe39,COMPLETED,396264.0,NGN,b61e5fdb-1a43-5206-ef2d-dcc48df661da,1feae1e0-d9e6-04b3-8412-a335d88c656d,THUNES,2026-08-11 22:17:00,2026-08-13 03:15:00,INSERT,1982,2026-09-07 11:57:00
65125d2e-24b3-bc8e-1e85-0f8015c2f297,ffac54fd-0345-eeda-2de6-6d5b5e10a3a0,COMPLETED,1768955.1,NGN,d0be73ee-fd37-2539-65f2-02f983f02dc7,095ffa81-40d9-2bce-7930-ba208b040f49,TERRAPAY,2026-09-05 22:27:52,2026-09-07 06:56:52,INSERT,1983,2026-09-07 11:53:00
9a690cad-aaab-5830-79cf-c04f5b29317a,c416c07c-b6a7-87b1-c3cb-0c28474cfa29,COMPLETED,3159264.0,UGX,5cd33369-04aa-c1b7-5ca0-c428822c4d32,36d55494-f37f-d50d-2e25-b5ee4f11d8dc,TERRAPAY,2026-09-03 04:28:04,2026-09-04 09:28:04,INSERT,1984,2026-09-07 11:57:00
cf3a2f8d-57f7-31e3-8add-397642fc7edf,851b5f38-c069-7f1d-a93c-94131396a289,COMPLETED,199063.0,NGN,45d5a68d-290a-3abb-c35b-9fea1578d709,25b8a42f-836b-15c7-e7c2-25da73069588,CELLULANT,2026-08-23 16:38:37,2026-08-25 11:11:37,INSERT,1985,2026-09-07 11:57:00
a8fae904-7d94-ed9f-acce-693e91a07ef2,2a055b69-b4c0-4bdf-e27b-b6c44d945434,COMPLETED,1919486.4,NGN,50ee7a92-a091-51e0-f891-b0c3dd3f487e,780b3657-117b-355b-7094-4bdb26a524e3,CELLULANT,2026-08-20 12:33:48,2026-08-22 09:34:48,INSERT,1986,2026-09-07 11:37:00
050bd848-2b76-a718-566c-93cc1d4dfdb1,3c10316d-3f63-a065-3e85-c8c4a9470663,COMPLETED,1579776.0,UGX,2bffe17b-5324-01fc-f758-dce20556daea,75c8e90d-9e3d-750d-f296-d9f0cd2372c2,CELLULANT,2026-08-10 20:21:41,2026-08-12 00:29:41,INSERT,1987,2026-09-07 11:40:00
5d037a06-4cad-66c5-9d65-5c032aa814da,b0dc75fb-199d-5089-7d05-121cceee7d65,FAILED,2765822.4,UGX,5cd8fe1a-dafe-c8a9-3c71-e0bef3579560,5e09a9ee-af88-bdec-fb1e-143b196f4dfa,TERRAPAY,2026-08-12 10:44:00,2026-08-13 08:45:00,INSERT,1988,2026-09-07 11:30:00
d2e08e57-a6cb-1dda-13a0-181bcbafd542,563b04fa-9784-713d-1840-764294047909,FAILED,1238002.0,NGN,2434a678-a9e2-7ba9-952e-6abb14dd5061,f7baf55e-4f6b-58c8-598d-daeceaafe543,TERRAPAY,2026-08-29 13:31:38,2026-08-29 19:48:38,INSERT,1989,2026-09-07 11:31:00
6f089155-e826-6484-c4e4-fe52da4f706b,a92a9880-3684-1339-7fcb-cf3193ac009a,WAITING_ON_PROVIDER,4114070.4,UGX,61c2645a-c733-2304-4822-3120c4f9eccd,f75d599f-6b2d-5b09-8707-9ad480be7e35,CELLULANT,2026-08-27 15:26:26,2026-08-29 02:41:26,INSERT,1990,2026-09-07 11:38:00
07179ef3-3121-6863-2663-ed111d122ccf,d2deb47d-4455-d60e-6995-8fd1d8914adf,COMPLETED,1207727.4,NGN,d0be73ee-fd37-2539-65f2-02f983f02dc7,095ffa81-40d9-2bce-7930-ba208b040f49,THUNES,2026-09-04 06:11:21,2026-09-04 10:35:21,INSERT,1991,2026-09-07 11:47:00
683199c6-f480-ada5-e68c-13481046e3df,7c602399-b8f4-0e5e-f6ba-bccc0acfbd89,WAITING_ON_PROVIDER,3099254.4,UGX,5cd8fe1a-dafe-c8a9-3c71-e0bef3579560,5e09a9ee-af88-bdec-fb1e-143b196f4dfa,TERRAPAY,2026-08-20 05:37:08,2026-08-20 17:38:08,INSERT,1992,2026-09-07 11:32:00
c5efd670-1f4d-88ce-998d-e3d83cf29ade,7f176b55-4076-7e21-8677-72d3ee7a6de6,WAITING_ON_PROVIDER,4107408.0,UGX,ca9e4a62-fae3-114b-a3b4-42bd46494296,abd2b512-1335-e5db-0eaf-04b5f2a9dc8a,TERRAPAY,2026-09-02 17:50:00,2026-09-04 09:28:00,INSERT,1993,2026-09-07 11:51:00
2518ec09-efdd-6a87-c8c6-21bee1228e75,f2deb798-b31a-25b5-5fec-aa6e88917cf5,COMPLETED,228393.0,TZS,112fa612-7969-9ed2-ec48-bf55afd380c4,17dded81-15da-705c-d4ef-00aa175a81ec,TERRAPAY,2026-08-05 20:17:16,2026-08-07 12:32:16,INSERT,1994,2026-09-07 11:55:00
db8ec35b-3c83-861e-ddf0-a0a288efe82b,af6c6f61-cfef-a2a2-e735-4db25ce4124b,COMPLETED,2849451.0,TZS,39681c81-7b70-c3b8-a81f-dec3279c658a,d86a6460-59a1-120e-1bb4-3332d8e7012f,TERRAPAY,2026-08-08 12:19:26,2026-08-10 07:57:26,INSERT,1995,2026-09-07 11:37:00
0d565923-c310-d2a2-0700-77c1b1f94a09,10fd7164-819f-2393-42ce-ef41b2cfba8b,WAITING_ON_PROVIDER,1841310.9,NGN,0e9058b6-09a0-a0f6-73b0-a0917634c169,13a4a492-497d-e16d-d4ea-120a5e659654,CELLULANT,2026-08-14 00:05:31,2026-08-14 06:57:31,INSERT,1996,2026-09-07 11:49:00
2c691f04-42bb-eaae-222d-b2cfbc343d5d,214dc588-c35e-a18a-a630-b287d4a39a51,COMPLETED,2157051.0,NGN,fcce96f6-250a-4578-fbe9-4499dbc080fd,cc6b66e5-402a-df9c-8a4b-8f7c21472a15,CELLULANT,2026-08-18 13:36:35,2026-08-20 14:19:35,INSERT,1997,2026-09-07 11:42:00
263553ba-4299-b351-99b3-568d6dcc9c60,16c72b1a-e826-fac7-3a8c-8ed5a06aa68a,COMPLETED,2528740.5,TZS,56ab087a-8bc7-8e81-5a30-45280b599562,d49405f0-2cd2-a404-a48e-40f1d0421dfa,THUNES,2026-09-07 07:30:13,2026-09-08 21:38:13,INSERT,1998,2026-09-07 11:48:00
b69d2f48-3653-e588-afd5-8fe765c62548,a5b13afd-af2c-20ac-9539-22c05ea0942c,COMPLETED,4321416.0,UGX,5cd8fe1a-dafe-c8a9-3c71-e0bef3579560,5e09a9ee-af88-bdec-fb1e-143b196f4dfa,TERRAPAY,2026-08-23 11:38:58,2026-08-24 18:26:58,INSERT,1999,2026-09-07 11:47:00
b5d34f2f-513b-b65c-16f3-2b9321c57a88,949aca46-0a87-2ac2-8f3f-5995e468eb64,COMPLETED,29251.37,KES,d5ca69ab-8a2e-6a93-c558-0bb281f7f3fb,09a9d1c1-86ca-c6f4-e238-fe93bd17c5e8,CELLULANT,2026-08-26 02:04:36,2026-08-27 03:24:36,INSERT,2000,2026-09-07 11:55:00
b4b9fb73-29de-bccc-429e-09bd7862246c,2ee25989-3ad8-2406-0df8-1d2b260c037e,WAITING_ON_PROVIDER,320832.0,UGX,f4488385-8de7-ad6c-9490-77c27674456f,0a8076ec-e558-2e16-bd29-ede9cab4923b,TERRAPAY,2026-08-24 09:45:12,2026-08-25 15:48:12,INSERT,2001,2026-09-07 11:30:00
86a8f21a-010e-622b-f8bc-920cff7d39f7,bffbd93b-2b15-619e-d5bf-85f32e3f674c,COMPLETED,1638539.1,NGN,0c3ce284-c7e5-3bbb-dcb5-1c535b62a8df,45f18619-54f9-0429-a7de-02ccdda4f4a7,CELLULANT,2026-07-29 01:01:34,2026-07-29 14:56:34,INSERT,2002,2026-09-07 11:47:00
a7faf009-0b39-8e89-f842-e16354555290,b52c4358-d4a8-b45a-75d1-d77614c08f6d,FAILED,324618.8,NGN,0d6a05b3-43ef-2016-2c9b-662e040a3aae,86ad8a8c-6bc4-123e-bde1-3c1b20733f6d,CELLULANT,2026-07-29 15:34:49,2026-07-30 13:40:49,INSERT,2003,2026-09-07 11:56:00
af59aa66-e75b-2113-4f62-cc9debf484d0,a5accd5a-48f1-8eed-6703-7089c78cd2c3,COMPLETED,539187.0,TZS,9d642932-0066-853d-6de2-99a14a90cd0c,6aa42c9f-9217-0475-3d95-9e3f5a5226e6,CELLULANT,2026-09-03 21:03:17,2026-09-04 11:16:17,INSERT,2004,2026-09-07 11:32:00
7ecd7062-ee40-3b9f-27b2-a5c1b6b0d0b9,17cb67b8-6d0f-74e6-a174-a7856f2190cb,WAITING_ON_PROVIDER,1064380.0,NGN,2434a678-a9e2-7ba9-952e-6abb14dd5061,f7baf55e-4f6b-58c8-598d-daeceaafe543,CELLULANT,2026-08-14 00:17:25,2026-08-15 01:26:25,INSERT,2005,2026-09-07 11:36:00
5aff4594-40dd-8895-d015-48989187c9a0,0b8b56f7-ead4-4e11-1397-a29f8d0df6f6,COMPLETED,94436.26,KES,6e3c4532-1434-8f62-6cac-028cba220065,2e326567-d284-f54e-febe-c0db9a3a6103,TERRAPAY,2026-08-14 06:20:37,2026-08-15 02:31:37,INSERT,2006,2026-09-07 11:33:00
bf3d5023-1406-42a8-2f61-e334360893b2,732fc932-ab96-2697-c1e1-f813747ac231,WAITING_ON_PROVIDER,97418.31,KES,f7dc67e0-3097-4b2b-46a0-2a9b65ec7acd,d2fe2fde-d918-b3e5-f2f2-5eef1f45dbfd,CELLULANT,2026-08-07 22:47:04,2026-08-08 20:13:04,INSERT,2007,2026-09-07 11:31:00
dbb24c33-a045-6992-d793-30f16f8fd55c,b22f2e91-0411-0e35-d0e3-4b2b1ca64c33,COMPLETED,5846.12,KES,808389c8-657e-01c9-0da2-3e5c6a36af18,fe9936a3-62db-c850-3c5b-f3a75fbbf0b1,CELLULANT,2026-07-30 13:44:23,2026-07-30 22:58:23,INSERT,2008,2026-09-07 11:31:00
1a482803-0204-0c81-5577-32970d093c73,d456e29d-91c6-31cf-4b7a-123e338aea2d,COMPLETED,97102.5,KES,808389c8-657e-01c9-0da2-3e5c6a36af18,fe9936a3-62db-c850-3c5b-f3a75fbbf0b1,CELLULANT,2026-07-25 10:52:04,2026-07-26 17:34:04,INSERT,2009,2026-09-07 11:34:00
6facc50d-b290-4e73-72c5-73e958c58875,9f690cde-7eaa-7a91-1def-d401792cad76,COMPLETED,1277364.0,TZS,9a36d1ec-2c6a-6e9a-3280-67a14187222b,a7cf705c-c257-cf73-c29d-782b2722796e,THUNES,2026-08-06 12:03:59,2026-08-08 08:19:59,INSERT,2010,2026-09-07 11:50:00
b0d18df1-484f-1db9-350b-9f519f310fff,ac50c260-f0f2-4933-d544-c79b6ab76840,COMPLETED,690707.0,NGN,ee4a9b5d-5195-54e3-0737-4c86397b5f51,a663d2cd-b6f6-dbf1-d6d4-41cc195d82f8,CELLULANT,2026-08-28 14:21:00,2026-08-30 14:55:00,INSERT,2011,2026-09-07 11:40:00
1d2d1771-6e3d-2494-5675-c8f3104c6350,5b673a25-42c4-5041-e183-10035bd972c7,COMPLETED,4316880.0,UGX,f4488385-8de7-ad6c-9490-77c27674456f,0a8076ec-e558-2e16-bd29-ede9cab4923b,CELLULANT,2026-08-20 12:45:16,2026-08-20 15:58:16,INSERT,2012,2026-09-07 11:41:00
b54a31ba-4ac8-927e-ba75-1921283348ea,e9365d1b-3494-3114-def1-4d581e392331,COMPLETED,1042080.0,UGX,23377bbc-fffe-77c8-39fe-b99c31274148,d82c7565-4bb9-07ec-13c1-175427aa7cbc,TERRAPAY,2026-08-18 03:03:14,2026-08-18 10:15:14,INSERT,2013,2026-09-07 11:57:00
26cffe04-3ed5-e52e-aa3d-2111a1230193,4968fdf2-5760-c094-7942-000acf242413,WAITING_ON_PROVIDER,1011925.2,TZS,3a7e8e14-e359-eee1-7399-1a476e191042,74188109-d3d1-bf0f-56c4-38e469efafb1,CELLULANT,2026-08-30 19:59:18,2026-08-30 20:26:18,INSERT,2014,2026-09-07 11:49:00
a437199c-ec2a-322b-a901-4e33097ef98d,569b111f-15b4-066e-11d0-12a7f19293c9,WAITING_ON_PROVIDER,3851760.0,UGX,5cd8fe1a-dafe-c8a9-3c71-e0bef3579560,5e09a9ee-af88-bdec-fb1e-143b196f4dfa,THUNES,2026-07-24 23:35:27,2026-07-27 00:35:27,INSERT,2015,2026-09-07 11:52:00
c1cdc9a4-5738-b277-8576-44724fefc63f,e13f8740-bd74-0fe0-b808-8e14b9a01137,COMPLETED,1037355.0,TZS,9d642932-0066-853d-6de2-99a14a90cd0c,6aa42c9f-9217-0475-3d95-9e3f5a5226e6,CELLULANT,2026-07-26 07:04:24,2026-07-27 19:46:24,INSERT,2016,2026-09-07 11:45:00
fd2f1be9-beea-002a-ce2d-e1053c70dfca,f0fbdb65-a6a5-790a-c1ad-e98a0c3838a5,COMPLETED,693754.6,NGN,0d6a05b3-43ef-2016-2c9b-662e040a3aae,86ad8a8c-6bc4-123e-bde1-3c1b20733f6d,CELLULANT,2026-08-23 22:29:44,2026-08-25 09:08:44,INSERT,2017,2026-09-07 11:33:00
651076d6-c761-0e83-84d9-94518f188e72,214bd473-e375-5867-6cc5-60710febecad,WAITING_ON_PROVIDER,227511.7,NGN,50ee7a92-a091-51e0-f891-b0c3dd3f487e,780b3657-117b-355b-7094-4bdb26a524e3,TERRAPAY,2026-08-14 03:58:02,2026-08-15 08:06:02,INSERT,2018,2026-09-07 11:58:00
1ef11a27-1c3e-fda4-689b-4fb2da317fd7,0858f527-792d-d499-7497-375c366fbddd,WAITING_ON_PROVIDER,235391.0,NGN,ee4a9b5d-5195-54e3-0737-4c86397b5f51,a663d2cd-b6f6-dbf1-d6d4-41cc195d82f8,TERRAPAY,2026-08-18 09:54:15,2026-08-19 22:02:15,INSERT,2019,2026-09-07 11:52:00
d59f2b69-79a8-832f-6097-1a15c80682d3,73cecf7c-90d5-e87e-4f48-9f4592b4002c,COMPLETED,70325.81,KES,899ca782-e323-6d1a-3c1b-dacc18e19331,5efa9c5b-7421-ff46-637e-4b0122bae10e,CELLULANT,2026-07-27 18:43:06,2026-07-27 21:47:06,INSERT,2020,2026-09-07 11:42:00
c968e8ee-4663-f1a1-04db-73f3f65e52fd,307c3f63-8591-a818-91fb-8925f5112438,FAILED,1304730.0,NGN,72ecf16e-c8a7-23e9-bfa0-16c2c09cb506,4f3949a8-3d3a-2582-88b4-f4743be79df4,THUNES,2026-08-19 19:16:57,2026-08-21 10:39:57,INSERT,2021,2026-09-07 11:55:00
277b71ea-16f1-e5cb-c4af-9dc9416c0562,41d6676a-61cb-78c3-513f-f9a9872491ca,COMPLETED,197616.0,UGX,ca9e4a62-fae3-114b-a3b4-42bd46494296,abd2b512-1335-e5db-0eaf-04b5f2a9dc8a,TERRAPAY,2026-08-02 06:18:25,2026-08-03 10:38:25,INSERT,2022,2026-09-07 11:38:00
7bf2aa06-10c1-de9c-6836-29ce8d9957fa,517e7f4a-0f85-93c3-44f0-07171d75f901,COMPLETED,1539423.6,TZS,15b02530-f020-e992-b576-255e98549f22,a4bbf962-606e-0e1c-8f15-84494f40c22f,THUNES,2026-08-30 00:35:52,2026-08-31 11:02:52,INSERT,2023,2026-09-07 11:51:00
2b0e63fd-fc3d-3138-8a5a-42725f90ee57,f7c90c89-c86a-ed73-3415-c076801c5617,COMPLETED,164032.44,KES,5cae9610-c72c-1fe3-72c2-2a1679eb4168,73b6a09b-1bea-f6ac-97fa-7f0483639007,THUNES,2026-08-15 03:36:25,2026-08-15 09:20:25,INSERT,2024,2026-09-07 11:59:00
90261d4c-88ba-135e-bd3b-17eb29529420,6151bd93-ae14-55f4-d6e8-aad3403a423a,COMPLETED,494969.0,NGN,72ecf16e-c8a7-23e9-bfa0-16c2c09cb506,4f3949a8-3d3a-2582-88b4-f4743be79df4,THUNES,2026-09-07 05:59:14,2026-09-08 14:55:14,INSERT,2025,2026-09-07 11:44:00
fae91634-3bf8-5406-389d-2267b7c25d94,ebe0c8c1-ae38-cf46-47f8-6de4c227e0f2,COMPLETED,4205572.8,UGX,46510367-cbdc-4318-4d85-a3d2a1a27485,81e0d489-5a18-e2a3-0e61-4bcd97674900,TERRAPAY,2026-07-24 22:54:32,2026-07-25 14:02:32,INSERT,2026,2026-09-07 11:52:00
886edae8-ad80-016d-b167-84b1f845846e,3a5bece9-db00-ab4c-91e5-2e86eefe02c3,FAILED,251066.0,NGN,2434a678-a9e2-7ba9-952e-6abb14dd5061,f7baf55e-4f6b-58c8-598d-daeceaafe543,CELLULANT,2026-07-30 17:25:04,2026-07-30 21:52:04,INSERT,2027,2026-09-07 11:33:00
a0135044-a041-301d-1016-8d654f90f91a,fa647958-39c2-c1a2-bcc9-245cfd81fbc0,COMPLETED,132631.13,KES,3e49fd09-1b19-d8b8-d830-20816fcc57dd,862268d1-6683-e107-96c0-44d06f887f28,THUNES,2026-09-05 05:23:20,2026-09-06 20:26:20,INSERT,2028,2026-09-07 11:37:00
e3dc8702-5033-14b1-609c-f7af0889360f,704377c3-9e9b-e9e2-9997-496bc6978476,COMPLETED,140302.8,KES,996d5c50-fc04-a168-652f-fb493873e57f,4d29d1ab-3455-12f7-01f7-c7ec0e0630cd,CELLULANT,2026-09-01 01:12:23,2026-09-01 17:22:23,INSERT,2029,2026-09-07 11:52:00
56f11afb-19ed-59a5-9e85-e4d49ec620e0,997dcd9a-dd55-4b7d-3bad-3a0d693e5fcf,COMPLETED,1177150.7,NGN,8ed6ad5e-1831-8aa3-5466-9d1910df9974,4082cbb9-48bd-db3e-62f5-df2badaa44ca,CELLULANT,2026-08-12 23:59:40,2026-08-13 06:32:40,INSERT,2030,2026-09-07 11:52:00
9a73cd2f-4f05-495e-7832-b59c25bc99ae,835c3541-6f93-be2a-95a3-40d94fc9663f,COMPLETED,314156.7,TZS,7e7e7419-a0c1-4035-c5d9-5f51f387e1bd,c2874f06-9050-f7ef-c123-5c9176c5a0dc,TERRAPAY,2026-09-01 04:36:07,2026-09-01 07:37:07,INSERT,2031,2026-09-07 11:31:00
90ebba12-9412-ba0f-da1d-3dab54c5f266,576ff264-1182-e8e7-c907-0c973385db3b,COMPLETED,105939.74,KES,ca862225-0b36-e356-339b-77a84b1f0d7b,50cae32d-0aba-590e-e2c3-28aa33107475,TERRAPAY,2026-08-02 23:39:56,2026-08-03 13:20:56,INSERT,2032,2026-09-07 11:52:00
07af3b8a-5b9e-75f4-12e0-0b9c028849d9,54de2c80-d08d-13df-f3dc-d264c4b27b21,FAILED,95036.37,KES,cfd01cbd-5f65-c8ce-bd21-bc11be9d61ee,96229348-0f5a-e9d3-8e6e-5003214f3f12,CELLULANT,2026-08-03 20:19:27,2026-08-04 12:39:27,INSERT,2033,2026-09-07 11:45:00
c993f819-a7a5-81e8-6101-14f423226464,322c3dae-2db4-e428-3ef7-839f8df4097b,COMPLETED,1684531.2,UGX,284bf962-5744-f596-7422-21676b7a2460,530ac1c7-b8ba-8368-4fc7-77685ebbcca5,THUNES,2026-08-28 09:30:19,2026-08-28 21:24:19,INSERT,2034,2026-09-07 11:39:00
df73321d-47b2-e24d-cbad-3916a1243bea,965afd0f-9db4-02f1-c359-5dc20bd372a9,FAILED,1128960.0,UGX,2bffe17b-5324-01fc-f758-dce20556daea,75c8e90d-9e3d-750d-f296-d9f0cd2372c2,THUNES,2026-08-14 08:27:02,2026-08-16 03:53:02,INSERT,2035,2026-09-07 11:34:00
71cb19b3-4b88-445a-1582-de78c06a5949,6088825e-e382-6da1-6cce-4c234e55f3fe,COMPLETED,66862.79,KES,f7dc67e0-3097-4b2b-46a0-2a9b65ec7acd,d2fe2fde-d918-b3e5-f2f2-5eef1f45dbfd,CELLULANT,2026-08-15 10:42:41,2026-08-16 02:43:41,INSERT,2036,2026-09-07 11:53:00
ed360bb7-46c3-c90c-c92e-fe0114023a93,136d6cce-a535-f9d7-43ff-fdea3bd9b015,COMPLETED,939945.6,UGX,a2bb522b-0b25-1279-785a-c5d0df92a621,40ef3935-5f90-bed6-fb25-664d630aa767,THUNES,2026-08-12 01:29:39,2026-08-12 03:11:39,INSERT,2037,2026-09-07 11:55:00
d26580c0-67df-c9af-f220-eeb567602abd,8b0a4802-bd64-e8d6-b757-ec69c09c3207,WAITING_ON_PROVIDER,2965380.0,TZS,9d642932-0066-853d-6de2-99a14a90cd0c,6aa42c9f-9217-0475-3d95-9e3f5a5226e6,CELLULANT,2026-08-22 19:45:02,2026-08-23 05:10:02,INSERT,2038,2026-09-07 11:59:00
da5a8bc3-7331-5c49-704d-628f35a758ab,5735773c-761e-6287-d07c-5e53b8f6703b,COMPLETED,2266143.0,TZS,112fa612-7969-9ed2-ec48-bf55afd380c4,17dded81-15da-705c-d4ef-00aa175a81ec,CELLULANT,2026-08-21 23:54:31,2026-08-23 13:38:31,INSERT,2039,2026-09-07 11:50:00
9174f53b-548b-4c63-fe87-a6bcf3e00dc5,5379f279-4cb5-0625-89a0-6a99b0c5d3d5,COMPLETED,114064.5,KES,996d5c50-fc04-a168-652f-fb493873e57f,4d29d1ab-3455-12f7-01f7-c7ec0e0630cd,CELLULANT,2026-08-26 18:58:17,2026-08-27 22:31:17,INSERT,2040,2026-09-07 11:52:00
f686cfa7-e94d-ed1e-11ca-2a0b32f194d8,acc54c62-1ab4-44a7-2be2-6bd117deace8,FAILED,1994203.9,NGN,0e9058b6-09a0-a0f6-73b0-a0917634c169,13a4a492-497d-e16d-d4ea-120a5e659654,TERRAPAY,2026-08-15 10:04:36,2026-08-17 05:42:36,INSERT,2041,2026-09-07 11:59:00
9339304b-9a8c-b3d7-28a5-e34d798b2f02,639509c4-119a-7396-be3e-9a907a6eaaa5,COMPLETED,1028447.2,NGN,0c3ce284-c7e5-3bbb-dcb5-1c535b62a8df,45f18619-54f9-0429-a7de-02ccdda4f4a7,TERRAPAY,2026-07-29 21:01:33,2026-07-30 05:50:33,INSERT,2042,2026-09-07 11:32:00
e188d3d7-a573-dc30-49b4-96251752815c,0a0175e5-937d-6fb1-7673-359775cff755,COMPLETED,3809904.0,UGX,5cd33369-04aa-c1b7-5ca0-c428822c4d32,36d55494-f37f-d50d-2e25-b5ee4f11d8dc,TERRAPAY,2026-09-06 16:34:45,2026-09-08 07:26:45,INSERT,2043,2026-09-07 11:40:00
11162039-ea92-659b-aaaa-077f4ab946a2,b2da61f7-64bf-c76d-1874-ed7d9190c53f,COMPLETED,658590.9,TZS,72d78bdd-7817-99ff-b49e-04ccc24369e7,144823f7-e7e6-46c7-0158-24639d8776a0,CELLULANT,2026-09-06 17:11:50,2026-09-08 14:11:50,INSERT,2044,2026-09-07 11:44:00
09ab99a3-658c-72ee-31c4-6ef9db13f2ec,12bcf090-06d6-fba7-7650-9bcd0b6d35d7,COMPLETED,668217.0,TZS,9d642932-0066-853d-6de2-99a14a90cd0c,6aa42c9f-9217-0475-3d95-9e3f5a5226e6,THUNES,2026-08-01 12:03:05,2026-08-02 05:19:05,INSERT,2045,2026-09-07 11:33:00
8844bc0c-accf-b130-e487-2e7708d16094,c37a927b-abe0-5b22-13dc-a1542b1fc2ab,COMPLETED,3227856.0,UGX,5cd33369-04aa-c1b7-5ca0-c428822c4d32,36d55494-f37f-d50d-2e25-b5ee4f11d8dc,THUNES,2026-07-30 12:38:48,2026-08-01 01:08:48,INSERT,2046,2026-09-07 11:45:00
38772265-102c-01a3-ab40-4598ae11d3c2,3332432b-3d10-fa95-e8a4-42385fe8b710,WAITING_ON_PROVIDER,4019328.0,UGX,5cd33369-04aa-c1b7-5ca0-c428822c4d32,36d55494-f37f-d50d-2e25-b5ee4f11d8dc,THUNES,2026-08-11 19:41:51,2026-08-12 09:28:51,INSERT,2047,2026-09-07 11:46:00
c47dd678-4d31-5923-693d-a46c37f39aac,10e67176-3858-3966-7572-56f63677f5b4,COMPLETED,161251.2,UGX,6a07f213-7129-cec7-9b69-554d7c54535f,832920b7-c143-f426-372f-871a45ee432d,CELLULANT,2026-08-25 05:57:24,2026-08-26 03:33:24,INSERT,2048,2026-09-07 11:42:00
1452e130-9ea8-ffe3-3e59-034bc1dadb7d,3b8c0f84-0367-1560-fd06-875bb462931f,COMPLETED,2222448.0,UGX,59fefbbc-71a3-fad2-b094-6d2a2aa93b43,debac186-ba10-8217-0ad7-c9a2727716ec,THUNES,2026-08-24 14:20:37,2026-08-25 06:13:37,INSERT,2049,2026-09-07 11:42:00
34b0738e-3e04-0782-57bd-0ca854ce20ea,fa41dd2e-cab2-1438-8557-ec6c0a23b722,COMPLETED,3056753.7,TZS,7e7e7419-a0c1-4035-c5d9-5f51f387e1bd,c2874f06-9050-f7ef-c123-5c9176c5a0dc,CELLULANT,2026-08-08 21:57:33,2026-08-10 17:54:33,INSERT,2050,2026-09-07 11:41:00
6d1e0d7d-1402-96ee-81e6-935f3c7ed208,3447c34a-f032-c262-243b-7101fdf48930,COMPLETED,217305.0,TZS,29890880-277d-1be9-6070-b6a198e52499,c566aa81-b15e-54f6-d4d3-07952e4bebc4,CELLULANT,2026-07-27 21:32:18,2026-07-28 10:41:18,INSERT,2051,2026-09-07 11:53:00
61a4b230-c30d-cc74-0512-56b87b64665c,6c35e33c-70fe-05a1-7880-adc62af2b718,COMPLETED,1222518.0,TZS,29890880-277d-1be9-6070-b6a198e52499,c566aa81-b15e-54f6-d4d3-07952e4bebc4,TERRAPAY,2026-07-28 09:13:31,2026-07-29 09:46:31,INSERT,2052,2026-09-07 11:46:00
4eccb0ab-7d53-38ca-6250-46c05f866c8e,6507c321-f0b6-844f-6a73-30b3ecfa1700,WAITING_ON_PROVIDER,82125.12,KES,899ca782-e323-6d1a-3c1b-dacc18e19331,5efa9c5b-7421-ff46-637e-4b0122bae10e,CELLULANT,2026-08-28 17:05:19,2026-08-29 18:38:19,INSERT,2053,2026-09-07 11:54:00
25b9de82-ae5a-5f99-f1bb-5d9b7499bb6b,a1861de1-5c85-a58c-d029-0d6bebe55cc4,WAITING_ON_PROVIDER,2113920.0,UGX,5e2ad32d-31ab-0b56-d5c9-fdc7e76adca9,fc043f08-9207-0158-f277-1f63ada58417,TERRAPAY,2026-08-05 11:31:59,2026-08-06 04:04:59,INSERT,2054,2026-09-07 11:32:00
e2fb8d66-a892-8ad4-887f-e19cf7ba19f9,4d5e42e8-b11c-377f-40bc-2b566d4772f8,COMPLETED,30114.48,KES,3e49fd09-1b19-d8b8-d830-20816fcc57dd,862268d1-6683-e107-96c0-44d06f887f28,TERRAPAY,2026-09-05 00:37:16,2026-09-06 05:30:16,INSERT,2055,2026-09-07 11:43:00
6e52b671-bba8-a7e5-49d0-aac1a78eb37c,d0fee4f1-2b1c-2d3d-fcad-b3fd01a4c2d1,WAITING_ON_PROVIDER,3353486.4,UGX,88575117-6155-4667-2112-507c2cfa55b0,8f0881ee-8011-316b-3ae8-8926b423ccde,THUNES,2026-08-03 16:06:53,2026-08-04 19:17:53,INSERT,2056,2026-09-07 11:41:00
0ab74b5d-fcd4-9681-ca09-7b17951b2503,01d99b33-f488-e328-c075-e119441dde33,COMPLETED,121707.3,TZS,15b02530-f020-e992-b576-255e98549f22,a4bbf962-606e-0e1c-8f15-84494f40c22f,THUNES,2026-08-26 03:52:26,2026-08-26 10:45:26,INSERT,2057,2026-09-07 11:47:00
74f8a913-00ca-280f-19a5-3942ce67b962,5c784ca4-f0e4-ca0b-3d56-3b0ed11ce5c8,WAITING_ON_PROVIDER,2968383.0,TZS,9a36d1ec-2c6a-6e9a-3280-67a14187222b,a7cf705c-c257-cf73-c29d-782b2722796e,CELLULANT,2026-09-05 17:06:08,2026-09-06 16:32:08,INSERT,2058,2026-09-07 11:39:00
0bb68d75-df99-6726-5c36-6f5ca23f3abf,a904babd-69c2-aa17-83d1-677a79a6ab72,COMPLETED,1253602.9,NGN,3dba6da8-5844-f9fc-114b-9547c9dc72b8,1a89b71e-a0d5-72c8-a837-fe68bba205ca,CELLULANT,2026-08-23 12:25:54,2026-08-25 11:16:54,INSERT,2059,2026-09-07 11:41:00
2ba17f78-362e-17d4-3e4c-943a3dabba61,fcba6c80-8c7a-a939-ff0d-d3c2ac4dcd33,COMPLETED,596047.1,NGN,0c3ce284-c7e5-3bbb-dcb5-1c535b62a8df,45f18619-54f9-0429-a7de-02ccdda4f4a7,CELLULANT,2026-09-01 04:21:48,2026-09-01 10:18:48,INSERT,2060,2026-09-07 11:31:00
979a7368-bd96-bb0a-5719-d3e416d1d768,f75c0751-8fd8-acb4-c8fb-2050a460cf44,WAITING_ON_PROVIDER,1291735.5,TZS,541c7a86-3ba5-cd2f-dea4-5c19d0243d72,e68933a9-c9e4-8e8c-25c6-1c45c63d04ee,THUNES,2026-08-29 13:37:12,2026-08-31 15:07:12,INSERT,2061,2026-09-07 11:31:00
d0ef1299-250b-1c5a-50e0-8a8175ea1023,850e6d30-2055-adec-cbeb-b43fef15b821,COMPLETED,3096607.8,TZS,15b02530-f020-e992-b576-255e98549f22,a4bbf962-606e-0e1c-8f15-84494f40c22f,TERRAPAY,2026-08-09 00:24:39,2026-08-10 01:20:39,INSERT,2062,2026-09-07 11:47:00
fc00f3e7-4c91-ef0e-644d-852cba3696cc,399e4d08-cf77-98cc-ef36-feb1bb8f7b2b,COMPLETED,985632.0,UGX,2bffe17b-5324-01fc-f758-dce20556daea,75c8e90d-9e3d-750d-f296-d9f0cd2372c2,CELLULANT,2026-09-02 16:33:20,2026-09-04 17:29:20,INSERT,2063,2026-09-07 11:36:00
d7770933-adf0-1fe0-6d57-2692fb924354,db2c1379-b9d8-59f5-5cba-d41002568225,COMPLETED,2421500.4,TZS,5e0a72ab-7f5d-b163-b12b-66807f072cb9,4447ceab-84ef-4324-cc1b-4157ec9f9c54,THUNES,2026-09-01 13:08:43,2026-09-02 02:30:43,INSERT,2064,2026-09-07 11:51:00
4612d424-7ac0-67a6-9297-eaacfcc2ed18,1f3ec572-1527-b2ac-1ddb-4f151eb85863,WAITING_ON_PROVIDER,717371.6,NGN,0c3ce284-c7e5-3bbb-dcb5-1c535b62a8df,45f18619-54f9-0429-a7de-02ccdda4f4a7,CELLULANT,2026-08-25 05:01:40,2026-08-26 11:25:40,INSERT,2065,2026-09-07 11:37:00
c0c3d59e-c0e5-ea1a-1fc4-5171a6d5dac6,87b3d329-cfec-1804-c891-c9c689529c51,WAITING_ON_PROVIDER,1848867.9,TZS,541c7a86-3ba5-cd2f-dea4-5c19d0243d72,e68933a9-c9e4-8e8c-25c6-1c45c63d04ee,THUNES,2026-07-25 11:00:22,2026-07-26 13:53:22,INSERT,2066,2026-09-07 11:34:00
ff2e1955-fc6b-c66b-e929-15a385cd74bf,e79524eb-84fa-3889-f21f-9823f23b1efb,WAITING_ON_PROVIDER,594667.7,NGN,67884209-92ca-525a-6de5-93329364f3d0,4a1dab32-6aed-fdc7-a3e0-5309b5a1b949,TERRAPAY,2026-07-24 12:05:58,2026-07-25 05:03:58,INSERT,2067,2026-09-07 11:48:00
f1da833d-1550-2390-74c0-db3e666a4a82,9f4fe355-baa6-961c-20e4-dbfe470367f7,FAILED,98149.76,KES,ca862225-0b36-e356-339b-77a84b1f0d7b,50cae32d-0aba-590e-e2c3-28aa33107475,TERRAPAY,2026-08-20 07:12:32,2026-08-20 21:57:32,INSERT,2068,2026-09-07 11:34:00
e8c44e4c-5ce1-bcc2-16c7-02a1a3e2ac17,13d8a6e6-3f5c-022a-9a86-013df6c9dd38,COMPLETED,738752.3,NGN,67884209-92ca-525a-6de5-93329364f3d0,4a1dab32-6aed-fdc7-a3e0-5309b5a1b949,TERRAPAY,2026-08-08 20:35:11,2026-08-10 02:12:11,INSERT,2069,2026-09-07 11:34:00
51683612-2bb6-1a4e-0c47-5261e585a0a5,8769ee24-1875-589a-7d57-a51fce8a5306,COMPLETED,115437.46,KES,21bddb41-0699-8731-ddcf-8766a93b12cd,c9d6a63b-ca3c-6f5f-5bb5-c40c03cde2e3,TERRAPAY,2026-08-28 20:33:46,2026-08-29 17:29:46,INSERT,2070,2026-09-07 11:51:00
be501500-15a7-5ed9-0eb2-858f9347f486,d862042e-500f-86b1-c544-a04968115a5c,WAITING_ON_PROVIDER,1784358.4,NGN,be4969ec-6667-d3bb-e3b5-63606fdc0bad,62fb26d7-f4db-ca07-e506-f6707092947d,TERRAPAY,2026-09-04 03:33:03,2026-09-04 09:30:03,INSERT,2071,2026-09-07 11:46:00
e15d6e51-ffc9-77e4-d2c7-f176eba332b1,6ccb6ae1-b6d3-31ca-01dd-c628bef46f0c,COMPLETED,1561002.0,NGN,b61e5fdb-1a43-5206-ef2d-dcc48df661da,1feae1e0-d9e6-04b3-8412-a335d88c656d,CELLULANT,2026-08-23 10:01:33,2026-08-23 23:00:33,INSERT,2072,2026-09-07 11:48:00
43c6b532-4b25-c483-7bae-0f3b4c96edc2,e9fedd48-5684-7457-1cfc-df01f8401eea,COMPLETED,36471.43,KES,57eb89b1-d65e-59dd-e62d-2d06cf9b8558,812a1f9b-1596-9802-b6dd-6257fb7d9f1c,THUNES,2026-08-17 13:18:30,2026-08-18 15:11:30,INSERT,2073,2026-09-07 11:48:00
e604bfbe-83aa-622f-8772-df4a15b1c4a6,e3e3e73b-5987-5c7d-0151-ccb01b6f1a9e,FAILED,536845.0,NGN,c9776598-203c-8c25-fd23-5def3e5a87e3,d46ef104-1190-6f50-3488-5a4690882eaf,THUNES,2026-08-15 20:21:04,2026-08-16 18:47:04,INSERT,2074,2026-09-07 11:31:00
e2320dc9-5bf6-f06d-017c-c74e6f180343,5a8e8f05-23ce-cf1e-296d-f91f7079ae53,COMPLETED,1135307.0,NGN,a53bc024-d1a6-9d87-f54e-2019ba35844e,1a5165ca-3c7c-1d85-25cf-0041d0a643fe,CELLULANT,2026-07-29 18:38:19,2026-07-31 00:35:19,INSERT,2075,2026-09-07 11:30:00
caef3c9e-1b9d-ff1b-f52a-6cbf1c17729f,532bd70a-209f-839f-b6dd-bd11ae864837,COMPLETED,1126567.0,NGN,0e9058b6-09a0-a0f6-73b0-a0917634c169,13a4a492-497d-e16d-d4ea-120a5e659654,THUNES,2026-08-17 05:48:19,2026-08-18 19:22:19,INSERT,2076,2026-09-07 11:30:00
47f8b6f1-3fdd-0e2b-2fd6-129a82e09d39,2709f5b2-9e1b-e56d-3f6c-5de56dcfcb58,COMPLETED,489456.0,UGX,278ed00d-ba02-66ef-be05-5787965befdf,19597b5a-a7a8-f636-6a35-df59e2aa7a5d,THUNES,2026-08-07 04:48:50,2026-08-08 13:59:50,INSERT,2077,2026-09-07 11:52:00
6d54a501-8286-6d40-0fb4-9d987aac8a0a,6844a0e3-615e-ca80-0d0b-6920dd460c91,COMPLETED,408992.1,NGN,01902620-59dc-abd0-56fe-bfb9ebe9e207,90fa6b57-24ac-2130-deaf-528d2e709838,CELLULANT,2026-07-25 08:34:37,2026-07-27 02:40:37,INSERT,2078,2026-09-07 11:49:00
037f5347-ab40-2561-18cd-99c91c8d23b4,9b4503bc-e892-464d-47b8-85fa78d8cdd6,WAITING_ON_PROVIDER,37487.01,KES,f7dc67e0-3097-4b2b-46a0-2a9b65ec7acd,d2fe2fde-d918-b3e5-f2f2-5eef1f45dbfd,CELLULANT,2026-08-29 15:42:07,2026-08-30 13:40:07,INSERT,2079,2026-09-07 11:42:00
88973a4a-33b6-36dc-c2d0-1c42fd595978,eced9c30-721d-f83c-b464-99f43163b274,FAILED,3548736.0,UGX,5cd33369-04aa-c1b7-5ca0-c428822c4d32,36d55494-f37f-d50d-2e25-b5ee4f11d8dc,CELLULANT,2026-09-06 18:45:46,2026-09-08 15:26:46,INSERT,2080,2026-09-07 11:48:00
b19d1860-f8f4-0e49-cb5d-2aff0f9027d5,2abc42b1-0599-97f6-ca77-736e80fd963d,COMPLETED,4029936.0,UGX,59fefbbc-71a3-fad2-b094-6d2a2aa93b43,debac186-ba10-8217-0ad7-c9a2727716ec,THUNES,2026-08-13 20:10:30,2026-08-15 07:56:30,INSERT,2081,2026-09-07 11:57:00
4dac49f6-4242-fc5c-866b-329ab877e049,9794b389-37c2-3f27-9267-e7e628f5f5c2,FAILED,380338.2,NGN,8ed6ad5e-1831-8aa3-5466-9d1910df9974,4082cbb9-48bd-db3e-62f5-df2badaa44ca,THUNES,2026-08-06 16:18:49,2026-08-07 06:26:49,INSERT,2082,2026-09-07 11:37:00
b4992393-f249-1816-154f-9eb453167cb5,35c0c003-d2cb-03eb-fd52-3fad3fbefe33,COMPLETED,1223318.8,NGN,be4969ec-6667-d3bb-e3b5-63606fdc0bad,62fb26d7-f4db-ca07-e506-f6707092947d,CELLULANT,2026-09-04 21:33:53,2026-09-05 01:05:53,INSERT,2083,2026-09-07 11:55:00
8d0653e2-9ab6-2311-a261-d918a05095fa,95509b75-c7cf-b659-f063-6972c737327a,COMPLETED,1841937.9,NGN,01902620-59dc-abd0-56fe-bfb9ebe9e207,90fa6b57-24ac-2130-deaf-528d2e709838,THUNES,2026-08-19 14:06:11,2026-08-21 10:59:11,INSERT,2084,2026-09-07 11:49:00
9b9a3a55-aff7-45a0-64ea-1dd3d147a0bf,e29ff19c-29b5-0942-4f66-a91405635b30,COMPLETED,126524.97,KES,9bb96155-5275-eb94-14ae-af5ce63658c9,466772ce-204e-178c-10d0-8d1125f934bf,THUNES,2026-08-28 21:54:20,2026-08-29 10:13:20,INSERT,2085,2026-09-07 11:32:00
23a49571-33cb-59ef-15c0-4765b51bd20f,03748864-9981-d28f-a09c-4325f047fbeb,COMPLETED,1226592.0,UGX,ca9e4a62-fae3-114b-a3b4-42bd46494296,abd2b512-1335-e5db-0eaf-04b5f2a9dc8a,TERRAPAY,2026-08-30 21:15:07,2026-08-31 02:58:07,INSERT,2086,2026-09-07 11:33:00
39d38f2b-496e-c0c9-a7c5-f9605a7284a2,6a5018b5-d623-c671-e2ee-d64b82f47196,COMPLETED,927729.0,TZS,29890880-277d-1be9-6070-b6a198e52499,c566aa81-b15e-54f6-d4d3-07952e4bebc4,CELLULANT,2026-07-29 11:47:18,2026-07-31 00:58:18,INSERT,2087,2026-09-07 11:37:00
5e7e2813-a967-3fe1-7fce-e629ea8e55a5,aad26db6-e4a3-5a10-2674-d1ff6cdcd3be,COMPLETED,32597.4,KES,ddf275eb-e8a3-f341-c881-9065ba2c98ce,75424646-4d37-a539-857d-d3b3a8addf36,TERRAPAY,2026-08-09 18:07:17,2026-08-11 11:04:17,INSERT,2088,2026-09-07 11:52:00
6b2d470a-6218-6d10-3ef3-d5beebee4c80,b184071c-7b35-b9f9-6c80-423a7e8450d7,COMPLETED,815841.0,NGN,fcce96f6-250a-4578-fbe9-4499dbc080fd,cc6b66e5-402a-df9c-8a4b-8f7c21472a15,CELLULANT,2026-08-30 18:14:36,2026-08-31 20:32:36,INSERT,2089,2026-09-07 11:34:00
b2351615-06be-ab4a-bbab-3b0e60a1451d,35f2e254-3e14-4f6a-6bcb-b347e9b758ee,COMPLETED,1829168.0,NGN,67884209-92ca-525a-6de5-93329364f3d0,4a1dab32-6aed-fdc7-a3e0-5309b5a1b949,TERRAPAY,2026-07-31 11:56:07,2026-08-02 01:35:07,INSERT,2090,2026-09-07 11:42:00
b1fbb587-a514-b3fc-c809-a0b471a84189,23de67fc-be59-d035-7842-80712eb35f6a,FAILED,25038.75,KES,4ffca6b1-99b4-79d4-49a2-14aef7e8f8e5,81e5c9f6-93f2-77cc-1a85-910d5a057c11,THUNES,2026-09-02 20:15:51,2026-09-04 00:41:51,INSERT,2091,2026-09-07 11:41:00
f91e8b9b-4596-7e76-2824-162dee7385d8,3a314e67-b598-2577-4e58-3dde807ab658,WAITING_ON_PROVIDER,2735205.0,TZS,9a36d1ec-2c6a-6e9a-3280-67a14187222b,a7cf705c-c257-cf73-c29d-782b2722796e,THUNES,2026-09-02 18:27:31,2026-09-03 12:04:31,INSERT,2092,2026-09-07 11:55:00
65ec4424-f56f-ebb1-484b-824bc06e1029,fb04c6b1-022b-a960-4f00-ba6af189d0b1,COMPLETED,563977.0,NGN,2434a678-a9e2-7ba9-952e-6abb14dd5061,f7baf55e-4f6b-58c8-598d-daeceaafe543,CELLULANT,2026-07-26 17:13:18,2026-07-26 20:30:18,INSERT,2093,2026-09-07 11:56:00
3734a78d-e268-2c9f-3b48-2d28b7ed2c13,4a454398-0993-96ff-da1e-72b2de6a7c6e,FAILED,94319.94,KES,21bddb41-0699-8731-ddcf-8766a93b12cd,c9d6a63b-ca3c-6f5f-5bb5-c40c03cde2e3,CELLULANT,2026-09-01 03:29:16,2026-09-02 05:35:16,INSERT,2094,2026-09-07 11:30:00
ded64d2a-c42d-5f03-2482-e8d103d33907,9b5c4b58-9c42-5665-ff3c-03a6357544ee,WAITING_ON_PROVIDER,754740.8,NGN,67884209-92ca-525a-6de5-93329364f3d0,4a1dab32-6aed-fdc7-a3e0-5309b5a1b949,TERRAPAY,2026-08-31 01:58:45,2026-09-02 00:36:45,INSERT,2095,2026-09-07 11:34:00
e06ca678-c35d-8f64-418a-f089fa7de961,42089fc8-75f3-21cb-c59d-e4aab5ed7ce8,COMPLETED,299838.0,TZS,541c7a86-3ba5-cd2f-dea4-5c19d0243d72,e68933a9-c9e4-8e8c-25c6-1c45c63d04ee,TERRAPAY,2026-08-10 15:42:14,2026-08-10 21:48:14,INSERT,2096,2026-09-07 11:43:00
bdb4f711-0e9b-65bb-a4d4-7431fa38f5a0,69c718ee-aea4-b7d6-155f-a2f45fa9b21a,COMPLETED,155690.7,KES,ca862225-0b36-e356-339b-77a84b1f0d7b,50cae32d-0aba-590e-e2c3-28aa33107475,THUNES,2026-08-18 09:04:53,2026-08-20 03:43:53,INSERT,2097,2026-09-07 11:37:00
3310880a-6ee0-95d5-c4a9-d8ac659e2deb,d17b6fc6-e66e-b0e2-88fd-5890a479dce2,WAITING_ON_PROVIDER,1062025.9,NGN,5a856750-692a-c139-1f4a-8ca1ab85fd59,c012a0ff-f0ed-e303-aa53-c19cdfa4bb9f,TERRAPAY,2026-07-29 00:56:20,2026-07-30 00:46:20,INSERT,2098,2026-09-07 11:44:00
05df9333-de36-992f-3624-65c10dd8063b,615a58bd-c632-554b-99e0-3598fce12a25,WAITING_ON_PROVIDER,94383.63,KES,ddf275eb-e8a3-f341-c881-9065ba2c98ce,75424646-4d37-a539-857d-d3b3a8addf36,CELLULANT,2026-08-03 20:42:38,2026-08-04 18:34:38,INSERT,2099,2026-09-07 11:42:00
4c01f701-c0d0-2553-f69f-239b578e911f,e6d1fe21-e51b-dfff-17aa-3aee0dc20df3,COMPLETED,780737.1,TZS,7e7e7419-a0c1-4035-c5d9-5f51f387e1bd,c2874f06-9050-f7ef-c123-5c9176c5a0dc,THUNES,2026-08-26 00:11:32,2026-08-26 17:54:32,INSERT,2100,2026-09-07 11:49:00
bbfecb11-f060-46a1-d2d1-2566fc829c09,52e0234e-2505-a2b6-9dd3-c15a9417e0f5,FAILED,3148800.0,UGX,2bffe17b-5324-01fc-f758-dce20556daea,75c8e90d-9e3d-750d-f296-d9f0cd2372c2,CELLULANT,2026-08-03 03:20:20,2026-08-03 08:39:20,INSERT,2101,2026-09-07 11:56:00
5d21a235-d053-d7f4-5ec9-1fdc03add1a4,60a78c20-99d7-6c9c-2a85-98d1c63e0e47,WAITING_ON_PROVIDER,135750.61,KES,21bddb41-0699-8731-ddcf-8766a93b12cd,c9d6a63b-ca3c-6f5f-5bb5-c40c03cde2e3,THUNES,2026-08-02 14:38:10,2026-08-03 19:20:10,INSERT,2102,2026-09-07 11:34:00
8af2820e-29a3-e5f6-984a-d4638d814215,5f84e3c5-6daa-8c7e-7575-76022d02223f,COMPLETED,250319.3,NGN,bdf66ba5-dc9c-96de-65a6-74c212738a23,75b27455-04cc-3ede-6fac-16730ad45230,TERRAPAY,2026-08-18 21:32:13,2026-08-19 20:28:13,INSERT,2103,2026-09-07 11:33:00
32103c49-1d4f-f1c8-618e-72a78d34dd83,390e9f57-363d-2fb5-6baf-1e8fda095b0c,FAILED,130325.91,KES,21bddb41-0699-8731-ddcf-8766a93b12cd,c9d6a63b-ca3c-6f5f-5bb5-c40c03cde2e3,TERRAPAY,2026-09-01 14:54:26,2026-09-01 17:08:26,INSERT,2104,2026-09-07 11:40:00
64305373-f936-a968-8e44-f2f83de8a4cd,d1edc618-84da-c679-d113-b5ffd73cad84,COMPLETED,3435120.0,UGX,59fefbbc-71a3-fad2-b094-6d2a2aa93b43,debac186-ba10-8217-0ad7-c9a2727716ec,THUNES,2026-07-25 18:34:47,2026-07-26 05:03:47,INSERT,2105,2026-09-07 11:52:00
8d8b3728-d65b-c676-429e-70e0eaaa94c8,20572e73-cd19-9b5e-b5c4-3078197df05f,COMPLETED,1469823.3,TZS,eada79a3-4970-ed9a-09ce-3cfb2339ba19,d4c3a832-b231-c60b-78f2-ce6bd46b415d,THUNES,2026-08-18 14:40:17,2026-08-19 01:29:17,INSERT,2106,2026-09-07 11:36:00
059ef8d8-cba2-0d38-7db4-990d19c59f2d,2e3d9de2-e504-d1c6-4312-153d484f7f7c,COMPLETED,238740.7,NGN,0c3ce284-c7e5-3bbb-dcb5-1c535b62a8df,45f18619-54f9-0429-a7de-02ccdda4f4a7,TERRAPAY,2026-08-22 10:16:02,2026-08-22 18:39:02,INSERT,2107,2026-09-07 11:48:00
53d9a4dd-078d-27e5-378a-8ba6e608d6d3,89344b06-0790-eeb4-9b2a-1376315e4e80,COMPLETED,2063413.3,NGN,0e9058b6-09a0-a0f6-73b0-a0917634c169,13a4a492-497d-e16d-d4ea-120a5e659654,THUNES,2026-08-29 12:08:21,2026-08-30 05:31:21,INSERT,2108,2026-09-07 11:37:00
cb0c1709-9569-f8cb-1a57-4cee64903d65,316c00bc-ec1f-0155-6662-9bd2f243b5c6,WAITING_ON_PROVIDER,843795.7,NGN,8ed6ad5e-1831-8aa3-5466-9d1910df9974,4082cbb9-48bd-db3e-62f5-df2badaa44ca,CELLULANT,2026-09-01 18:34:01,2026-09-03 04:25:01,INSERT,2109,2026-09-07 11:37:00
3ecd2b8c-5b95-2506-2f98-1e44ca782f58,a52523e3-e093-97d5-d3a1-b88a9a980457,COMPLETED,1632902.7,TZS,7e7e7419-a0c1-4035-c5d9-5f51f387e1bd,c2874f06-9050-f7ef-c123-5c9176c5a0dc,THUNES,2026-08-05 18:50:25,2026-08-07 10:54:25,INSERT,2110,2026-09-07 11:39:00
472e2f3b-8f9a-fd51-1a58-fa4437abaed7,36511c93-9a0f-b0b8-489a-f19562b61594,COMPLETED,1696992.0,TZS,112fa612-7969-9ed2-ec48-bf55afd380c4,17dded81-15da-705c-d4ef-00aa175a81ec,CELLULANT,2026-09-06 03:06:45,2026-09-06 18:59:45,INSERT,2111,2026-09-07 11:42:00
1679742f-ff4c-96d6-71f2-ce8fb69f68c3,b1a8b71f-491b-90e9-9ca3-fbb3ff11c8ba,WAITING_ON_PROVIDER,862584.8,NGN,8ed6ad5e-1831-8aa3-5466-9d1910df9974,4082cbb9-48bd-db3e-62f5-df2badaa44ca,CELLULANT,2026-08-06 03:15:34,2026-08-08 03:19:34,DELETE,2112,2026-09-07 11:33:00
