event_id,user_id,device_id,platform,os_name,country,city,app_version,session_id,event_type,event_time,event_properties,user_properties,server_upload_time,_fivetran_synced
4d20d6cf-2c0c-ad5c-e209-5271334dd7aa,,2a53dbd6-655f-daa5-756e-3fd6589a2b88,iOS,mobile,DE,London,5.2.0,3596988949189,app.opened,2026-08-15 20:35:24,{},"{""account_status"": ""ACTIVE""}",2026-08-15 20:35:29,2026-09-07 06:10:00
3c7686e5-2f41-87bc-1493-794a4eba12da,,2a53dbd6-655f-daa5-756e-3fd6589a2b88,iOS,mobile,DE,London,5.2.0,3596988949189,sign_up.started,2026-08-15 20:37:24,{},"{""account_status"": ""ACTIVE""}",2026-08-15 20:37:29,2026-09-07 06:10:00
d87db947-8e2b-4d2c-af49-63952775957e,,cd2e6c8b-2436-c8de-c40c-fbdecaf91924,iOS,mobile,DE,London,5.2.0,5306667364127,app.opened,2026-08-14 16:34:58,{},"{""account_status"": ""ACTIVE""}",2026-08-14 16:35:03,2026-09-07 06:10:00
7a3338e0-0144-0fa3-5fcf-5c27c68e47b0,,cd2e6c8b-2436-c8de-c40c-fbdecaf91924,iOS,mobile,DE,London,5.2.0,5306667364127,sign_up.started,2026-08-14 16:36:58,{},"{""account_status"": ""ACTIVE""}",2026-08-14 16:37:03,2026-09-07 06:10:00
64e04880-afd1-3c73-8cc1-9913788664f3,de8a774b-cf36-d58b-4737-819096da1dac,cd2e6c8b-2436-c8de-c40c-fbdecaf91924,iOS,mobile,DE,London,5.2.0,5306667364127,sign_up.completed,2026-08-14 16:41:58,{},"{""account_status"": ""ACTIVE""}",2026-08-14 16:42:03,2026-09-07 06:10:00
6054a51c-ab1e-ad74-78e9-0ae9e9af6d28,de8a774b-cf36-d58b-4737-819096da1dac,cd2e6c8b-2436-c8de-c40c-fbdecaf91924,iOS,mobile,DE,London,5.2.0,5306667364127,kyc_step.completed,2026-08-14 16:51:58,"{""step"": 1, ""is_final_step"": false}","{""account_status"": ""ACTIVE""}",2026-08-14 16:52:03,2026-09-07 06:10:00
3e245711-b4cb-1a42-76a6-e2e6d4d32808,de8a774b-cf36-d58b-4737-819096da1dac,cd2e6c8b-2436-c8de-c40c-fbdecaf91924,iOS,mobile,DE,London,5.2.0,5306667364127,kyc_step.completed,2026-08-14 17:01:58,"{""step"": 2, ""is_final_step"": false}","{""account_status"": ""ACTIVE""}",2026-08-14 17:02:03,2026-09-07 06:10:00
63380b42-1887-fa69-eabd-37dac357a620,de8a774b-cf36-d58b-4737-819096da1dac,cd2e6c8b-2436-c8de-c40c-fbdecaf91924,iOS,mobile,DE,London,5.2.0,5306667364127,kyc_step.completed,2026-08-14 17:11:58,"{""step"": 3, ""is_final_step"": true}","{""account_status"": ""ACTIVE""}",2026-08-14 17:12:03,2026-09-07 06:10:00
c5f4656a-665e-c4dd-222e-c711ef6d5b4b,de8a774b-cf36-d58b-4737-819096da1dac,cd2e6c8b-2436-c8de-c40c-fbdecaf91924,iOS,mobile,DE,London,5.2.0,5306667364127,transaction.completed,2026-08-22 20:41:58,{},"{""account_status"": ""ACTIVE""}",2026-08-22 20:42:03,2026-09-07 06:10:00
7d01d706-58cc-49bb-1258-199888bbc5bb,,d1ddd3e6-487f-70f0-e5e4-b93553bd99f9,Android,mobile,DE,London,5.2.0,7930346081377,app.opened,2026-08-26 06:06:24,{},"{""account_status"": ""ACTIVE""}",2026-08-26 06:06:29,2026-09-07 06:10:00
96203553-f860-b58f-bd8c-c32eab7d09b2,,d1ddd3e6-487f-70f0-e5e4-b93553bd99f9,Android,mobile,DE,London,5.2.0,7930346081377,sign_up.started,2026-08-26 06:08:24,{},"{""account_status"": ""ACTIVE""}",2026-08-26 06:08:29,2026-09-07 06:10:00
3c33499f-c491-6b7f-2d9b-e5429bc81ea5,ec1b8ca1-f91e-1d4c-1ff4-9b7889463e85,d1ddd3e6-487f-70f0-e5e4-b93553bd99f9,Android,mobile,DE,London,5.2.0,7930346081377,sign_up.completed,2026-08-26 06:38:24,{},"{""account_status"": ""ACTIVE""}",2026-08-26 06:38:29,2026-09-07 06:10:00
00684d9c-d2bf-bc31-805f-6a69570078c1,ec1b8ca1-f91e-1d4c-1ff4-9b7889463e85,d1ddd3e6-487f-70f0-e5e4-b93553bd99f9,Android,mobile,DE,London,5.2.0,7930346081377,kyc_step.completed,2026-08-26 06:48:24,"{""step"": 1, ""is_final_step"": false}","{""account_status"": ""ACTIVE""}",2026-08-26 06:48:29,2026-09-07 06:10:00
65ef2c84-c06e-6481-9963-37aa9c4e1662,ec1b8ca1-f91e-1d4c-1ff4-9b7889463e85,d1ddd3e6-487f-70f0-e5e4-b93553bd99f9,Android,mobile,DE,London,5.2.0,7930346081377,kyc_step.completed,2026-08-26 06:58:24,"{""step"": 2, ""is_final_step"": false}","{""account_status"": ""ACTIVE""}",2026-08-26 06:58:29,2026-09-07 06:10:00
3ae61863-a544-8d55-13c7-f140ea224efd,ec1b8ca1-f91e-1d4c-1ff4-9b7889463e85,d1ddd3e6-487f-70f0-e5e4-b93553bd99f9,Android,mobile,DE,London,5.2.0,7930346081377,kyc_step.completed,2026-08-26 07:08:24,"{""step"": 3, ""is_final_step"": true}","{""account_status"": ""ACTIVE""}",2026-08-26 07:08:29,2026-09-07 06:10:00
6f766a77-4d4b-cdb2-3613-52a00b53d4e6,ec1b8ca1-f91e-1d4c-1ff4-9b7889463e85,d1ddd3e6-487f-70f0-e5e4-b93553bd99f9,Android,mobile,DE,London,5.2.0,7930346081377,transaction.completed,2026-08-28 07:38:24,{},"{""account_status"": ""ACTIVE""}",2026-08-28 07:38:29,2026-09-07 06:10:00
d23f144f-acde-afcd-6306-57654fa3baf6,,a76f7d3c-6252-2f26-56ef-26a317c50a7c,Android,mobile,US,London,5.2.0,6012874290327,app.opened,2026-08-02 05:32:13,{},"{""account_status"": ""ACTIVE""}",2026-08-02 05:32:18,2026-09-07 06:10:00
f5611747-42d2-2c74-08ea-66717b0c036b,,a76f7d3c-6252-2f26-56ef-26a317c50a7c,Android,mobile,US,London,5.2.0,6012874290327,sign_up.started,2026-08-02 05:34:13,{},"{""account_status"": ""ACTIVE""}",2026-08-02 05:34:18,2026-09-07 06:10:00
a7e70139-19f5-af3c-bb90-4dfeafa1ff17,,aeadd1dc-65f1-7e33-29dd-f2292df4e387,iOS,mobile,DE,London,5.2.0,7090618563848,app.opened,2026-08-18 14:43:17,{},"{""account_status"": ""ACTIVE""}",2026-08-18 14:43:22,2026-09-07 06:10:00
ce9205ae-cdb5-782a-678b-941fdcca9a71,,aeadd1dc-65f1-7e33-29dd-f2292df4e387,iOS,mobile,DE,London,5.2.0,7090618563848,sign_up.started,2026-08-18 14:45:17,{},"{""account_status"": ""ACTIVE""}",2026-08-18 14:45:22,2026-09-07 06:10:00
624d2ff7-81c8-d068-931e-5f8920f5128d,ce177b4e-0837-b8a3-d261-a7ab3aa2e4f9,aeadd1dc-65f1-7e33-29dd-f2292df4e387,iOS,mobile,DE,London,5.2.0,7090618563848,sign_up.completed,2026-08-18 14:57:17,{},"{""account_status"": ""ACTIVE""}",2026-08-18 14:57:22,2026-09-07 06:10:00
f5bd62cd-a760-90e7-7c73-a16602f77979,ce177b4e-0837-b8a3-d261-a7ab3aa2e4f9,aeadd1dc-65f1-7e33-29dd-f2292df4e387,iOS,mobile,DE,London,5.2.0,7090618563848,kyc_step.completed,2026-08-18 15:07:17,"{""step"": 1, ""is_final_step"": false}","{""account_status"": ""ACTIVE""}",2026-08-18 15:07:22,2026-09-07 06:10:00
c577d3a5-6c26-2577-66d6-089eab91e501,ce177b4e-0837-b8a3-d261-a7ab3aa2e4f9,aeadd1dc-65f1-7e33-29dd-f2292df4e387,iOS,mobile,DE,London,5.2.0,7090618563848,kyc_step.completed,2026-08-18 15:17:17,"{""step"": 2, ""is_final_step"": false}","{""account_status"": ""ACTIVE""}",2026-08-18 15:17:22,2026-09-07 06:10:00
4236d2f9-6ccb-9163-4d8e-6d5e0df473bb,ce177b4e-0837-b8a3-d261-a7ab3aa2e4f9,aeadd1dc-65f1-7e33-29dd-f2292df4e387,iOS,mobile,DE,London,5.2.0,7090618563848,kyc_step.completed,2026-08-18 15:27:17,"{""step"": 3, ""is_final_step"": true}","{""account_status"": ""ACTIVE""}",2026-08-18 15:27:22,2026-09-07 06:10:00
88f757fb-d81b-6bb7-55c6-b8d6b6472ba8,,cd6b4aa0-ce9f-bfeb-9a87-e44d1daf7374,Android,mobile,GB,London,5.2.0,9331295971554,app.opened,2026-08-15 08:34:09,{},"{""account_status"": ""INACTIVE""}",2026-08-15 08:34:14,2026-09-07 06:10:00
c9162eb7-1c96-8b9b-5d67-9515f8c5ef5c,,cd6b4aa0-ce9f-bfeb-9a87-e44d1daf7374,Android,mobile,GB,London,5.2.0,9331295971554,sign_up.started,2026-08-15 08:36:09,{},"{""account_status"": ""INACTIVE""}",2026-08-15 08:36:14,2026-09-07 06:10:00
decceaea-622b-3588-c275-da34881e40c6,6dadd6c7-95a7-6d79-bf3c-4c06434308bc,cd6b4aa0-ce9f-bfeb-9a87-e44d1daf7374,Android,mobile,GB,London,5.2.0,9331295971554,sign_up.completed,2026-08-15 08:51:09,{},"{""account_status"": ""INACTIVE""}",2026-08-15 08:51:14,2026-09-07 06:10:00
f2bd509b-564d-36b6-01c7-ea8b267fc6ec,6dadd6c7-95a7-6d79-bf3c-4c06434308bc,cd6b4aa0-ce9f-bfeb-9a87-e44d1daf7374,Android,mobile,GB,London,5.2.0,9331295971554,kyc_step.completed,2026-08-15 09:01:09,"{""step"": 1, ""is_final_step"": false}","{""account_status"": ""INACTIVE""}",2026-08-15 09:01:14,2026-09-07 06:10:00
4201938b-9714-44b7-b522-f610ef263a84,6dadd6c7-95a7-6d79-bf3c-4c06434308bc,cd6b4aa0-ce9f-bfeb-9a87-e44d1daf7374,Android,mobile,GB,London,5.2.0,9331295971554,kyc_step.completed,2026-08-15 09:11:09,"{""step"": 2, ""is_final_step"": false}","{""account_status"": ""INACTIVE""}",2026-08-15 09:11:14,2026-09-07 06:10:00
9d5130ae-d015-f623-83d0-3e333296c4c0,6dadd6c7-95a7-6d79-bf3c-4c06434308bc,cd6b4aa0-ce9f-bfeb-9a87-e44d1daf7374,Android,mobile,GB,London,5.2.0,9331295971554,kyc_step.completed,2026-08-15 09:21:09,"{""step"": 3, ""is_final_step"": true}","{""account_status"": ""INACTIVE""}",2026-08-15 09:21:14,2026-09-07 06:10:00
996d9303-e3a0-60f1-0cd1-9e0c5dfa8933,,76fab828-0c6d-5a71-6f54-d2b9747a2ecd,iOS,mobile,GB,London,5.2.0,9098116260900,app.opened,2026-08-07 04:11:13,{},"{""account_status"": ""INACTIVE""}",2026-08-07 04:11:18,2026-09-07 06:10:00
6cfad76f-4098-7d5c-5e8a-35cbafb719ba,,76fab828-0c6d-5a71-6f54-d2b9747a2ecd,iOS,mobile,GB,London,5.2.0,9098116260900,sign_up.started,2026-08-07 04:13:13,{},"{""account_status"": ""INACTIVE""}",2026-08-07 04:13:18,2026-09-07 06:10:00
8af190cb-0606-15bf-d1b5-1519c44f376a,8da0365b-f898-97b9-405c-acec877409a9,76fab828-0c6d-5a71-6f54-d2b9747a2ecd,iOS,mobile,GB,London,5.2.0,9098116260900,sign_up.completed,2026-08-07 04:24:13,{},"{""account_status"": ""INACTIVE""}",2026-08-07 04:24:18,2026-09-07 06:10:00
047c1fe5-6ac4-75a5-5b5c-d6c54b11c181,8da0365b-f898-97b9-405c-acec877409a9,76fab828-0c6d-5a71-6f54-d2b9747a2ecd,iOS,mobile,GB,London,5.2.0,9098116260900,kyc_step.completed,2026-08-07 04:34:13,"{""step"": 1, ""is_final_step"": false}","{""account_status"": ""INACTIVE""}",2026-08-07 04:34:18,2026-09-07 06:10:00
a2cfc32d-4c34-f9de-531b-1e76725f875a,8da0365b-f898-97b9-405c-acec877409a9,76fab828-0c6d-5a71-6f54-d2b9747a2ecd,iOS,mobile,GB,London,5.2.0,9098116260900,kyc_step.completed,2026-08-07 04:44:13,"{""step"": 2, ""is_final_step"": false}","{""account_status"": ""INACTIVE""}",2026-08-07 04:44:18,2026-09-07 06:10:00
5b745fdd-1c97-4694-9884-f76d091e11df,8da0365b-f898-97b9-405c-acec877409a9,76fab828-0c6d-5a71-6f54-d2b9747a2ecd,iOS,mobile,GB,London,5.2.0,9098116260900,kyc_step.completed,2026-08-07 04:54:13,"{""step"": 3, ""is_final_step"": true}","{""account_status"": ""INACTIVE""}",2026-08-07 04:54:18,2026-09-07 06:10:00
a2070bf3-2507-68f2-ba0e-bd5620451dbd,,3fa60025-656e-5170-bd1a-2704880136fc,iOS,mobile,DE,London,5.2.0,2664450087508,app.opened,2026-08-02 00:07:43,{},"{""account_status"": ""ACTIVE""}",2026-08-02 00:07:48,2026-09-07 06:10:00
46527e16-e489-149f-6e5c-9ae77e52c22c,,3fa60025-656e-5170-bd1a-2704880136fc,iOS,mobile,DE,London,5.2.0,2664450087508,sign_up.started,2026-08-02 00:09:43,{},"{""account_status"": ""ACTIVE""}",2026-08-02 00:09:48,2026-09-07 06:10:00
eb34d8de-3e7d-623e-9e03-83d4b061c6ff,e9a1fa6f-81f7-6d1c-2dbc-2134c30ff46e,3fa60025-656e-5170-bd1a-2704880136fc,iOS,mobile,DE,London,5.2.0,2664450087508,sign_up.completed,2026-08-02 00:25:43,{},"{""account_status"": ""ACTIVE""}",2026-08-02 00:25:48,2026-09-07 06:10:00
25916ffa-09cd-33a6-5f6f-83c5539b4d73,,d20b58cf-bb91-6d1c-eea9-0156d5bd2de2,Android,mobile,GB,London,5.2.0,2344499315346,app.opened,2026-08-18 21:57:24,{},"{""account_status"": ""ACTIVE""}",2026-08-18 21:57:29,2026-09-07 06:10:00
a347cf55-b94b-a015-fa12-67979bfe970a,,d20b58cf-bb91-6d1c-eea9-0156d5bd2de2,Android,mobile,GB,London,5.2.0,2344499315346,sign_up.started,2026-08-18 21:59:24,{},"{""account_status"": ""ACTIVE""}",2026-08-18 21:59:29,2026-09-07 06:10:00
b9b3c0ee-faf2-be80-833b-de7861c50cc8,d0e6e660-7c69-dee1-bb5e-4bcf15ed6269,d20b58cf-bb91-6d1c-eea9-0156d5bd2de2,Android,mobile,GB,London,5.2.0,2344499315346,sign_up.completed,2026-08-18 22:04:24,{},"{""account_status"": ""ACTIVE""}",2026-08-18 22:04:29,2026-09-07 06:10:00
4d4ef3fa-bfcf-f645-a301-767aed6cbe79,d0e6e660-7c69-dee1-bb5e-4bcf15ed6269,d20b58cf-bb91-6d1c-eea9-0156d5bd2de2,Android,mobile,GB,London,5.2.0,2344499315346,kyc_step.completed,2026-08-18 22:14:24,"{""step"": 1, ""is_final_step"": false}","{""account_status"": ""ACTIVE""}",2026-08-18 22:14:29,2026-09-07 06:10:00
2f160f3d-05ba-ec78-6696-dea06c2aeb89,d0e6e660-7c69-dee1-bb5e-4bcf15ed6269,d20b58cf-bb91-6d1c-eea9-0156d5bd2de2,Android,mobile,GB,London,5.2.0,2344499315346,kyc_step.completed,2026-08-18 22:24:24,"{""step"": 2, ""is_final_step"": false}","{""account_status"": ""ACTIVE""}",2026-08-18 22:24:29,2026-09-07 06:10:00
b8ba61b8-41c1-7233-bf2c-1fd1f34ab83d,d0e6e660-7c69-dee1-bb5e-4bcf15ed6269,d20b58cf-bb91-6d1c-eea9-0156d5bd2de2,Android,mobile,GB,London,5.2.0,2344499315346,kyc_step.completed,2026-08-18 22:34:24,"{""step"": 3, ""is_final_step"": true}","{""account_status"": ""ACTIVE""}",2026-08-18 22:34:29,2026-09-07 06:10:00
4d9e9bb9-feb2-f904-42cf-4e6d92262ecf,,e98f8c8a-d63c-04c0-144b-e8bce2076595,iOS,mobile,DE,London,5.2.0,4370663038497,app.opened,2026-08-14 12:57:19,{},"{""account_status"": ""ACTIVE""}",2026-08-14 12:57:24,2026-09-07 06:10:00
daafb63a-8a06-3bf5-8398-18fc9d96bf5e,,e98f8c8a-d63c-04c0-144b-e8bce2076595,iOS,mobile,DE,London,5.2.0,4370663038497,sign_up.started,2026-08-14 12:59:19,{},"{""account_status"": ""ACTIVE""}",2026-08-14 12:59:24,2026-09-07 06:10:00
92c62630-5fcd-f4b8-0c80-33f0cc884185,5f987c71-a65e-688e-abf3-ad39fec21bbe,e98f8c8a-d63c-04c0-144b-e8bce2076595,iOS,mobile,DE,London,5.2.0,4370663038497,sign_up.completed,2026-08-14 13:23:19,{},"{""account_status"": ""ACTIVE""}",2026-08-14 13:23:24,2026-09-07 06:10:00
46586cb2-6fdb-ab51-ef7b-80f1c2be7bac,5f987c71-a65e-688e-abf3-ad39fec21bbe,e98f8c8a-d63c-04c0-144b-e8bce2076595,iOS,mobile,DE,London,5.2.0,4370663038497,kyc_step.completed,2026-08-14 13:33:19,"{""step"": 1, ""is_final_step"": false}","{""account_status"": ""ACTIVE""}",2026-08-14 13:33:24,2026-09-07 06:10:00
2f8aeb01-c73f-41d2-b059-5815bf32dbc5,5f987c71-a65e-688e-abf3-ad39fec21bbe,e98f8c8a-d63c-04c0-144b-e8bce2076595,iOS,mobile,DE,London,5.2.0,4370663038497,kyc_step.completed,2026-08-14 13:43:19,"{""step"": 2, ""is_final_step"": false}","{""account_status"": ""ACTIVE""}",2026-08-14 13:43:24,2026-09-07 06:10:00
0bb5c276-abe3-77f3-8066-703846dfe43f,5f987c71-a65e-688e-abf3-ad39fec21bbe,e98f8c8a-d63c-04c0-144b-e8bce2076595,iOS,mobile,DE,London,5.2.0,4370663038497,kyc_step.completed,2026-08-14 13:53:19,"{""step"": 3, ""is_final_step"": true}","{""account_status"": ""ACTIVE""}",2026-08-14 13:53:24,2026-09-07 06:10:00
a83f18e2-6a11-315a-c834-777604cac3d1,,48f006a3-ad9f-0e53-2e67-1517e8e52412,iOS,mobile,US,London,5.2.0,4643881103785,app.opened,2026-08-06 17:39:40,{},"{""account_status"": ""ACTIVE""}",2026-08-06 17:39:45,2026-09-07 06:10:00
76628c4e-445d-9a87-4657-3d382138681b,,48f006a3-ad9f-0e53-2e67-1517e8e52412,iOS,mobile,US,London,5.2.0,4643881103785,sign_up.started,2026-08-06 17:41:40,{},"{""account_status"": ""ACTIVE""}",2026-08-06 17:41:45,2026-09-07 06:10:00
398e1dc0-38a8-ab55-18de-abfe5172e4f0,8a0b3c33-36d8-393a-7c44-1fe7ab4220a7,48f006a3-ad9f-0e53-2e67-1517e8e52412,iOS,mobile,US,London,5.2.0,4643881103785,sign_up.completed,2026-08-06 18:03:40,{},"{""account_status"": ""ACTIVE""}",2026-08-06 18:03:45,2026-09-07 06:10:00
9c83cfae-1050-1d65-3897-3d1553199080,8a0b3c33-36d8-393a-7c44-1fe7ab4220a7,48f006a3-ad9f-0e53-2e67-1517e8e52412,iOS,mobile,US,London,5.2.0,4643881103785,kyc_step.completed,2026-08-06 18:13:40,"{""step"": 1, ""is_final_step"": false}","{""account_status"": ""ACTIVE""}",2026-08-06 18:13:45,2026-09-07 06:10:00
9bfc24bd-b647-d58d-ba68-f42949af5000,8a0b3c33-36d8-393a-7c44-1fe7ab4220a7,48f006a3-ad9f-0e53-2e67-1517e8e52412,iOS,mobile,US,London,5.2.0,4643881103785,kyc_step.completed,2026-08-06 18:23:40,"{""step"": 2, ""is_final_step"": false}","{""account_status"": ""ACTIVE""}",2026-08-06 18:23:45,2026-09-07 06:10:00
6bb73dac-9681-8aed-75ec-c661d3b4a1d1,8a0b3c33-36d8-393a-7c44-1fe7ab4220a7,48f006a3-ad9f-0e53-2e67-1517e8e52412,iOS,mobile,US,London,5.2.0,4643881103785,kyc_step.completed,2026-08-06 18:33:40,"{""step"": 3, ""is_final_step"": true}","{""account_status"": ""ACTIVE""}",2026-08-06 18:33:45,2026-09-07 06:10:00
71c316be-d297-cb66-58ab-766f51d41c6a,,79c11c4a-6398-17e5-8a9c-fc8d5429179b,iOS,mobile,GB,London,5.2.0,6992952340059,app.opened,2026-08-20 13:41:03,{},"{""account_status"": ""ACTIVE""}",2026-08-20 13:41:08,2026-09-07 06:10:00
be1924aa-dab7-12f6-7642-31c326daf6d1,,79c11c4a-6398-17e5-8a9c-fc8d5429179b,iOS,mobile,GB,London,5.2.0,6992952340059,sign_up.started,2026-08-20 13:43:03,{},"{""account_status"": ""ACTIVE""}",2026-08-20 13:43:08,2026-09-07 06:10:00
63db0dea-ac48-ceaf-2b85-ffb7b29e2126,3fa7f104-1bf9-0e27-dc96-925eccf3a171,79c11c4a-6398-17e5-8a9c-fc8d5429179b,iOS,mobile,GB,London,5.2.0,6992952340059,sign_up.completed,2026-08-20 14:02:03,{},"{""account_status"": ""ACTIVE""}",2026-08-20 14:02:08,2026-09-07 06:10:00
92419671-da2f-c99b-a923-895d08429e20,3fa7f104-1bf9-0e27-dc96-925eccf3a171,79c11c4a-6398-17e5-8a9c-fc8d5429179b,iOS,mobile,GB,London,5.2.0,6992952340059,kyc_step.completed,2026-08-20 14:12:03,"{""step"": 1, ""is_final_step"": false}","{""account_status"": ""ACTIVE""}",2026-08-20 14:12:08,2026-09-07 06:10:00
7c8dc9d0-a1a2-62d0-141f-b001f7bcbc14,3fa7f104-1bf9-0e27-dc96-925eccf3a171,79c11c4a-6398-17e5-8a9c-fc8d5429179b,iOS,mobile,GB,London,5.2.0,6992952340059,kyc_step.completed,2026-08-20 14:22:03,"{""step"": 2, ""is_final_step"": false}","{""account_status"": ""ACTIVE""}",2026-08-20 14:22:08,2026-09-07 06:10:00
15458478-5865-8721-fc25-7ff18fb30b07,3fa7f104-1bf9-0e27-dc96-925eccf3a171,79c11c4a-6398-17e5-8a9c-fc8d5429179b,iOS,mobile,GB,London,5.2.0,6992952340059,kyc_step.completed,2026-08-20 14:32:03,"{""step"": 3, ""is_final_step"": true}","{""account_status"": ""ACTIVE""}",2026-08-20 14:32:08,2026-09-07 06:10:00
c03832d0-4ab4-ea29-4dd5-16c85e8354da,3fa7f104-1bf9-0e27-dc96-925eccf3a171,79c11c4a-6398-17e5-8a9c-fc8d5429179b,iOS,mobile,GB,London,5.2.0,6992952340059,transaction.completed,2026-08-26 06:02:03,{},"{""account_status"": ""ACTIVE""}",2026-08-26 06:02:08,2026-09-07 06:10:00
c05afd94-05fe-16de-c3d3-1e5cfeee7138,,77a63918-acac-1f3b-7395-734b50b9ff30,iOS,mobile,GB,London,5.2.0,8307592781145,app.opened,2026-07-25 22:24:42,{},"{""account_status"": ""ACTIVE""}",2026-07-25 22:24:47,2026-09-07 06:10:00
be7a3168-8e72-d17c-48ac-dcf8f92dedcd,,77a63918-acac-1f3b-7395-734b50b9ff30,iOS,mobile,GB,London,5.2.0,8307592781145,sign_up.started,2026-07-25 22:26:42,{},"{""account_status"": ""ACTIVE""}",2026-07-25 22:26:47,2026-09-07 06:10:00
21b6eb84-899f-ad03-ebd2-35736012a24e,680ac07a-2a93-5d62-3c83-5dc0d9441fa5,77a63918-acac-1f3b-7395-734b50b9ff30,iOS,mobile,GB,London,5.2.0,8307592781145,sign_up.completed,2026-07-25 22:35:42,{},"{""account_status"": ""ACTIVE""}",2026-07-25 22:35:47,2026-09-07 06:10:00
18d3ab67-1f9d-4db1-d983-dadff2e5cecf,680ac07a-2a93-5d62-3c83-5dc0d9441fa5,77a63918-acac-1f3b-7395-734b50b9ff30,iOS,mobile,GB,London,5.2.0,8307592781145,kyc_step.completed,2026-07-25 22:45:42,"{""step"": 1, ""is_final_step"": false}","{""account_status"": ""ACTIVE""}",2026-07-25 22:45:47,2026-09-07 06:10:00
fdfc4a9d-3618-187c-37e2-dc86654fda31,680ac07a-2a93-5d62-3c83-5dc0d9441fa5,77a63918-acac-1f3b-7395-734b50b9ff30,iOS,mobile,GB,London,5.2.0,8307592781145,kyc_step.completed,2026-07-25 22:55:42,"{""step"": 2, ""is_final_step"": false}","{""account_status"": ""ACTIVE""}",2026-07-25 22:55:47,2026-09-07 06:10:00
2dba333f-4a12-c64f-921c-58751c526dd1,680ac07a-2a93-5d62-3c83-5dc0d9441fa5,77a63918-acac-1f3b-7395-734b50b9ff30,iOS,mobile,GB,London,5.2.0,8307592781145,kyc_step.completed,2026-07-25 23:05:42,"{""step"": 3, ""is_final_step"": true}","{""account_status"": ""ACTIVE""}",2026-07-25 23:05:47,2026-09-07 06:10:00
51c46d6e-4764-a956-9968-5a3ce6847984,,bc059dfb-fc00-814b-c70b-db6ec451e562,Android,mobile,US,London,5.2.0,8353919251040,app.opened,2026-08-12 23:18:04,{},"{""account_status"": ""PENDING""}",2026-08-12 23:18:09,2026-09-07 06:10:00
1b0b249d-a159-bef3-5cf9-0400c53f777f,,bc059dfb-fc00-814b-c70b-db6ec451e562,Android,mobile,US,London,5.2.0,8353919251040,sign_up.started,2026-08-12 23:20:04,{},"{""account_status"": ""PENDING""}",2026-08-12 23:20:09,2026-09-07 06:10:00
a2ded1de-c302-40d5-a214-5243f5d23fc6,37bb3eec-4bf5-0b52-309d-258c27a0c3d7,bc059dfb-fc00-814b-c70b-db6ec451e562,Android,mobile,US,London,5.2.0,8353919251040,sign_up.completed,2026-08-12 23:43:04,{},"{""account_status"": ""PENDING""}",2026-08-12 23:43:09,2026-09-07 06:10:00
39a01a0b-6465-7945-8852-787c891edaa2,37bb3eec-4bf5-0b52-309d-258c27a0c3d7,bc059dfb-fc00-814b-c70b-db6ec451e562,Android,mobile,US,London,5.2.0,8353919251040,kyc_step.completed,2026-08-12 23:53:04,"{""step"": 1, ""is_final_step"": false}","{""account_status"": ""PENDING""}",2026-08-12 23:53:09,2026-09-07 06:10:00
c1bf7df8-7ead-63bc-676a-504cdbeb21e2,37bb3eec-4bf5-0b52-309d-258c27a0c3d7,bc059dfb-fc00-814b-c70b-db6ec451e562,Android,mobile,US,London,5.2.0,8353919251040,kyc_step.completed,2026-08-13 00:03:04,"{""step"": 2, ""is_final_step"": false}","{""account_status"": ""PENDING""}",2026-08-13 00:03:09,2026-09-07 06:10:00
ecaf549e-d37d-cef3-4949-ded776c31071,37bb3eec-4bf5-0b52-309d-258c27a0c3d7,bc059dfb-fc00-814b-c70b-db6ec451e562,Android,mobile,US,London,5.2.0,8353919251040,kyc_step.completed,2026-08-13 00:13:04,"{""step"": 3, ""is_final_step"": true}","{""account_status"": ""PENDING""}",2026-08-13 00:13:09,2026-09-07 06:10:00
885cc793-00da-b7f8-49d5-182c6669f679,37bb3eec-4bf5-0b52-309d-258c27a0c3d7,bc059dfb-fc00-814b-c70b-db6ec451e562,Android,mobile,US,London,5.2.0,8353919251040,transaction.completed,2026-08-14 21:43:04,{},"{""account_status"": ""PENDING""}",2026-08-14 21:43:09,2026-09-07 06:10:00
f96846e7-6b08-984b-a731-d6f394853923,,76ca1cbe-c34f-b3a9-5584-9e58d4721e33,iOS,mobile,GB,London,5.2.0,7743520949180,app.opened,2026-08-25 08:29:02,{},"{""account_status"": ""ACTIVE""}",2026-08-25 08:29:07,2026-09-07 06:10:00
a2ec377a-305a-1bef-6909-03c46b13b71d,,76ca1cbe-c34f-b3a9-5584-9e58d4721e33,iOS,mobile,GB,London,5.2.0,7743520949180,sign_up.started,2026-08-25 08:31:02,{},"{""account_status"": ""ACTIVE""}",2026-08-25 08:31:07,2026-09-07 06:10:00
80dc4873-9eb3-18ad-9c15-b25e2379750a,675dd5af-3c36-5296-dca0-2eecacdabacc,76ca1cbe-c34f-b3a9-5584-9e58d4721e33,iOS,mobile,GB,London,5.2.0,7743520949180,sign_up.completed,2026-08-25 08:40:02,{},"{""account_status"": ""ACTIVE""}",2026-08-25 08:40:07,2026-09-07 06:10:00
78cf536a-a020-72d9-91be-0c2a2a9d0c6a,,68a57ee7-bb6e-0d06-9211-d6cc997d4ca9,Android,mobile,US,London,5.2.0,5396370668579,app.opened,2026-07-25 14:34:11,{},"{""account_status"": ""ACTIVE""}",2026-07-25 14:34:16,2026-09-07 06:10:00
5ecbb693-f3ac-2f5e-1749-939daf326af5,,68a57ee7-bb6e-0d06-9211-d6cc997d4ca9,Android,mobile,US,London,5.2.0,5396370668579,sign_up.started,2026-07-25 14:36:11,{},"{""account_status"": ""ACTIVE""}",2026-07-25 14:36:16,2026-09-07 06:10:00
63abbef5-a774-2626-ca35-9116e22ddfbb,750cab75-4ccc-9bc2-a53f-8a28abf3e3fc,68a57ee7-bb6e-0d06-9211-d6cc997d4ca9,Android,mobile,US,London,5.2.0,5396370668579,sign_up.completed,2026-07-25 14:57:11,{},"{""account_status"": ""ACTIVE""}",2026-07-25 14:57:16,2026-09-07 06:10:00
e9c7eb29-d9ad-d9e0-316a-8466dd0a4a6e,750cab75-4ccc-9bc2-a53f-8a28abf3e3fc,68a57ee7-bb6e-0d06-9211-d6cc997d4ca9,Android,mobile,US,London,5.2.0,5396370668579,kyc_step.completed,2026-07-25 15:07:11,"{""step"": 1, ""is_final_step"": false}","{""account_status"": ""ACTIVE""}",2026-07-25 15:07:16,2026-09-07 06:10:00
b91a7793-5e7a-ffce-7530-57b9295026e5,750cab75-4ccc-9bc2-a53f-8a28abf3e3fc,68a57ee7-bb6e-0d06-9211-d6cc997d4ca9,Android,mobile,US,London,5.2.0,5396370668579,kyc_step.completed,2026-07-25 15:17:11,"{""step"": 2, ""is_final_step"": false}","{""account_status"": ""ACTIVE""}",2026-07-25 15:17:16,2026-09-07 06:10:00
78e00f78-2cda-a0b2-3d43-c4fedfe91357,750cab75-4ccc-9bc2-a53f-8a28abf3e3fc,68a57ee7-bb6e-0d06-9211-d6cc997d4ca9,Android,mobile,US,London,5.2.0,5396370668579,kyc_step.completed,2026-07-25 15:27:11,"{""step"": 3, ""is_final_step"": true}","{""account_status"": ""ACTIVE""}",2026-07-25 15:27:16,2026-09-07 06:10:00
758daaee-760f-dd95-93dd-bda134fe6da8,,21f55aa5-529e-0da0-3325-2134ebdfeeb4,iOS,mobile,GB,London,5.2.0,1545007494167,app.opened,2026-08-07 17:18:55,{},"{""account_status"": ""ACTIVE""}",2026-08-07 17:19:00,2026-09-07 06:10:00
71934177-9a6e-868d-af05-11973ebb65f1,,21f55aa5-529e-0da0-3325-2134ebdfeeb4,iOS,mobile,GB,London,5.2.0,1545007494167,sign_up.started,2026-08-07 17:20:55,{},"{""account_status"": ""ACTIVE""}",2026-08-07 17:21:00,2026-09-07 06:10:00
28c5b1e3-e8ac-4518-eb8f-54d8df40fe04,,761eb7e3-f909-c46c-2d47-de92cbf80a9f,iOS,mobile,DE,London,5.2.0,6827574301053,app.opened,2026-08-17 18:45:33,{},"{""account_status"": ""ACTIVE""}",2026-08-17 18:45:38,2026-09-07 06:10:00
f664b2b9-b8d8-0619-7653-8a693eaf5f08,,761eb7e3-f909-c46c-2d47-de92cbf80a9f,iOS,mobile,DE,London,5.2.0,6827574301053,sign_up.started,2026-08-17 18:47:33,{},"{""account_status"": ""ACTIVE""}",2026-08-17 18:47:38,2026-09-07 06:10:00
68065678-ad47-8200-ae99-193708464aa4,afffcfd2-341e-f40b-57c7-00aab7b56ea7,761eb7e3-f909-c46c-2d47-de92cbf80a9f,iOS,mobile,DE,London,5.2.0,6827574301053,sign_up.completed,2026-08-17 19:12:33,{},"{""account_status"": ""ACTIVE""}",2026-08-17 19:12:38,2026-09-07 06:10:00
1ef8aca7-898f-3586-b74a-3db6e223afc0,,62a40afe-dcb7-1b1f-785f-a1adfedb5a32,Android,mobile,DE,London,5.2.0,5578252922773,app.opened,2026-07-27 21:56:54,{},"{""account_status"": ""SUSPENDED""}",2026-07-27 21:56:59,2026-09-07 06:10:00
a5a7a595-9b62-d6d2-c6cf-07bfb73e54c3,,62a40afe-dcb7-1b1f-785f-a1adfedb5a32,Android,mobile,DE,London,5.2.0,5578252922773,sign_up.started,2026-07-27 21:58:54,{},"{""account_status"": ""SUSPENDED""}",2026-07-27 21:58:59,2026-09-07 06:10:00
ed696cb3-b774-b61d-6641-01fa5d0607cc,,7b163453-7042-eb9e-0612-85a7b6fac9b9,iOS,mobile,US,London,5.2.0,1703381474841,app.opened,2026-09-02 16:22:11,{},"{""account_status"": ""INACTIVE""}",2026-09-02 16:22:16,2026-09-07 06:10:00
70a6d78b-a64e-2384-a117-b86482f59390,,7b163453-7042-eb9e-0612-85a7b6fac9b9,iOS,mobile,US,London,5.2.0,1703381474841,sign_up.started,2026-09-02 16:24:11,{},"{""account_status"": ""INACTIVE""}",2026-09-02 16:24:16,2026-09-07 06:10:00
4333240a-d8d9-9ad8-255f-30b91a8709bd,e256a6dc-8f54-86b7-c7b5-b2bc5a8aaeca,7b163453-7042-eb9e-0612-85a7b6fac9b9,iOS,mobile,US,London,5.2.0,1703381474841,sign_up.completed,2026-09-02 16:29:11,{},"{""account_status"": ""INACTIVE""}",2026-09-02 16:29:16,2026-09-07 06:10:00
1c9ddbd3-caa7-8357-c0ea-7a67946e8ec2,e256a6dc-8f54-86b7-c7b5-b2bc5a8aaeca,7b163453-7042-eb9e-0612-85a7b6fac9b9,iOS,mobile,US,London,5.2.0,1703381474841,kyc_step.completed,2026-09-02 16:39:11,"{""step"": 1, ""is_final_step"": false}","{""account_status"": ""INACTIVE""}",2026-09-02 16:39:16,2026-09-07 06:10:00
69b35bf2-5dd0-9e34-2b40-88dab8d49cf2,e256a6dc-8f54-86b7-c7b5-b2bc5a8aaeca,7b163453-7042-eb9e-0612-85a7b6fac9b9,iOS,mobile,US,London,5.2.0,1703381474841,kyc_step.completed,2026-09-02 16:49:11,"{""step"": 2, ""is_final_step"": false}","{""account_status"": ""INACTIVE""}",2026-09-02 16:49:16,2026-09-07 06:10:00
e9b8b3ea-2456-d767-56ff-66fda812cf1b,e256a6dc-8f54-86b7-c7b5-b2bc5a8aaeca,7b163453-7042-eb9e-0612-85a7b6fac9b9,iOS,mobile,US,London,5.2.0,1703381474841,kyc_step.completed,2026-09-02 16:59:11,"{""step"": 3, ""is_final_step"": true}","{""account_status"": ""INACTIVE""}",2026-09-02 16:59:16,2026-09-07 06:10:00
547c9030-18dd-3aea-43b6-c6ef35c82133,e256a6dc-8f54-86b7-c7b5-b2bc5a8aaeca,7b163453-7042-eb9e-0612-85a7b6fac9b9,iOS,mobile,US,London,5.2.0,1703381474841,transaction.completed,2026-09-07 20:29:11,{},"{""account_status"": ""INACTIVE""}",2026-09-07 20:29:16,2026-09-07 06:10:00
4b9842c5-57aa-5681-428f-54aac1c97ab6,,754f595f-12f6-38e6-b197-603ca45c7178,Android,mobile,DE,London,5.2.0,5306789204104,app.opened,2026-08-27 22:06:29,{},"{""account_status"": ""ACTIVE""}",2026-08-27 22:06:34,2026-09-07 06:10:00
c99156cc-54a6-368b-71d6-0744b06f0681,,754f595f-12f6-38e6-b197-603ca45c7178,Android,mobile,DE,London,5.2.0,5306789204104,sign_up.started,2026-08-27 22:08:29,{},"{""account_status"": ""ACTIVE""}",2026-08-27 22:08:34,2026-09-07 06:10:00
09268f85-982c-7129-4679-fe6e91779972,dbccc477-09e9-db0a-df46-529061ee411a,754f595f-12f6-38e6-b197-603ca45c7178,Android,mobile,DE,London,5.2.0,5306789204104,sign_up.completed,2026-08-27 22:18:29,{},"{""account_status"": ""ACTIVE""}",2026-08-27 22:18:34,2026-09-07 06:10:00
06a4093b-49d6-93b1-8593-53fa25e4e633,dbccc477-09e9-db0a-df46-529061ee411a,754f595f-12f6-38e6-b197-603ca45c7178,Android,mobile,DE,London,5.2.0,5306789204104,kyc_step.completed,2026-08-27 22:28:29,"{""step"": 1, ""is_final_step"": false}","{""account_status"": ""ACTIVE""}",2026-08-27 22:28:34,2026-09-07 06:10:00
90441ec6-5ef0-195e-e152-dc3a3894de06,dbccc477-09e9-db0a-df46-529061ee411a,754f595f-12f6-38e6-b197-603ca45c7178,Android,mobile,DE,London,5.2.0,5306789204104,kyc_step.completed,2026-08-27 22:38:29,"{""step"": 2, ""is_final_step"": false}","{""account_status"": ""ACTIVE""}",2026-08-27 22:38:34,2026-09-07 06:10:00
4e8172da-4a8d-4853-b6bb-cd585cdb7eda,dbccc477-09e9-db0a-df46-529061ee411a,754f595f-12f6-38e6-b197-603ca45c7178,Android,mobile,DE,London,5.2.0,5306789204104,kyc_step.completed,2026-08-27 22:48:29,"{""step"": 3, ""is_final_step"": true}","{""account_status"": ""ACTIVE""}",2026-08-27 22:48:34,2026-09-07 06:10:00
b1f0ed9b-ce21-7fb3-be65-4bf9278976c9,,4e0387ad-a246-ea52-9150-d9b22886825e,Android,mobile,US,London,5.2.0,6186917236345,app.opened,2026-08-16 13:42:49,{},"{""account_status"": ""INACTIVE""}",2026-08-16 13:42:54,2026-09-07 06:10:00
4ad653d0-9b81-ce24-2582-bca620e8dae1,,4e0387ad-a246-ea52-9150-d9b22886825e,Android,mobile,US,London,5.2.0,6186917236345,sign_up.started,2026-08-16 13:44:49,{},"{""account_status"": ""INACTIVE""}",2026-08-16 13:44:54,2026-09-07 06:10:00
42696d14-0316-cde5-9590-690125fb2421,,072b50ed-3a58-d606-a302-db2f41deca4c,iOS,mobile,DE,London,5.2.0,6328264402427,app.opened,2026-09-03 19:21:33,{},"{""account_status"": ""ACTIVE""}",2026-09-03 19:21:38,2026-09-07 06:10:00
bed64914-8233-0e6e-b89c-96e95d39b505,,072b50ed-3a58-d606-a302-db2f41deca4c,iOS,mobile,DE,London,5.2.0,6328264402427,sign_up.started,2026-09-03 19:23:33,{},"{""account_status"": ""ACTIVE""}",2026-09-03 19:23:38,2026-09-07 06:10:00
5075b7d1-8047-c7e1-da44-ae00964e81dd,,9e5364dc-7a1a-fd67-67e5-6f19844e2e8b,Android,mobile,DE,London,5.2.0,3742954456088,app.opened,2026-08-01 18:30:31,{},"{""account_status"": ""ACTIVE""}",2026-08-01 18:30:36,2026-09-07 06:10:00
dd8b6c69-60c3-36eb-5fd6-39e685f970f7,,9e5364dc-7a1a-fd67-67e5-6f19844e2e8b,Android,mobile,DE,London,5.2.0,3742954456088,sign_up.started,2026-08-01 18:32:31,{},"{""account_status"": ""ACTIVE""}",2026-08-01 18:32:36,2026-09-07 06:10:00
57a55d1a-1093-a05b-f26b-3379ab32dc3a,,8675ec71-deeb-9601-2b4b-8171a5fc00b5,iOS,mobile,US,London,5.2.0,1250739642587,app.opened,2026-08-16 21:35:54,{},"{""account_status"": ""ACTIVE""}",2026-08-16 21:35:59,2026-09-07 06:10:00
396c6135-34d8-8c51-4f2e-d3eb398e2497,,8675ec71-deeb-9601-2b4b-8171a5fc00b5,iOS,mobile,US,London,5.2.0,1250739642587,sign_up.started,2026-08-16 21:37:54,{},"{""account_status"": ""ACTIVE""}",2026-08-16 21:37:59,2026-09-07 06:10:00
1e9d8b00-ca0d-e08e-ba90-2275c72bf2e8,acf5e81e-7131-6269-7118-e36477097749,8675ec71-deeb-9601-2b4b-8171a5fc00b5,iOS,mobile,US,London,5.2.0,1250739642587,sign_up.completed,2026-08-16 21:58:54,{},"{""account_status"": ""ACTIVE""}",2026-08-16 21:58:59,2026-09-07 06:10:00
91c4b8c6-7596-1b93-7fb0-b7b65b43ae1a,acf5e81e-7131-6269-7118-e36477097749,8675ec71-deeb-9601-2b4b-8171a5fc00b5,iOS,mobile,US,London,5.2.0,1250739642587,kyc_step.completed,2026-08-16 22:08:54,"{""step"": 1, ""is_final_step"": false}","{""account_status"": ""ACTIVE""}",2026-08-16 22:08:59,2026-09-07 06:10:00
031f9724-e803-68e2-a37d-afcae9a6df13,acf5e81e-7131-6269-7118-e36477097749,8675ec71-deeb-9601-2b4b-8171a5fc00b5,iOS,mobile,US,London,5.2.0,1250739642587,kyc_step.completed,2026-08-16 22:18:54,"{""step"": 2, ""is_final_step"": false}","{""account_status"": ""ACTIVE""}",2026-08-16 22:18:59,2026-09-07 06:10:00
d1a33332-d882-ce3c-bf0a-abdfd708bdc7,acf5e81e-7131-6269-7118-e36477097749,8675ec71-deeb-9601-2b4b-8171a5fc00b5,iOS,mobile,US,London,5.2.0,1250739642587,kyc_step.completed,2026-08-16 22:28:54,"{""step"": 3, ""is_final_step"": true}","{""account_status"": ""ACTIVE""}",2026-08-16 22:28:59,2026-09-07 06:10:00
f3b81fe4-194d-9447-a05b-e2306603854f,,bdcaf089-3a76-8ae2-e5ec-276c862c9e66,Android,mobile,DE,London,5.2.0,1578378524295,app.opened,2026-08-03 07:55:52,{},"{""account_status"": ""PENDING""}",2026-08-03 07:55:57,2026-09-07 06:10:00
457f4a84-1133-ded4-81e6-0c4c545b19ba,,bdcaf089-3a76-8ae2-e5ec-276c862c9e66,Android,mobile,DE,London,5.2.0,1578378524295,sign_up.started,2026-08-03 07:57:52,{},"{""account_status"": ""PENDING""}",2026-08-03 07:57:57,2026-09-07 06:10:00
df63bcb2-89a8-9d04-bdc3-13b8d8bb254c,3eae0032-0bd4-a990-0640-be0f25b8fd4b,bdcaf089-3a76-8ae2-e5ec-276c862c9e66,Android,mobile,DE,London,5.2.0,1578378524295,sign_up.completed,2026-08-03 08:16:52,{},"{""account_status"": ""PENDING""}",2026-08-03 08:16:57,2026-09-07 06:10:00
91136499-7256-87c2-0e54-5d51cc445778,3eae0032-0bd4-a990-0640-be0f25b8fd4b,bdcaf089-3a76-8ae2-e5ec-276c862c9e66,Android,mobile,DE,London,5.2.0,1578378524295,kyc_step.completed,2026-08-03 08:26:52,"{""step"": 1, ""is_final_step"": false}","{""account_status"": ""PENDING""}",2026-08-03 08:26:57,2026-09-07 06:10:00
418df073-3ea4-26b8-3f7b-16ec85dff8e2,3eae0032-0bd4-a990-0640-be0f25b8fd4b,bdcaf089-3a76-8ae2-e5ec-276c862c9e66,Android,mobile,DE,London,5.2.0,1578378524295,kyc_step.completed,2026-08-03 08:36:52,"{""step"": 2, ""is_final_step"": false}","{""account_status"": ""PENDING""}",2026-08-03 08:36:57,2026-09-07 06:10:00
b0901da2-2ec4-6bfe-bd4b-a9cdcc19e0ac,3eae0032-0bd4-a990-0640-be0f25b8fd4b,bdcaf089-3a76-8ae2-e5ec-276c862c9e66,Android,mobile,DE,London,5.2.0,1578378524295,kyc_step.completed,2026-08-03 08:46:52,"{""step"": 3, ""is_final_step"": true}","{""account_status"": ""PENDING""}",2026-08-03 08:46:57,2026-09-07 06:10:00
8d4e46c5-4409-10e2-9bf0-72e7fab87bb6,,b08c147d-3a74-7c44-3ebe-066cdb869a02,Android,mobile,GB,London,5.2.0,1705136695504,app.opened,2026-08-28 07:46:31,{},"{""account_status"": ""SUSPENDED""}",2026-08-28 07:46:36,2026-09-07 06:10:00
30a4c4b0-be3c-7c84-1763-50f54708b42e,,b08c147d-3a74-7c44-3ebe-066cdb869a02,Android,mobile,GB,London,5.2.0,1705136695504,sign_up.started,2026-08-28 07:48:31,{},"{""account_status"": ""SUSPENDED""}",2026-08-28 07:48:36,2026-09-07 06:10:00
85c65764-21ee-ba3d-e733-c344e7f8daa8,3fcb7546-8eb2-2579-0cdb-1ca476ecbdd6,b08c147d-3a74-7c44-3ebe-066cdb869a02,Android,mobile,GB,London,5.2.0,1705136695504,sign_up.completed,2026-08-28 07:52:31,{},"{""account_status"": ""SUSPENDED""}",2026-08-28 07:52:36,2026-09-07 06:10:00
95eef403-3e72-e402-3a43-17a1352ded78,3fcb7546-8eb2-2579-0cdb-1ca476ecbdd6,b08c147d-3a74-7c44-3ebe-066cdb869a02,Android,mobile,GB,London,5.2.0,1705136695504,kyc_step.completed,2026-08-28 08:02:31,"{""step"": 1, ""is_final_step"": false}","{""account_status"": ""SUSPENDED""}",2026-08-28 08:02:36,2026-09-07 06:10:00
76da7bc3-7a2f-2c57-94ce-23b7c2fd7e2d,3fcb7546-8eb2-2579-0cdb-1ca476ecbdd6,b08c147d-3a74-7c44-3ebe-066cdb869a02,Android,mobile,GB,London,5.2.0,1705136695504,kyc_step.completed,2026-08-28 08:12:31,"{""step"": 2, ""is_final_step"": false}","{""account_status"": ""SUSPENDED""}",2026-08-28 08:12:36,2026-09-07 06:10:00
c80aa7cf-e1b3-3498-8974-7baf19283cfc,3fcb7546-8eb2-2579-0cdb-1ca476ecbdd6,b08c147d-3a74-7c44-3ebe-066cdb869a02,Android,mobile,GB,London,5.2.0,1705136695504,kyc_step.completed,2026-08-28 08:22:31,"{""step"": 3, ""is_final_step"": true}","{""account_status"": ""SUSPENDED""}",2026-08-28 08:22:36,2026-09-07 06:10:00
1dcccf24-7a71-ce7b-3248-f69912b3b3eb,3fcb7546-8eb2-2579-0cdb-1ca476ecbdd6,b08c147d-3a74-7c44-3ebe-066cdb869a02,Android,mobile,GB,London,5.2.0,1705136695504,transaction.completed,2026-09-04 02:52:31,{},"{""account_status"": ""SUSPENDED""}",2026-09-04 02:52:36,2026-09-07 06:10:00
94eb2ddd-0275-4eca-91bf-903d4cca3dda,,32888f78-79dd-7b95-1558-cc6d71203b7a,iOS,mobile,US,London,5.2.0,9571029407687,app.opened,2026-07-29 08:19:49,{},"{""account_status"": ""INACTIVE""}",2026-07-29 08:19:54,2026-09-07 06:10:00
1c8cd498-e7ad-595b-dc73-9cbc6e047758,,32888f78-79dd-7b95-1558-cc6d71203b7a,iOS,mobile,US,London,5.2.0,9571029407687,sign_up.started,2026-07-29 08:21:49,{},"{""account_status"": ""INACTIVE""}",2026-07-29 08:21:54,2026-09-07 06:10:00
96c49c44-31de-54f6-a483-39f7c7036a4c,3f4b1a70-c074-718e-425a-609f7337c599,32888f78-79dd-7b95-1558-cc6d71203b7a,iOS,mobile,US,London,5.2.0,9571029407687,sign_up.completed,2026-07-29 08:37:49,{},"{""account_status"": ""INACTIVE""}",2026-07-29 08:37:54,2026-09-07 06:10:00
a1919e12-7e1b-5edf-454f-6d2d99f2587c,,fe034a0e-74cd-173b-c16b-44e19d4a305f,Android,mobile,GB,London,5.2.0,8162951294037,app.opened,2026-07-24 12:32:36,{},"{""account_status"": ""ACTIVE""}",2026-07-24 12:32:41,2026-09-07 06:10:00
7bb8373c-81dd-f3ea-5421-b62c2d31317c,,fe034a0e-74cd-173b-c16b-44e19d4a305f,Android,mobile,GB,London,5.2.0,8162951294037,sign_up.started,2026-07-24 12:34:36,{},"{""account_status"": ""ACTIVE""}",2026-07-24 12:34:41,2026-09-07 06:10:00
883d9b03-de04-d086-43a2-9acd4cb50736,36c59dac-b4d7-e28e-271e-3ee2b1a6b1f1,fe034a0e-74cd-173b-c16b-44e19d4a305f,Android,mobile,GB,London,5.2.0,8162951294037,sign_up.completed,2026-07-24 12:56:36,{},"{""account_status"": ""ACTIVE""}",2026-07-24 12:56:41,2026-09-07 06:10:00
80c8b083-8faf-04ba-ad87-16e146794c1e,36c59dac-b4d7-e28e-271e-3ee2b1a6b1f1,fe034a0e-74cd-173b-c16b-44e19d4a305f,Android,mobile,GB,London,5.2.0,8162951294037,kyc_step.completed,2026-07-24 13:06:36,"{""step"": 1, ""is_final_step"": false}","{""account_status"": ""ACTIVE""}",2026-07-24 13:06:41,2026-09-07 06:10:00
1c894d39-70a6-b5fc-a03c-67ff4f0dc7bc,36c59dac-b4d7-e28e-271e-3ee2b1a6b1f1,fe034a0e-74cd-173b-c16b-44e19d4a305f,Android,mobile,GB,London,5.2.0,8162951294037,kyc_step.completed,2026-07-24 13:16:36,"{""step"": 2, ""is_final_step"": false}","{""account_status"": ""ACTIVE""}",2026-07-24 13:16:41,2026-09-07 06:10:00
2ea35df6-f219-3325-c1b1-56bdfa2badf7,36c59dac-b4d7-e28e-271e-3ee2b1a6b1f1,fe034a0e-74cd-173b-c16b-44e19d4a305f,Android,mobile,GB,London,5.2.0,8162951294037,kyc_step.completed,2026-07-24 13:26:36,"{""step"": 3, ""is_final_step"": true}","{""account_status"": ""ACTIVE""}",2026-07-24 13:26:41,2026-09-07 06:10:00
78731a4e-8271-bbba-f96f-4a1be4b3b66b,36c59dac-b4d7-e28e-271e-3ee2b1a6b1f1,fe034a0e-74cd-173b-c16b-44e19d4a305f,Android,mobile,GB,London,5.2.0,8162951294037,transaction.completed,2026-07-27 22:56:36,{},"{""account_status"": ""ACTIVE""}",2026-07-27 22:56:41,2026-09-07 06:10:00
71757228-dcad-fda8-ece0-27bb18359b4b,,10c88179-2dc5-8521-29c2-f1f97eebf539,Android,mobile,GB,London,5.2.0,6358714628850,app.opened,2026-08-30 09:56:27,{},"{""account_status"": ""ACTIVE""}",2026-08-30 09:56:32,2026-09-07 06:10:00
89e10a5a-afdc-8a51-a34c-4c7857a99ae7,,10c88179-2dc5-8521-29c2-f1f97eebf539,Android,mobile,GB,London,5.2.0,6358714628850,sign_up.started,2026-08-30 09:58:27,{},"{""account_status"": ""ACTIVE""}",2026-08-30 09:58:32,2026-09-07 06:10:00
3b576da7-c34a-4fa6-1bd4-87bbc75ee63d,c0e3befd-4c71-e0fe-5a0c-dd7cf1578470,10c88179-2dc5-8521-29c2-f1f97eebf539,Android,mobile,GB,London,5.2.0,6358714628850,sign_up.completed,2026-08-30 10:06:27,{},"{""account_status"": ""ACTIVE""}",2026-08-30 10:06:32,2026-09-07 06:10:00
c4342281-51ec-8f30-4e2d-a2578074a1ed,c0e3befd-4c71-e0fe-5a0c-dd7cf1578470,10c88179-2dc5-8521-29c2-f1f97eebf539,Android,mobile,GB,London,5.2.0,6358714628850,kyc_step.completed,2026-08-30 10:16:27,"{""step"": 1, ""is_final_step"": false}","{""account_status"": ""ACTIVE""}",2026-08-30 10:16:32,2026-09-07 06:10:00
af4b88ff-1a58-c6ae-78cc-d78887c84346,c0e3befd-4c71-e0fe-5a0c-dd7cf1578470,10c88179-2dc5-8521-29c2-f1f97eebf539,Android,mobile,GB,London,5.2.0,6358714628850,kyc_step.completed,2026-08-30 10:26:27,"{""step"": 2, ""is_final_step"": false}","{""account_status"": ""ACTIVE""}",2026-08-30 10:26:32,2026-09-07 06:10:00
35d5b119-9c09-f0fe-ed74-03c64cd0d32e,c0e3befd-4c71-e0fe-5a0c-dd7cf1578470,10c88179-2dc5-8521-29c2-f1f97eebf539,Android,mobile,GB,London,5.2.0,6358714628850,kyc_step.completed,2026-08-30 10:36:27,"{""step"": 3, ""is_final_step"": true}","{""account_status"": ""ACTIVE""}",2026-08-30 10:36:32,2026-09-07 06:10:00
c4329e78-3120-9ff4-2809-06a952e24a8e,c0e3befd-4c71-e0fe-5a0c-dd7cf1578470,10c88179-2dc5-8521-29c2-f1f97eebf539,Android,mobile,GB,London,5.2.0,6358714628850,transaction.completed,2026-09-01 02:06:27,{},"{""account_status"": ""ACTIVE""}",2026-09-01 02:06:32,2026-09-07 06:10:00
78d3ca66-434a-7e17-eece-d5b33a8da127,,da341653-2bf9-98ad-c92a-eb0c656ffbd8,iOS,mobile,GB,London,5.2.0,5740469085046,app.opened,2026-08-01 03:59:01,{},"{""account_status"": ""SUSPENDED""}",2026-08-01 03:59:06,2026-09-07 06:10:00
4db9eacb-d59d-cbfa-db32-6207ef303fd0,,da341653-2bf9-98ad-c92a-eb0c656ffbd8,iOS,mobile,GB,London,5.2.0,5740469085046,sign_up.started,2026-08-01 04:01:01,{},"{""account_status"": ""SUSPENDED""}",2026-08-01 04:01:06,2026-09-07 06:10:00
d4488069-5a9b-63f8-ba09-a484556ed0d1,06e745f9-88bc-539c-9f4c-3b79fb10987f,da341653-2bf9-98ad-c92a-eb0c656ffbd8,iOS,mobile,GB,London,5.2.0,5740469085046,sign_up.completed,2026-08-01 04:12:01,{},"{""account_status"": ""SUSPENDED""}",2026-08-01 04:12:06,2026-09-07 06:10:00
903389b4-6ce0-52ef-4eda-31cc73200e30,06e745f9-88bc-539c-9f4c-3b79fb10987f,da341653-2bf9-98ad-c92a-eb0c656ffbd8,iOS,mobile,GB,London,5.2.0,5740469085046,kyc_step.completed,2026-08-01 04:22:01,"{""step"": 1, ""is_final_step"": false}","{""account_status"": ""SUSPENDED""}",2026-08-01 04:22:06,2026-09-07 06:10:00
0173c12e-6ac8-9d70-c33f-fef764bf2e8c,06e745f9-88bc-539c-9f4c-3b79fb10987f,da341653-2bf9-98ad-c92a-eb0c656ffbd8,iOS,mobile,GB,London,5.2.0,5740469085046,kyc_step.completed,2026-08-01 04:32:01,"{""step"": 2, ""is_final_step"": false}","{""account_status"": ""SUSPENDED""}",2026-08-01 04:32:06,2026-09-07 06:10:00
0e28a088-6771-dc17-f0a3-0219c3210788,06e745f9-88bc-539c-9f4c-3b79fb10987f,da341653-2bf9-98ad-c92a-eb0c656ffbd8,iOS,mobile,GB,London,5.2.0,5740469085046,kyc_step.completed,2026-08-01 04:42:01,"{""step"": 3, ""is_final_step"": true}","{""account_status"": ""SUSPENDED""}",2026-08-01 04:42:06,2026-09-07 06:10:00
418495a4-b777-dcb9-a97c-696b356766ec,,23d2789d-ce2c-c739-a552-abc65a86503a,Android,mobile,US,London,5.2.0,4559258033682,app.opened,2026-08-15 16:16:54,{},"{""account_status"": ""ACTIVE""}",2026-08-15 16:16:59,2026-09-07 06:10:00
060fd3b6-5f9c-11f0-d522-1c404b77cf1c,,23d2789d-ce2c-c739-a552-abc65a86503a,Android,mobile,US,London,5.2.0,4559258033682,sign_up.started,2026-08-15 16:18:54,{},"{""account_status"": ""ACTIVE""}",2026-08-15 16:18:59,2026-09-07 06:10:00
8f5a5787-8edd-8e22-5360-19db61e561bb,78660765-14f7-ce8d-d5bc-b8d04094dded,23d2789d-ce2c-c739-a552-abc65a86503a,Android,mobile,US,London,5.2.0,4559258033682,sign_up.completed,2026-08-15 16:45:54,{},"{""account_status"": ""ACTIVE""}",2026-08-15 16:45:59,2026-09-07 06:10:00
80c0e667-9e18-23a2-3708-eb7fcc274beb,78660765-14f7-ce8d-d5bc-b8d04094dded,23d2789d-ce2c-c739-a552-abc65a86503a,Android,mobile,US,London,5.2.0,4559258033682,kyc_step.completed,2026-08-15 16:55:54,"{""step"": 1, ""is_final_step"": false}","{""account_status"": ""ACTIVE""}",2026-08-15 16:55:59,2026-09-07 06:10:00
1b5982d2-4622-70cb-db3d-419b70aa9992,78660765-14f7-ce8d-d5bc-b8d04094dded,23d2789d-ce2c-c739-a552-abc65a86503a,Android,mobile,US,London,5.2.0,4559258033682,kyc_step.completed,2026-08-15 17:05:54,"{""step"": 2, ""is_final_step"": false}","{""account_status"": ""ACTIVE""}",2026-08-15 17:05:59,2026-09-07 06:10:00
5352db34-2911-268f-3e3e-47b3130da476,78660765-14f7-ce8d-d5bc-b8d04094dded,23d2789d-ce2c-c739-a552-abc65a86503a,Android,mobile,US,London,5.2.0,4559258033682,kyc_step.completed,2026-08-15 17:15:54,"{""step"": 3, ""is_final_step"": true}","{""account_status"": ""ACTIVE""}",2026-08-15 17:15:59,2026-09-07 06:10:00
960b9746-9b51-0232-fca7-644d47b76d17,,784983ff-97ca-eef5-b8a4-c19ff105c2d8,Android,mobile,GB,London,5.2.0,5395843370494,app.opened,2026-07-26 17:33:37,{},"{""account_status"": ""ACTIVE""}",2026-07-26 17:33:42,2026-09-07 06:10:00
0e5d8626-19f7-f775-0f2f-633b60013e38,,784983ff-97ca-eef5-b8a4-c19ff105c2d8,Android,mobile,GB,London,5.2.0,5395843370494,sign_up.started,2026-07-26 17:35:37,{},"{""account_status"": ""ACTIVE""}",2026-07-26 17:35:42,2026-09-07 06:10:00
ec7172e7-7028-eb2d-5e94-32d689b3889d,1d48a071-ab61-a7b1-793b-4c3220500494,784983ff-97ca-eef5-b8a4-c19ff105c2d8,Android,mobile,GB,London,5.2.0,5395843370494,sign_up.completed,2026-07-26 17:45:37,{},"{""account_status"": ""ACTIVE""}",2026-07-26 17:45:42,2026-09-07 06:10:00
bff49c48-e17f-5e53-2260-7be878ca903b,1d48a071-ab61-a7b1-793b-4c3220500494,784983ff-97ca-eef5-b8a4-c19ff105c2d8,Android,mobile,GB,London,5.2.0,5395843370494,kyc_step.completed,2026-07-26 17:55:37,"{""step"": 1, ""is_final_step"": false}","{""account_status"": ""ACTIVE""}",2026-07-26 17:55:42,2026-09-07 06:10:00
c67651b3-fa28-6316-5315-6a2312f0ed7d,1d48a071-ab61-a7b1-793b-4c3220500494,784983ff-97ca-eef5-b8a4-c19ff105c2d8,Android,mobile,GB,London,5.2.0,5395843370494,kyc_step.completed,2026-07-26 18:05:37,"{""step"": 2, ""is_final_step"": false}","{""account_status"": ""ACTIVE""}",2026-07-26 18:05:42,2026-09-07 06:10:00
26da916c-d306-06ae-69ed-5072bb81c774,1d48a071-ab61-a7b1-793b-4c3220500494,784983ff-97ca-eef5-b8a4-c19ff105c2d8,Android,mobile,GB,London,5.2.0,5395843370494,kyc_step.completed,2026-07-26 18:15:37,"{""step"": 3, ""is_final_step"": true}","{""account_status"": ""ACTIVE""}",2026-07-26 18:15:42,2026-09-07 06:10:00
c34604f9-8bed-0104-929e-a40553ed75f6,,3332d3ab-92f7-7072-4c81-cd7296fdad96,iOS,mobile,US,London,5.2.0,5314029482701,app.opened,2026-08-20 18:33:12,{},"{""account_status"": ""ACTIVE""}",2026-08-20 18:33:17,2026-09-07 06:10:00
87f16ab5-8e82-373e-42be-7d36a9230810,,3332d3ab-92f7-7072-4c81-cd7296fdad96,iOS,mobile,US,London,5.2.0,5314029482701,sign_up.started,2026-08-20 18:35:12,{},"{""account_status"": ""ACTIVE""}",2026-08-20 18:35:17,2026-09-07 06:10:00
c5188d4d-c5a8-646c-23f5-aea605981489,f54ad0a2-e874-66d7-ad66-a1bd93676a02,3332d3ab-92f7-7072-4c81-cd7296fdad96,iOS,mobile,US,London,5.2.0,5314029482701,sign_up.completed,2026-08-20 18:59:12,{},"{""account_status"": ""ACTIVE""}",2026-08-20 18:59:17,2026-09-07 06:10:00
bd32ebda-b61e-7c80-b302-225ec930c9f3,f54ad0a2-e874-66d7-ad66-a1bd93676a02,3332d3ab-92f7-7072-4c81-cd7296fdad96,iOS,mobile,US,London,5.2.0,5314029482701,kyc_step.completed,2026-08-20 19:09:12,"{""step"": 1, ""is_final_step"": false}","{""account_status"": ""ACTIVE""}",2026-08-20 19:09:17,2026-09-07 06:10:00
5c798b20-da7a-9b4f-f50b-1168505fc360,f54ad0a2-e874-66d7-ad66-a1bd93676a02,3332d3ab-92f7-7072-4c81-cd7296fdad96,iOS,mobile,US,London,5.2.0,5314029482701,kyc_step.completed,2026-08-20 19:19:12,"{""step"": 2, ""is_final_step"": false}","{""account_status"": ""ACTIVE""}",2026-08-20 19:19:17,2026-09-07 06:10:00
bf4d4bd8-7222-9838-c5cf-dce6e7b4dcd3,f54ad0a2-e874-66d7-ad66-a1bd93676a02,3332d3ab-92f7-7072-4c81-cd7296fdad96,iOS,mobile,US,London,5.2.0,5314029482701,kyc_step.completed,2026-08-20 19:29:12,"{""step"": 3, ""is_final_step"": true}","{""account_status"": ""ACTIVE""}",2026-08-20 19:29:17,2026-09-07 06:10:00
424f8429-b43d-4bf9-f8b0-3457ad7bb3c5,,3a4962d1-77e4-3d33-523e-901f2f23cd0c,Android,mobile,GB,London,5.2.0,4501828622334,app.opened,2026-08-15 20:50:30,{},"{""account_status"": ""ACTIVE""}",2026-08-15 20:50:35,2026-09-07 06:10:00
eec432d0-bf66-0225-9a86-a2f5415f2099,,3a4962d1-77e4-3d33-523e-901f2f23cd0c,Android,mobile,GB,London,5.2.0,4501828622334,sign_up.started,2026-08-15 20:52:30,{},"{""account_status"": ""ACTIVE""}",2026-08-15 20:52:35,2026-09-07 06:10:00
6574708d-6d65-8f44-6928-cf38a469db2c,575aed2c-a5c5-650c-8186-a57611a72609,3a4962d1-77e4-3d33-523e-901f2f23cd0c,Android,mobile,GB,London,5.2.0,4501828622334,sign_up.completed,2026-08-15 20:57:30,{},"{""account_status"": ""ACTIVE""}",2026-08-15 20:57:35,2026-09-07 06:10:00
485b841f-7df4-5531-89ef-698aca46739f,,87450d05-d4e8-9dd0-0c4b-c3d2cc5015cf,Android,mobile,DE,London,5.2.0,6754389788292,app.opened,2026-07-27 10:12:19,{},"{""account_status"": ""SUSPENDED""}",2026-07-27 10:12:24,2026-09-07 06:10:00
112e1621-a266-530e-5570-cefc93271b56,,87450d05-d4e8-9dd0-0c4b-c3d2cc5015cf,Android,mobile,DE,London,5.2.0,6754389788292,sign_up.started,2026-07-27 10:14:19,{},"{""account_status"": ""SUSPENDED""}",2026-07-27 10:14:24,2026-09-07 06:10:00
c7d4a10f-8eec-22a4-f966-f9c21796b7b1,d4aac9a3-3ed8-c56c-da09-dfa052828d80,87450d05-d4e8-9dd0-0c4b-c3d2cc5015cf,Android,mobile,DE,London,5.2.0,6754389788292,sign_up.completed,2026-07-27 10:34:19,{},"{""account_status"": ""SUSPENDED""}",2026-07-27 10:34:24,2026-09-07 06:10:00
d8a712cb-8374-c273-cc70-755128815cd9,d4aac9a3-3ed8-c56c-da09-dfa052828d80,87450d05-d4e8-9dd0-0c4b-c3d2cc5015cf,Android,mobile,DE,London,5.2.0,6754389788292,kyc_step.completed,2026-07-27 10:44:19,"{""step"": 1, ""is_final_step"": false}","{""account_status"": ""SUSPENDED""}",2026-07-27 10:44:24,2026-09-07 06:10:00
ec28c17a-92ec-c3bd-1675-7d7ed9fafbb9,d4aac9a3-3ed8-c56c-da09-dfa052828d80,87450d05-d4e8-9dd0-0c4b-c3d2cc5015cf,Android,mobile,DE,London,5.2.0,6754389788292,kyc_step.completed,2026-07-27 10:54:19,"{""step"": 2, ""is_final_step"": false}","{""account_status"": ""SUSPENDED""}",2026-07-27 10:54:24,2026-09-07 06:10:00
fe31f408-a671-cd81-9c2b-05eb77ec2100,d4aac9a3-3ed8-c56c-da09-dfa052828d80,87450d05-d4e8-9dd0-0c4b-c3d2cc5015cf,Android,mobile,DE,London,5.2.0,6754389788292,kyc_step.completed,2026-07-27 11:04:19,"{""step"": 3, ""is_final_step"": true}","{""account_status"": ""SUSPENDED""}",2026-07-27 11:04:24,2026-09-07 06:10:00
d1587136-6e52-8655-af17-8dbbc461aac1,d4aac9a3-3ed8-c56c-da09-dfa052828d80,87450d05-d4e8-9dd0-0c4b-c3d2cc5015cf,Android,mobile,DE,London,5.2.0,6754389788292,transaction.completed,2026-07-28 05:34:19,{},"{""account_status"": ""SUSPENDED""}",2026-07-28 05:34:24,2026-09-07 06:10:00
9341dd73-a5d8-d541-2e82-2ce612b1d17e,,e3acd21a-7387-a600-7739-1bee46e09e7d,iOS,mobile,US,London,5.2.0,6813884385906,app.opened,2026-08-29 08:53:24,{},"{""account_status"": ""ACTIVE""}",2026-08-29 08:53:29,2026-09-07 06:10:00
c7f7040b-8718-4322-743c-6de656fdc504,,e3acd21a-7387-a600-7739-1bee46e09e7d,iOS,mobile,US,London,5.2.0,6813884385906,sign_up.started,2026-08-29 08:55:24,{},"{""account_status"": ""ACTIVE""}",2026-08-29 08:55:29,2026-09-07 06:10:00
057ff1df-e3af-8541-6eb1-94b8f2d1235d,f2b43abf-8441-aefd-0299-436a8e485223,e3acd21a-7387-a600-7739-1bee46e09e7d,iOS,mobile,US,London,5.2.0,6813884385906,sign_up.completed,2026-08-29 09:23:24,{},"{""account_status"": ""ACTIVE""}",2026-08-29 09:23:29,2026-09-07 06:10:00
d4066625-9faa-2180-01a0-69a24b37617d,f2b43abf-8441-aefd-0299-436a8e485223,e3acd21a-7387-a600-7739-1bee46e09e7d,iOS,mobile,US,London,5.2.0,6813884385906,kyc_step.completed,2026-08-29 09:33:24,"{""step"": 1, ""is_final_step"": false}","{""account_status"": ""ACTIVE""}",2026-08-29 09:33:29,2026-09-07 06:10:00
39a8ab5e-022f-8a47-04d4-c5db63d3997f,f2b43abf-8441-aefd-0299-436a8e485223,e3acd21a-7387-a600-7739-1bee46e09e7d,iOS,mobile,US,London,5.2.0,6813884385906,kyc_step.completed,2026-08-29 09:43:24,"{""step"": 2, ""is_final_step"": false}","{""account_status"": ""ACTIVE""}",2026-08-29 09:43:29,2026-09-07 06:10:00
42442fce-2686-d5c6-6d59-ade75287c72e,f2b43abf-8441-aefd-0299-436a8e485223,e3acd21a-7387-a600-7739-1bee46e09e7d,iOS,mobile,US,London,5.2.0,6813884385906,kyc_step.completed,2026-08-29 09:53:24,"{""step"": 3, ""is_final_step"": true}","{""account_status"": ""ACTIVE""}",2026-08-29 09:53:29,2026-09-07 06:10:00
de03a536-b703-fa9f-e15c-1c37e4ab9bae,,539d5223-c48d-276c-acae-8af89599b267,Android,mobile,GB,London,5.2.0,7240266889893,app.opened,2026-08-19 08:12:57,{},"{""account_status"": ""ACTIVE""}",2026-08-19 08:13:02,2026-09-07 06:10:00
c5e2cdcc-3058-4d20-2711-1b6093acd71b,,539d5223-c48d-276c-acae-8af89599b267,Android,mobile,GB,London,5.2.0,7240266889893,sign_up.started,2026-08-19 08:14:57,{},"{""account_status"": ""ACTIVE""}",2026-08-19 08:15:02,2026-09-07 06:10:00
888e58e7-06b6-a5f4-19d4-5a552e7c77b0,79279973-5e78-1fd7-94e0-d3baa9f948b2,539d5223-c48d-276c-acae-8af89599b267,Android,mobile,GB,London,5.2.0,7240266889893,sign_up.completed,2026-08-19 08:25:57,{},"{""account_status"": ""ACTIVE""}",2026-08-19 08:26:02,2026-09-07 06:10:00
20984689-c78a-e6ce-0a19-9083d83e262a,79279973-5e78-1fd7-94e0-d3baa9f948b2,539d5223-c48d-276c-acae-8af89599b267,Android,mobile,GB,London,5.2.0,7240266889893,kyc_step.completed,2026-08-19 08:35:57,"{""step"": 1, ""is_final_step"": false}","{""account_status"": ""ACTIVE""}",2026-08-19 08:36:02,2026-09-07 06:10:00
11bb797a-f464-a31f-5938-949e8a426ff0,79279973-5e78-1fd7-94e0-d3baa9f948b2,539d5223-c48d-276c-acae-8af89599b267,Android,mobile,GB,London,5.2.0,7240266889893,kyc_step.completed,2026-08-19 08:45:57,"{""step"": 2, ""is_final_step"": false}","{""account_status"": ""ACTIVE""}",2026-08-19 08:46:02,2026-09-07 06:10:00
edafea54-50b9-e04a-dedc-c2ff53d47caf,79279973-5e78-1fd7-94e0-d3baa9f948b2,539d5223-c48d-276c-acae-8af89599b267,Android,mobile,GB,London,5.2.0,7240266889893,kyc_step.completed,2026-08-19 08:55:57,"{""step"": 3, ""is_final_step"": true}","{""account_status"": ""ACTIVE""}",2026-08-19 08:56:02,2026-09-07 06:10:00
6c9dda26-29cd-4d5c-4d8c-c9c633a2b47b,79279973-5e78-1fd7-94e0-d3baa9f948b2,539d5223-c48d-276c-acae-8af89599b267,Android,mobile,GB,London,5.2.0,7240266889893,transaction.completed,2026-08-21 14:25:57,{},"{""account_status"": ""ACTIVE""}",2026-08-21 14:26:02,2026-09-07 06:10:00
708c4f1a-f1c3-5294-e61c-f9a3e0acdb75,,efb18149-3ba4-807e-4565-5d2dfdb269e5,Android,mobile,US,London,5.2.0,3413888857690,app.opened,2026-08-04 01:03:53,{},"{""account_status"": ""ACTIVE""}",2026-08-04 01:03:58,2026-09-07 06:10:00
600777be-f2b1-068a-d58b-54231f8424bd,,efb18149-3ba4-807e-4565-5d2dfdb269e5,Android,mobile,US,London,5.2.0,3413888857690,sign_up.started,2026-08-04 01:05:53,{},"{""account_status"": ""ACTIVE""}",2026-08-04 01:05:58,2026-09-07 06:10:00
3565c8a2-bd6a-ec56-daac-1277be7301e9,7bf47042-bd15-31c8-3764-fbda3108d448,efb18149-3ba4-807e-4565-5d2dfdb269e5,Android,mobile,US,London,5.2.0,3413888857690,sign_up.completed,2026-08-04 01:34:53,{},"{""account_status"": ""ACTIVE""}",2026-08-04 01:34:58,2026-09-07 06:10:00
32d9ec3e-6630-8af8-7044-9b5172624be8,7bf47042-bd15-31c8-3764-fbda3108d448,efb18149-3ba4-807e-4565-5d2dfdb269e5,Android,mobile,US,London,5.2.0,3413888857690,kyc_step.completed,2026-08-04 01:44:53,"{""step"": 1, ""is_final_step"": false}","{""account_status"": ""ACTIVE""}",2026-08-04 01:44:58,2026-09-07 06:10:00
97187943-6168-c4a8-c55f-30a134a450e3,7bf47042-bd15-31c8-3764-fbda3108d448,efb18149-3ba4-807e-4565-5d2dfdb269e5,Android,mobile,US,London,5.2.0,3413888857690,kyc_step.completed,2026-08-04 01:54:53,"{""step"": 2, ""is_final_step"": false}","{""account_status"": ""ACTIVE""}",2026-08-04 01:54:58,2026-09-07 06:10:00
f8205c5f-17c5-22e0-1fe9-048dd08308b0,7bf47042-bd15-31c8-3764-fbda3108d448,efb18149-3ba4-807e-4565-5d2dfdb269e5,Android,mobile,US,London,5.2.0,3413888857690,kyc_step.completed,2026-08-04 02:04:53,"{""step"": 3, ""is_final_step"": true}","{""account_status"": ""ACTIVE""}",2026-08-04 02:04:58,2026-09-07 06:10:00
29b2b32c-1f27-fa2c-8439-1819b97a08ba,7bf47042-bd15-31c8-3764-fbda3108d448,efb18149-3ba4-807e-4565-5d2dfdb269e5,Android,mobile,US,London,5.2.0,3413888857690,transaction.completed,2026-08-10 06:34:53,{},"{""account_status"": ""ACTIVE""}",2026-08-10 06:34:58,2026-09-07 06:10:00
173e13d9-fc32-edb4-35d8-053130e423e1,,f0d1701b-1ecf-cd89-35aa-d597c1b0f44b,Android,mobile,GB,London,5.2.0,8302805390643,app.opened,2026-08-17 05:49:09,{},"{""account_status"": ""ACTIVE""}",2026-08-17 05:49:14,2026-09-07 06:10:00
7a5cd426-5c1f-af7b-81c4-dda8ccbf1dfe,,f0d1701b-1ecf-cd89-35aa-d597c1b0f44b,Android,mobile,GB,London,5.2.0,8302805390643,sign_up.started,2026-08-17 05:51:09,{},"{""account_status"": ""ACTIVE""}",2026-08-17 05:51:14,2026-09-07 06:10:00
01db80b4-0422-1bf2-74fa-ebddf1e4c27a,7daa39f0-c0b6-fce2-de53-790aa34b6cf6,f0d1701b-1ecf-cd89-35aa-d597c1b0f44b,Android,mobile,GB,London,5.2.0,8302805390643,sign_up.completed,2026-08-17 05:56:09,{},"{""account_status"": ""ACTIVE""}",2026-08-17 05:56:14,2026-09-07 06:10:00
db84aa96-f629-5eb4-667a-9b916b8608d1,7daa39f0-c0b6-fce2-de53-790aa34b6cf6,f0d1701b-1ecf-cd89-35aa-d597c1b0f44b,Android,mobile,GB,London,5.2.0,8302805390643,kyc_step.completed,2026-08-17 06:06:09,"{""step"": 1, ""is_final_step"": false}","{""account_status"": ""ACTIVE""}",2026-08-17 06:06:14,2026-09-07 06:10:00
f21b7a7f-5c42-adcf-5acc-616d199ded5e,7daa39f0-c0b6-fce2-de53-790aa34b6cf6,f0d1701b-1ecf-cd89-35aa-d597c1b0f44b,Android,mobile,GB,London,5.2.0,8302805390643,kyc_step.completed,2026-08-17 06:16:09,"{""step"": 2, ""is_final_step"": false}","{""account_status"": ""ACTIVE""}",2026-08-17 06:16:14,2026-09-07 06:10:00
6f246189-10b7-de33-d627-224e4f5af64e,7daa39f0-c0b6-fce2-de53-790aa34b6cf6,f0d1701b-1ecf-cd89-35aa-d597c1b0f44b,Android,mobile,GB,London,5.2.0,8302805390643,kyc_step.completed,2026-08-17 06:26:09,"{""step"": 3, ""is_final_step"": true}","{""account_status"": ""ACTIVE""}",2026-08-17 06:26:14,2026-09-07 06:10:00
ffecc4eb-3ab7-42a1-4cfa-4f8aa6e997ae,292bd156-db94-6570-1ac7-0ec0ab8ddeb4,cd2e6c8b-2436-c8de-c40c-fbdecaf91924,Android,mobile,GB,Leeds,5.2.0,999,sign_up.completed,2026-09-02 12:00:00,{},{},2026-09-02 12:00:00,2026-09-07 06:10:00
