id,rule_id,workflow_execution_id,result,condition_result,context,created_at,started_at,ended_at,error,review,review_comment,reviewer_id,reviewed_at,_cdc_operation,_cdc_lsn,_cdc_loaded_at
9110f698-4c1e-172a-15e9-bee44e143977,af7ead9e-ed5f-24c3-7fb9-ae4902223c10,6a93716a-22bc-a104-4001-570a3312de73,PASS,false,"{""user_id"": ""de8a774b-cf36-d58b-4737-819096da1dac"", ""transaction_id"": ""a5b13afd-af2c-20ac-9539-22c05ea0942c""}",2026-08-23 11:39:03,2026-08-23 11:39:03,2026-08-23 11:39:05,,,,,,INSERT,2766,2026-09-07 11:55:00
8bbb8f3f-760e-36aa-a0d9-80baed57a5c8,8523d070-945b-3711-0a85-872230c95ec4,6a93716a-22bc-a104-4001-570a3312de73,PASS,false,"{""user_id"": ""de8a774b-cf36-d58b-4737-819096da1dac"", ""transaction_id"": ""a5b13afd-af2c-20ac-9539-22c05ea0942c""}",2026-08-23 11:39:03,2026-08-23 11:39:03,2026-08-23 11:39:05,,,,,,INSERT,2767,2026-09-07 11:58:00
e03c63df-c84b-bdf5-603f-4ddc2ef17a90,9cc41ca3-d58c-449e-57e0-d57bb3ab800b,6a93716a-22bc-a104-4001-570a3312de73,PASS,false,"{""user_id"": ""de8a774b-cf36-d58b-4737-819096da1dac"", ""transaction_id"": ""a5b13afd-af2c-20ac-9539-22c05ea0942c""}",2026-08-23 11:39:03,2026-08-23 11:39:03,2026-08-23 11:39:05,,,,,,INSERT,2768,2026-09-07 11:45:00
776ffd03-6d7b-ba17-5aac-72b177e7ad81,747cb18f-cb9a-efff-6ef7-35aa1f7a63af,7120721e-86cd-6214-237b-efd118963a6e,PASS,false,"{""user_id"": ""7daa39f0-c0b6-fce2-de53-790aa34b6cf6"", ""transaction_id"": ""f83f5274-0cb4-afe1-26f3-41c804f718c8""}",2026-08-23 17:33:43,2026-08-23 17:33:43,2026-08-23 17:33:45,,,,,,INSERT,2769,2026-09-07 11:46:00
7616b503-6906-b588-f621-62ab6ba64252,af7ead9e-ed5f-24c3-7fb9-ae4902223c10,7120721e-86cd-6214-237b-efd118963a6e,PASS,false,"{""user_id"": ""7daa39f0-c0b6-fce2-de53-790aa34b6cf6"", ""transaction_id"": ""f83f5274-0cb4-afe1-26f3-41c804f718c8""}",2026-08-23 17:33:43,2026-08-23 17:33:43,2026-08-23 17:33:45,,,,,,INSERT,2770,2026-09-07 11:37:00
06c3998e-8f14-aac7-e99d-6b91071592d9,26755363-ae50-f96e-7760-94f625aa620f,7120721e-86cd-6214-237b-efd118963a6e,PASS,false,"{""user_id"": ""7daa39f0-c0b6-fce2-de53-790aa34b6cf6"", ""transaction_id"": ""f83f5274-0cb4-afe1-26f3-41c804f718c8""}",2026-08-23 17:33:43,2026-08-23 17:33:43,2026-08-23 17:33:45,,,,,,INSERT,2771,2026-09-07 11:31:00
209515d5-5f84-3666-831f-fc009490029d,26755363-ae50-f96e-7760-94f625aa620f,23fd6ade-c17f-cf19-16a3-48336bc152ad,PASS,false,"{""user_id"": ""36c59dac-b4d7-e28e-271e-3ee2b1a6b1f1"", ""transaction_id"": ""614c721d-a921-cb4c-95fb-e976ae007b7e""}",2026-08-20 08:20:13,2026-08-20 08:20:13,2026-08-20 08:20:15,,,,,,INSERT,2772,2026-09-07 11:42:00
90c97f32-e660-a8e0-8b13-b6899ef2a148,9cc41ca3-d58c-449e-57e0-d57bb3ab800b,23fd6ade-c17f-cf19-16a3-48336bc152ad,PASS,false,"{""user_id"": ""36c59dac-b4d7-e28e-271e-3ee2b1a6b1f1"", ""transaction_id"": ""614c721d-a921-cb4c-95fb-e976ae007b7e""}",2026-08-20 08:20:13,2026-08-20 08:20:13,2026-08-20 08:20:15,,,,,,INSERT,2773,2026-09-07 11:32:00
c15da547-0db4-897a-4b18-8a0de0b7d818,8523d070-945b-3711-0a85-872230c95ec4,23fd6ade-c17f-cf19-16a3-48336bc152ad,PASS,false,"{""user_id"": ""36c59dac-b4d7-e28e-271e-3ee2b1a6b1f1"", ""transaction_id"": ""614c721d-a921-cb4c-95fb-e976ae007b7e""}",2026-08-20 08:20:13,2026-08-20 08:20:13,2026-08-20 08:20:15,,,,,,INSERT,2774,2026-09-07 11:52:00
0e00583d-15ac-37f0-0de9-a283d6d5aed2,f82f2dc3-1c35-730b-49d5-245358d4d949,01862029-ab8a-5015-6727-3710203d54c9,PASS,false,"{""user_id"": ""e256a6dc-8f54-86b7-c7b5-b2bc5a8aaeca"", ""transaction_id"": ""6f2537ce-a206-527c-3c68-41d61ce8e12f""}",2026-09-04 10:14:07,2026-09-04 10:14:07,2026-09-04 10:14:09,,,,,,INSERT,2775,2026-09-07 11:47:00
a65e883b-fc75-de3d-d473-f3b5452a2da7,af7ead9e-ed5f-24c3-7fb9-ae4902223c10,01862029-ab8a-5015-6727-3710203d54c9,PASS,false,"{""user_id"": ""e256a6dc-8f54-86b7-c7b5-b2bc5a8aaeca"", ""transaction_id"": ""6f2537ce-a206-527c-3c68-41d61ce8e12f""}",2026-09-04 10:14:07,2026-09-04 10:14:07,2026-09-04 10:14:09,,,,,,INSERT,2776,2026-09-07 11:55:00
18ef2501-9826-a55f-555f-2bf41b678ec1,26755363-ae50-f96e-7760-94f625aa620f,01862029-ab8a-5015-6727-3710203d54c9,PASS,false,"{""user_id"": ""e256a6dc-8f54-86b7-c7b5-b2bc5a8aaeca"", ""transaction_id"": ""6f2537ce-a206-527c-3c68-41d61ce8e12f""}",2026-09-04 10:14:07,2026-09-04 10:14:07,2026-09-04 10:14:09,,,,,,INSERT,2777,2026-09-07 11:33:00
24e72383-8429-e12c-347f-1a8cb39a442b,e353a243-594d-e8d7-add7-4b0fe90b3651,54d09314-b0ca-b249-7b41-7aed90c0e607,PASS,false,"{""user_id"": ""7bf47042-bd15-31c8-3764-fbda3108d448"", ""transaction_id"": ""5da39a73-ba3d-f7ff-43b4-7ee5e1e89e7e""}",2026-07-24 21:31:43,2026-07-24 21:31:43,2026-07-24 21:31:45,,,,,,INSERT,2778,2026-09-07 11:39:00
7ecc492d-f79f-8fa9-bd8c-6f4f8fe275b1,6ad3cc40-96d2-6487-641a-4b7454c93d44,54d09314-b0ca-b249-7b41-7aed90c0e607,PASS,false,"{""user_id"": ""7bf47042-bd15-31c8-3764-fbda3108d448"", ""transaction_id"": ""5da39a73-ba3d-f7ff-43b4-7ee5e1e89e7e""}",2026-07-24 21:31:43,2026-07-24 21:31:43,2026-07-24 21:31:45,,,,,,INSERT,2779,2026-09-07 11:48:00
acf96a12-e522-266c-393a-26ee22eb4a7f,26755363-ae50-f96e-7760-94f625aa620f,54d09314-b0ca-b249-7b41-7aed90c0e607,PASS,false,"{""user_id"": ""7bf47042-bd15-31c8-3764-fbda3108d448"", ""transaction_id"": ""5da39a73-ba3d-f7ff-43b4-7ee5e1e89e7e""}",2026-07-24 21:31:43,2026-07-24 21:31:43,2026-07-24 21:31:45,,,,,,INSERT,2780,2026-09-07 11:53:00
272c7482-0002-572a-1130-38f51d5d8f65,e353a243-594d-e8d7-add7-4b0fe90b3651,4f968a84-a0d4-4d24-4d07-4581279f5df0,PASS,false,"{""user_id"": ""45b1ed25-f153-3ae8-670a-cc5cb321bf21"", ""transaction_id"": ""851b5f38-c069-7f1d-a93c-94131396a289""}",2026-08-23 16:38:42,2026-08-23 16:38:42,2026-08-23 16:38:44,,,,,,INSERT,2781,2026-09-07 11:47:00
8513176c-1efc-1c94-e141-10b69a920655,f82f2dc3-1c35-730b-49d5-245358d4d949,4f968a84-a0d4-4d24-4d07-4581279f5df0,PASS,false,"{""user_id"": ""45b1ed25-f153-3ae8-670a-cc5cb321bf21"", ""transaction_id"": ""851b5f38-c069-7f1d-a93c-94131396a289""}",2026-08-23 16:38:42,2026-08-23 16:38:42,2026-08-23 16:38:44,,,,,,INSERT,2782,2026-09-07 11:46:00
1a85fd69-344c-96cc-3f48-e5f018cc0e29,8523d070-945b-3711-0a85-872230c95ec4,4f968a84-a0d4-4d24-4d07-4581279f5df0,PASS,false,"{""user_id"": ""45b1ed25-f153-3ae8-670a-cc5cb321bf21"", ""transaction_id"": ""851b5f38-c069-7f1d-a93c-94131396a289""}",2026-08-23 16:38:42,2026-08-23 16:38:42,2026-08-23 16:38:44,,,,,,INSERT,2783,2026-09-07 11:31:00
2f1d80ea-fb91-fb90-7bd5-0aeb679111dd,e353a243-594d-e8d7-add7-4b0fe90b3651,6405d362-719d-eadd-817c-6779d52d8f91,PASS,false,"{""user_id"": ""7bf47042-bd15-31c8-3764-fbda3108d448"", ""transaction_id"": ""0fcf601f-1cb9-b73a-906d-5c8cead08c89""}",2026-08-19 03:22:03,2026-08-19 03:22:03,2026-08-19 03:22:05,,,,,,INSERT,2784,2026-09-07 11:46:00
d904b887-d77b-03b3-3c24-3b45d1fd4711,6ad3cc40-96d2-6487-641a-4b7454c93d44,6405d362-719d-eadd-817c-6779d52d8f91,PASS,false,"{""user_id"": ""7bf47042-bd15-31c8-3764-fbda3108d448"", ""transaction_id"": ""0fcf601f-1cb9-b73a-906d-5c8cead08c89""}",2026-08-19 03:22:03,2026-08-19 03:22:03,2026-08-19 03:22:05,,,,,,INSERT,2785,2026-09-07 11:45:00
9cddd7c2-d25a-0b3f-42a1-279b8bf5caed,9cc41ca3-d58c-449e-57e0-d57bb3ab800b,6405d362-719d-eadd-817c-6779d52d8f91,PASS,false,"{""user_id"": ""7bf47042-bd15-31c8-3764-fbda3108d448"", ""transaction_id"": ""0fcf601f-1cb9-b73a-906d-5c8cead08c89""}",2026-08-19 03:22:03,2026-08-19 03:22:03,2026-08-19 03:22:05,,,,,,INSERT,2786,2026-09-07 11:36:00
be9e01a9-d18c-7fde-2445-8bad2f4f914c,cad6d3ef-cae2-f489-f7d8-e0869110c9fd,1f89cec2-9dfe-19d2-a87d-2106dbfbfea4,PASS,false,"{""user_id"": ""d4aac9a3-3ed8-c56c-da09-dfa052828d80"", ""transaction_id"": ""9f027cbf-eb29-d912-9d1b-83dfa46b6fce""}",2026-08-10 07:07:44,2026-08-10 07:07:44,2026-08-10 07:07:46,,,,,,INSERT,2787,2026-09-07 11:45:00
82f2a59e-2bb7-f146-3d9d-542aa84fa67f,4f2fcfd6-46b8-21c7-fe73-1856f1fcfc36,1f89cec2-9dfe-19d2-a87d-2106dbfbfea4,PASS,false,"{""user_id"": ""d4aac9a3-3ed8-c56c-da09-dfa052828d80"", ""transaction_id"": ""9f027cbf-eb29-d912-9d1b-83dfa46b6fce""}",2026-08-10 07:07:44,2026-08-10 07:07:44,2026-08-10 07:07:46,,,,,,INSERT,2788,2026-09-07 11:45:00
334a34a8-8bf3-49a3-b31a-dd22bdddbd36,e353a243-594d-e8d7-add7-4b0fe90b3651,1f89cec2-9dfe-19d2-a87d-2106dbfbfea4,PASS,false,"{""user_id"": ""d4aac9a3-3ed8-c56c-da09-dfa052828d80"", ""transaction_id"": ""9f027cbf-eb29-d912-9d1b-83dfa46b6fce""}",2026-08-10 07:07:44,2026-08-10 07:07:44,2026-08-10 07:07:46,,,,,,INSERT,2789,2026-09-07 11:47:00
62c526ab-6424-fa05-4672-48f6aaee5d68,26755363-ae50-f96e-7760-94f625aa620f,199ae3da-aae3-9bc0-4a19-54ec4a3fcfda,PASS,false,"{""user_id"": ""d0e6e660-7c69-dee1-bb5e-4bcf15ed6269"", ""transaction_id"": ""7799fddb-79e5-46e7-dd3e-e854534064b0""}",2026-08-25 17:05:31,2026-08-25 17:05:31,2026-08-25 17:05:33,,,,,,INSERT,2790,2026-09-07 11:45:00
76c6533e-1b7a-5c94-ccc3-4f70b2995e18,f82f2dc3-1c35-730b-49d5-245358d4d949,199ae3da-aae3-9bc0-4a19-54ec4a3fcfda,PASS,false,"{""user_id"": ""d0e6e660-7c69-dee1-bb5e-4bcf15ed6269"", ""transaction_id"": ""7799fddb-79e5-46e7-dd3e-e854534064b0""}",2026-08-25 17:05:31,2026-08-25 17:05:31,2026-08-25 17:05:33,,,,,,INSERT,2791,2026-09-07 11:48:00
25ee3dfd-6cc1-da4d-d041-1dec6ab9ba0f,747cb18f-cb9a-efff-6ef7-35aa1f7a63af,199ae3da-aae3-9bc0-4a19-54ec4a3fcfda,PASS,false,"{""user_id"": ""d0e6e660-7c69-dee1-bb5e-4bcf15ed6269"", ""transaction_id"": ""7799fddb-79e5-46e7-dd3e-e854534064b0""}",2026-08-25 17:05:31,2026-08-25 17:05:31,2026-08-25 17:05:33,,,,,,INSERT,2792,2026-09-07 11:49:00
71c966b3-9eb0-3954-a83d-b2dfe4aa212a,e353a243-594d-e8d7-add7-4b0fe90b3651,63b1a52e-9070-01b6-1ec0-9c3575035829,PASS,false,"{""user_id"": ""89e06ab3-7250-ee18-260a-5962dd81b7f5"", ""transaction_id"": ""8b0a4802-bd64-e8d6-b757-ec69c09c3207""}",2026-08-22 19:45:07,2026-08-22 19:45:07,2026-08-22 19:45:09,,,,,,INSERT,2793,2026-09-07 11:49:00
23a9654d-f679-d544-5acf-614ae834fb5b,9cc41ca3-d58c-449e-57e0-d57bb3ab800b,63b1a52e-9070-01b6-1ec0-9c3575035829,FAIL,true,"{""user_id"": ""89e06ab3-7250-ee18-260a-5962dd81b7f5"", ""transaction_id"": ""8b0a4802-bd64-e8d6-b757-ec69c09c3207""}",2026-08-22 19:45:07,2026-08-22 19:45:07,2026-08-22 19:45:09,,REVIEWED,,75566ff1-b91a-ce28-e1e6-8d3577c8c297,2026-08-23 13:45:07,INSERT,2794,2026-09-07 11:38:00
47414ca4-23d9-9d90-c964-f746dbd165a3,26755363-ae50-f96e-7760-94f625aa620f,63b1a52e-9070-01b6-1ec0-9c3575035829,FAIL,true,"{""user_id"": ""89e06ab3-7250-ee18-260a-5962dd81b7f5"", ""transaction_id"": ""8b0a4802-bd64-e8d6-b757-ec69c09c3207""}",2026-08-22 19:45:07,2026-08-22 19:45:07,2026-08-22 19:45:09,,REVIEWED,,4d8cd019-a88f-c85a-c33a-402ec8f3332a,2026-08-23 21:45:07,INSERT,2795,2026-09-07 11:47:00
c17d049c-6253-4b28-e479-19ddba68e69f,8523d070-945b-3711-0a85-872230c95ec4,c590f851-fb38-5671-3b45-d977c2896a30,PASS,false,"{""user_id"": ""3fcb7546-8eb2-2579-0cdb-1ca476ecbdd6"", ""transaction_id"": ""1eb2a7b8-da3c-45ca-43d7-8f2b769de1e3""}",2026-08-30 21:30:31,2026-08-30 21:30:31,2026-08-30 21:30:33,,,,,,INSERT,2796,2026-09-07 11:55:00
107a8bcc-ec20-d201-6b88-ccd0f92b7b46,6ad3cc40-96d2-6487-641a-4b7454c93d44,c590f851-fb38-5671-3b45-d977c2896a30,PASS,false,"{""user_id"": ""3fcb7546-8eb2-2579-0cdb-1ca476ecbdd6"", ""transaction_id"": ""1eb2a7b8-da3c-45ca-43d7-8f2b769de1e3""}",2026-08-30 21:30:31,2026-08-30 21:30:31,2026-08-30 21:30:33,,,,,,INSERT,2797,2026-09-07 11:36:00
1d4e2772-401f-b5a6-9ca5-b74f0fda6ca4,4f2fcfd6-46b8-21c7-fe73-1856f1fcfc36,c590f851-fb38-5671-3b45-d977c2896a30,PASS,false,"{""user_id"": ""3fcb7546-8eb2-2579-0cdb-1ca476ecbdd6"", ""transaction_id"": ""1eb2a7b8-da3c-45ca-43d7-8f2b769de1e3""}",2026-08-30 21:30:31,2026-08-30 21:30:31,2026-08-30 21:30:33,,,,,,INSERT,2798,2026-09-07 11:43:00
221a7c4e-60ac-4a64-7313-1038b2dfb075,747cb18f-cb9a-efff-6ef7-35aa1f7a63af,c36b0890-7108-022a-12a8-5ff7bffbbc83,FAIL,true,"{""user_id"": ""25074181-8d1f-b540-74ef-f5453e652603"", ""transaction_id"": ""255b30e2-bdc2-b74b-38a5-6b49dd34aa18""}",2026-08-08 16:34:55,2026-08-08 16:34:55,2026-08-08 16:34:57,,REVIEWED,,8e74b39c-92e3-3940-a32c-5e99fd26a41b,2026-08-09 05:34:55,INSERT,2799,2026-09-07 11:53:00
0634caf6-9505-06dd-1605-4b9e313a4c74,e353a243-594d-e8d7-add7-4b0fe90b3651,c36b0890-7108-022a-12a8-5ff7bffbbc83,PASS,false,"{""user_id"": ""25074181-8d1f-b540-74ef-f5453e652603"", ""transaction_id"": ""255b30e2-bdc2-b74b-38a5-6b49dd34aa18""}",2026-08-08 16:34:55,2026-08-08 16:34:55,2026-08-08 16:34:57,,,,,,INSERT,2800,2026-09-07 11:52:00
08825d14-341b-2c09-18a0-f6c0ab2d2fef,4f2fcfd6-46b8-21c7-fe73-1856f1fcfc36,c36b0890-7108-022a-12a8-5ff7bffbbc83,PASS,false,"{""user_id"": ""25074181-8d1f-b540-74ef-f5453e652603"", ""transaction_id"": ""255b30e2-bdc2-b74b-38a5-6b49dd34aa18""}",2026-08-08 16:34:55,2026-08-08 16:34:55,2026-08-08 16:34:57,,,,,,INSERT,2801,2026-09-07 11:53:00
8f06c963-e656-64ac-9e54-a1755b429d0e,8523d070-945b-3711-0a85-872230c95ec4,30accfda-7f05-5b10-8735-2231a4695757,PASS,false,"{""user_id"": ""c1101266-2408-a6dc-1346-d1a9f6802cdb"", ""transaction_id"": ""40efa857-015f-566c-0ba6-aa86cf5285f7""}",2026-09-01 10:41:19,2026-09-01 10:41:19,2026-09-01 10:41:21,,,,,,INSERT,2802,2026-09-07 11:37:00
11310c8b-cd35-637c-234b-ae09da79d686,f82f2dc3-1c35-730b-49d5-245358d4d949,30accfda-7f05-5b10-8735-2231a4695757,PASS,false,"{""user_id"": ""c1101266-2408-a6dc-1346-d1a9f6802cdb"", ""transaction_id"": ""40efa857-015f-566c-0ba6-aa86cf5285f7""}",2026-09-01 10:41:19,2026-09-01 10:41:19,2026-09-01 10:41:21,,,,,,INSERT,2803,2026-09-07 11:53:00
604948be-a01e-d90e-6d71-68e9705a501c,747cb18f-cb9a-efff-6ef7-35aa1f7a63af,30accfda-7f05-5b10-8735-2231a4695757,PASS,false,"{""user_id"": ""c1101266-2408-a6dc-1346-d1a9f6802cdb"", ""transaction_id"": ""40efa857-015f-566c-0ba6-aa86cf5285f7""}",2026-09-01 10:41:19,2026-09-01 10:41:19,2026-09-01 10:41:21,,,,,,INSERT,2804,2026-09-07 11:41:00
0d2dba72-3b06-dd82-7fab-9b071e307f10,af7ead9e-ed5f-24c3-7fb9-ae4902223c10,c84a89b8-208f-ae02-1401-3b9991b3f921,PASS,false,"{""user_id"": ""d4aac9a3-3ed8-c56c-da09-dfa052828d80"", ""transaction_id"": ""d59ef0fd-1204-f4d6-bbfb-1b710a683eb8""}",2026-07-27 07:55:33,2026-07-27 07:55:33,2026-07-27 07:55:35,,,,,,INSERT,2805,2026-09-07 11:53:00
05c55810-54b7-28fa-8a60-b33299fb38a9,9cc41ca3-d58c-449e-57e0-d57bb3ab800b,c84a89b8-208f-ae02-1401-3b9991b3f921,PASS,false,"{""user_id"": ""d4aac9a3-3ed8-c56c-da09-dfa052828d80"", ""transaction_id"": ""d59ef0fd-1204-f4d6-bbfb-1b710a683eb8""}",2026-07-27 07:55:33,2026-07-27 07:55:33,2026-07-27 07:55:35,,,,,,INSERT,2806,2026-09-07 11:32:00
4a36a7c0-f0cc-4f56-d242-89ea39597465,6ad3cc40-96d2-6487-641a-4b7454c93d44,c84a89b8-208f-ae02-1401-3b9991b3f921,PASS,false,"{""user_id"": ""d4aac9a3-3ed8-c56c-da09-dfa052828d80"", ""transaction_id"": ""d59ef0fd-1204-f4d6-bbfb-1b710a683eb8""}",2026-07-27 07:55:33,2026-07-27 07:55:33,2026-07-27 07:55:35,,,,,,INSERT,2807,2026-09-07 11:36:00
3dcc4915-934a-85d9-88cf-ffa2132497ee,6ad3cc40-96d2-6487-641a-4b7454c93d44,5b9facde-b409-b855-63f2-fc26405a8f9e,PASS,false,"{""user_id"": ""750cab75-4ccc-9bc2-a53f-8a28abf3e3fc"", ""transaction_id"": ""2138afe0-8d38-bbd8-fba6-abf7cdbcc653""}",2026-08-20 09:28:59,2026-08-20 09:28:59,2026-08-20 09:29:01,,,,,,INSERT,2808,2026-09-07 11:38:00
9c7ab4e3-ee8b-09a3-848b-e725da6b0060,4f2fcfd6-46b8-21c7-fe73-1856f1fcfc36,5b9facde-b409-b855-63f2-fc26405a8f9e,PASS,false,"{""user_id"": ""750cab75-4ccc-9bc2-a53f-8a28abf3e3fc"", ""transaction_id"": ""2138afe0-8d38-bbd8-fba6-abf7cdbcc653""}",2026-08-20 09:28:59,2026-08-20 09:28:59,2026-08-20 09:29:01,,,,,,INSERT,2809,2026-09-07 11:34:00
9e5f8378-6633-427e-4fee-ea91800314a8,9cc41ca3-d58c-449e-57e0-d57bb3ab800b,5b9facde-b409-b855-63f2-fc26405a8f9e,PASS,false,"{""user_id"": ""750cab75-4ccc-9bc2-a53f-8a28abf3e3fc"", ""transaction_id"": ""2138afe0-8d38-bbd8-fba6-abf7cdbcc653""}",2026-08-20 09:28:59,2026-08-20 09:28:59,2026-08-20 09:29:01,,,,,,INSERT,2810,2026-09-07 11:40:00
55a47eab-3354-b4be-42c9-1aaf6be13e78,f82f2dc3-1c35-730b-49d5-245358d4d949,95309450-1c62-44f4-e44d-8dc2b2908892,FAIL,true,"{""user_id"": ""6fa17735-b572-f3d0-0b5c-ea6a41357e8c"", ""transaction_id"": ""ef87bf0d-c802-2f8e-38de-6b6e86c45e42""}",2026-08-23 00:32:56,2026-08-23 00:32:56,2026-08-23 00:32:58,,REVIEWED,,23a86b61-0f34-4fe1-c3c5-bbb5e355ce16,2026-08-23 14:32:56,INSERT,2811,2026-09-07 11:48:00
b3fdc2b8-9c29-1269-e781-c4cc9058e121,9cc41ca3-d58c-449e-57e0-d57bb3ab800b,95309450-1c62-44f4-e44d-8dc2b2908892,PASS,false,"{""user_id"": ""6fa17735-b572-f3d0-0b5c-ea6a41357e8c"", ""transaction_id"": ""ef87bf0d-c802-2f8e-38de-6b6e86c45e42""}",2026-08-23 00:32:56,2026-08-23 00:32:56,2026-08-23 00:32:58,,,,,,INSERT,2812,2026-09-07 11:31:00
fb267d27-5889-55c0-090d-7d2fceb7803e,e353a243-594d-e8d7-add7-4b0fe90b3651,95309450-1c62-44f4-e44d-8dc2b2908892,PASS,false,"{""user_id"": ""6fa17735-b572-f3d0-0b5c-ea6a41357e8c"", ""transaction_id"": ""ef87bf0d-c802-2f8e-38de-6b6e86c45e42""}",2026-08-23 00:32:56,2026-08-23 00:32:56,2026-08-23 00:32:58,,,,,,INSERT,2813,2026-09-07 11:45:00
3a4e2920-f8b1-f902-e05f-039cd98eb024,747cb18f-cb9a-efff-6ef7-35aa1f7a63af,39a9a8a9-81f2-5a73-7f20-f661091d1643,FAIL,true,"{""user_id"": ""de8a774b-cf36-d58b-4737-819096da1dac"", ""transaction_id"": ""cc18dd0e-7978-dc84-ea89-a9797aa6d6ea""}",2026-09-02 23:28:41,2026-09-02 23:28:41,2026-09-02 23:28:43,,REVIEWED,,06bf1fb7-0e2b-d8c9-ee66-2c46057d4e28,2026-09-03 12:28:41,INSERT,2814,2026-09-07 11:42:00
8caef9ec-6d44-f723-b38a-df826e020a88,cad6d3ef-cae2-f489-f7d8-e0869110c9fd,39a9a8a9-81f2-5a73-7f20-f661091d1643,PASS,false,"{""user_id"": ""de8a774b-cf36-d58b-4737-819096da1dac"", ""transaction_id"": ""cc18dd0e-7978-dc84-ea89-a9797aa6d6ea""}",2026-09-02 23:28:41,2026-09-02 23:28:41,2026-09-02 23:28:43,,,,,,INSERT,2815,2026-09-07 11:32:00
9d9b72b9-e5ab-686c-1e34-c29a701dadb0,f82f2dc3-1c35-730b-49d5-245358d4d949,39a9a8a9-81f2-5a73-7f20-f661091d1643,FAIL,true,"{""user_id"": ""de8a774b-cf36-d58b-4737-819096da1dac"", ""transaction_id"": ""cc18dd0e-7978-dc84-ea89-a9797aa6d6ea""}",2026-09-02 23:28:41,2026-09-02 23:28:41,2026-09-02 23:28:43,,REVIEWED,,5a0ed9b7-5e22-27d4-e74f-232bfb876271,2026-09-03 12:28:41,INSERT,2816,2026-09-07 11:35:00
a8164d18-1f54-0e96-a857-59007a8c2c36,8523d070-945b-3711-0a85-872230c95ec4,9a37ef9d-5983-ce94-506a-8dd30b31324f,PASS,false,"{""user_id"": ""7bf47042-bd15-31c8-3764-fbda3108d448"", ""transaction_id"": ""c7195dd0-16f0-c19c-a894-b11eabb558e1""}",2026-08-11 17:20:27,2026-08-11 17:20:27,2026-08-11 17:20:29,,,,,,INSERT,2817,2026-09-07 11:34:00
34b34dcb-8b2c-65b5-f039-0686400d083a,9cc41ca3-d58c-449e-57e0-d57bb3ab800b,9a37ef9d-5983-ce94-506a-8dd30b31324f,FAIL,true,"{""user_id"": ""7bf47042-bd15-31c8-3764-fbda3108d448"", ""transaction_id"": ""c7195dd0-16f0-c19c-a894-b11eabb558e1""}",2026-08-11 17:20:27,2026-08-11 17:20:27,2026-08-11 17:20:29,,REVIEWED,,d03c9c2c-bc37-49b1-b48b-9a8c7eb3aefc,2026-08-12 16:20:27,INSERT,2818,2026-09-07 11:46:00
8a9a727f-b2a1-2a55-51a0-bd7c447d30b8,4f2fcfd6-46b8-21c7-fe73-1856f1fcfc36,9a37ef9d-5983-ce94-506a-8dd30b31324f,FAIL,true,"{""user_id"": ""7bf47042-bd15-31c8-3764-fbda3108d448"", ""transaction_id"": ""c7195dd0-16f0-c19c-a894-b11eabb558e1""}",2026-08-11 17:20:27,2026-08-11 17:20:27,2026-08-11 17:20:29,,REVIEWED,,58bd19da-0dd2-c843-1ab8-873380e1cc41,2026-08-12 20:20:27,INSERT,2819,2026-09-07 11:48:00
4ce7db3f-6259-66cc-9696-e8334728ddf6,f82f2dc3-1c35-730b-49d5-245358d4d949,05733d10-1d3e-be5b-f3fa-c1507429cf81,PASS,false,"{""user_id"": ""5f987c71-a65e-688e-abf3-ad39fec21bbe"", ""transaction_id"": ""f31046dc-6202-bee6-5cb5-e69c5dc7b3e6""}",2026-07-27 18:20:02,2026-07-27 18:20:02,2026-07-27 18:20:04,,,,,,INSERT,2820,2026-09-07 11:39:00
0f49d01a-15a1-5a52-f710-900bd3c1fe3f,e353a243-594d-e8d7-add7-4b0fe90b3651,05733d10-1d3e-be5b-f3fa-c1507429cf81,PASS,false,"{""user_id"": ""5f987c71-a65e-688e-abf3-ad39fec21bbe"", ""transaction_id"": ""f31046dc-6202-bee6-5cb5-e69c5dc7b3e6""}",2026-07-27 18:20:02,2026-07-27 18:20:02,2026-07-27 18:20:04,,,,,,INSERT,2821,2026-09-07 11:50:00
6249a586-9c18-6d49-dac5-609e47729adf,9cc41ca3-d58c-449e-57e0-d57bb3ab800b,05733d10-1d3e-be5b-f3fa-c1507429cf81,PASS,false,"{""user_id"": ""5f987c71-a65e-688e-abf3-ad39fec21bbe"", ""transaction_id"": ""f31046dc-6202-bee6-5cb5-e69c5dc7b3e6""}",2026-07-27 18:20:02,2026-07-27 18:20:02,2026-07-27 18:20:04,,,,,,INSERT,2822,2026-09-07 11:53:00
6e5b9598-a8f0-e3e0-2f36-9832611b92ab,e353a243-594d-e8d7-add7-4b0fe90b3651,71ab4711-6279-4a6e-61f1-4c98dcdeadc8,PASS,false,"{""user_id"": ""292bd156-db94-6570-1ac7-0ec0ab8ddeb4"", ""transaction_id"": ""636f6e5c-2253-e706-87ad-8b268eaa5841""}",2026-08-20 19:13:42,2026-08-20 19:13:42,2026-08-20 19:13:44,,,,,,INSERT,2823,2026-09-07 11:47:00
4e1e2f3d-a910-22b8-0d60-e36488516447,8523d070-945b-3711-0a85-872230c95ec4,71ab4711-6279-4a6e-61f1-4c98dcdeadc8,PASS,false,"{""user_id"": ""292bd156-db94-6570-1ac7-0ec0ab8ddeb4"", ""transaction_id"": ""636f6e5c-2253-e706-87ad-8b268eaa5841""}",2026-08-20 19:13:42,2026-08-20 19:13:42,2026-08-20 19:13:44,,,,,,INSERT,2824,2026-09-07 11:55:00
5909b7d6-c353-b9e4-8aa2-f7560803ad31,af7ead9e-ed5f-24c3-7fb9-ae4902223c10,71ab4711-6279-4a6e-61f1-4c98dcdeadc8,PASS,false,"{""user_id"": ""292bd156-db94-6570-1ac7-0ec0ab8ddeb4"", ""transaction_id"": ""636f6e5c-2253-e706-87ad-8b268eaa5841""}",2026-08-20 19:13:42,2026-08-20 19:13:42,2026-08-20 19:13:44,,,,,,INSERT,2825,2026-09-07 11:44:00
b9cd213b-5748-218a-0700-1750c1db480a,747cb18f-cb9a-efff-6ef7-35aa1f7a63af,e4a6bf51-c125-798e-9bd6-5690e8f94c88,PASS,false,"{""user_id"": ""79279973-5e78-1fd7-94e0-d3baa9f948b2"", ""transaction_id"": ""e8ca7483-dc0e-3375-85d0-691c33cd1d56""}",2026-08-12 05:05:49,2026-08-12 05:05:49,2026-08-12 05:05:51,,,,,,INSERT,2826,2026-09-07 11:56:00
dda1497a-6f1f-9af1-9f1c-9fd4d4490964,9cc41ca3-d58c-449e-57e0-d57bb3ab800b,e4a6bf51-c125-798e-9bd6-5690e8f94c88,PASS,false,"{""user_id"": ""79279973-5e78-1fd7-94e0-d3baa9f948b2"", ""transaction_id"": ""e8ca7483-dc0e-3375-85d0-691c33cd1d56""}",2026-08-12 05:05:49,2026-08-12 05:05:49,2026-08-12 05:05:51,,,,,,INSERT,2827,2026-09-07 11:42:00
edb68854-baae-905c-c859-4dfb6d73dd1d,8523d070-945b-3711-0a85-872230c95ec4,e4a6bf51-c125-798e-9bd6-5690e8f94c88,PASS,false,"{""user_id"": ""79279973-5e78-1fd7-94e0-d3baa9f948b2"", ""transaction_id"": ""e8ca7483-dc0e-3375-85d0-691c33cd1d56""}",2026-08-12 05:05:49,2026-08-12 05:05:49,2026-08-12 05:05:51,,,,,,INSERT,2828,2026-09-07 11:39:00
917c4f11-b81e-d083-9296-14b56c8073b7,cad6d3ef-cae2-f489-f7d8-e0869110c9fd,8da4afbe-1bf5-3332-ceb1-8cd30e9f52f7,PASS,false,"{""user_id"": ""78660765-14f7-ce8d-d5bc-b8d04094dded"", ""transaction_id"": ""86c5547c-051a-0039-3803-dcee9a069295""}",2026-07-26 08:13:56,2026-07-26 08:13:56,2026-07-26 08:13:58,,,,,,INSERT,2829,2026-09-07 11:45:00
299ccd73-4295-f5c9-84d7-7929c4ddfe54,9cc41ca3-d58c-449e-57e0-d57bb3ab800b,8da4afbe-1bf5-3332-ceb1-8cd30e9f52f7,PASS,false,"{""user_id"": ""78660765-14f7-ce8d-d5bc-b8d04094dded"", ""transaction_id"": ""86c5547c-051a-0039-3803-dcee9a069295""}",2026-07-26 08:13:56,2026-07-26 08:13:56,2026-07-26 08:13:58,,,,,,INSERT,2830,2026-09-07 11:50:00
bee1dc65-77a3-19c6-619c-4a06f5d68c8f,f82f2dc3-1c35-730b-49d5-245358d4d949,8da4afbe-1bf5-3332-ceb1-8cd30e9f52f7,PASS,false,"{""user_id"": ""78660765-14f7-ce8d-d5bc-b8d04094dded"", ""transaction_id"": ""86c5547c-051a-0039-3803-dcee9a069295""}",2026-07-26 08:13:56,2026-07-26 08:13:56,2026-07-26 08:13:58,,,,,,INSERT,2831,2026-09-07 11:31:00
8af53d42-c576-7c74-3ffb-9577ffb1c192,9cc41ca3-d58c-449e-57e0-d57bb3ab800b,03e30f78-e85f-da55-21c2-68f33cfc7050,PASS,false,"{""user_id"": ""90164161-cfa7-01cd-2631-d00b26d794d3"", ""transaction_id"": ""c45c3fbb-52ec-ac27-8ccc-617e81b66951""}",2026-08-05 20:25:09,2026-08-05 20:25:09,2026-08-05 20:25:11,,,,,,INSERT,2832,2026-09-07 11:33:00
650495b5-9232-78bf-5668-85304bbb2e9a,26755363-ae50-f96e-7760-94f625aa620f,03e30f78-e85f-da55-21c2-68f33cfc7050,PASS,false,"{""user_id"": ""90164161-cfa7-01cd-2631-d00b26d794d3"", ""transaction_id"": ""c45c3fbb-52ec-ac27-8ccc-617e81b66951""}",2026-08-05 20:25:09,2026-08-05 20:25:09,2026-08-05 20:25:11,,,,,,INSERT,2833,2026-09-07 11:35:00
5c9808f4-4636-8d12-9d94-813f09e218a7,6ad3cc40-96d2-6487-641a-4b7454c93d44,03e30f78-e85f-da55-21c2-68f33cfc7050,PASS,false,"{""user_id"": ""90164161-cfa7-01cd-2631-d00b26d794d3"", ""transaction_id"": ""c45c3fbb-52ec-ac27-8ccc-617e81b66951""}",2026-08-05 20:25:09,2026-08-05 20:25:09,2026-08-05 20:25:11,,,,,,INSERT,2834,2026-09-07 11:32:00
43b76bf2-d604-153c-522c-5c44a928a5b2,26755363-ae50-f96e-7760-94f625aa620f,cf6d2a9d-a72d-0bf4-c84d-16c04021a347,FAIL,true,"{""user_id"": ""6dadd6c7-95a7-6d79-bf3c-4c06434308bc"", ""transaction_id"": ""d0bcbad5-85f8-0d9b-0006-0d5a02b3c948""}",2026-08-13 12:15:13,2026-08-13 12:15:13,2026-08-13 12:15:15,,REVIEWED,,76751903-719d-722f-2dc4-d065d8fbd542,2026-08-13 14:15:13,INSERT,2835,2026-09-07 11:40:00
9c3e7d79-e5a4-b1b4-46c5-24a5145d2f7e,e353a243-594d-e8d7-add7-4b0fe90b3651,cf6d2a9d-a72d-0bf4-c84d-16c04021a347,FAIL,true,"{""user_id"": ""6dadd6c7-95a7-6d79-bf3c-4c06434308bc"", ""transaction_id"": ""d0bcbad5-85f8-0d9b-0006-0d5a02b3c948""}",2026-08-13 12:15:13,2026-08-13 12:15:13,2026-08-13 12:15:15,,REVIEWED,,10652764-f40b-0779-5064-0ae68d2bb00b,2026-08-14 17:15:13,INSERT,2836,2026-09-07 11:46:00
1d4c5eb7-3b90-6c08-0cb1-40eda7ee2f23,6ad3cc40-96d2-6487-641a-4b7454c93d44,cf6d2a9d-a72d-0bf4-c84d-16c04021a347,PASS,false,"{""user_id"": ""6dadd6c7-95a7-6d79-bf3c-4c06434308bc"", ""transaction_id"": ""d0bcbad5-85f8-0d9b-0006-0d5a02b3c948""}",2026-08-13 12:15:13,2026-08-13 12:15:13,2026-08-13 12:15:15,,,,,,INSERT,2837,2026-09-07 11:58:00
1bf2235c-5987-e1e6-3c15-17fc99bf88ed,747cb18f-cb9a-efff-6ef7-35aa1f7a63af,adaad2f9-0420-521e-41e7-ebbaf9ac1a4f,PASS,false,"{""user_id"": ""f2b43abf-8441-aefd-0299-436a8e485223"", ""transaction_id"": ""17cb67b8-6d0f-74e6-a174-a7856f2190cb""}",2026-08-14 00:17:30,2026-08-14 00:17:30,2026-08-14 00:17:32,,,,,,INSERT,2838,2026-09-07 11:53:00
1cf98855-719d-b54f-81c6-af4013d5ac4f,af7ead9e-ed5f-24c3-7fb9-ae4902223c10,adaad2f9-0420-521e-41e7-ebbaf9ac1a4f,PASS,false,"{""user_id"": ""f2b43abf-8441-aefd-0299-436a8e485223"", ""transaction_id"": ""17cb67b8-6d0f-74e6-a174-a7856f2190cb""}",2026-08-14 00:17:30,2026-08-14 00:17:30,2026-08-14 00:17:32,,,,,,INSERT,2839,2026-09-07 11:53:00
343c1752-3caa-a31e-13d3-c72682d33948,e353a243-594d-e8d7-add7-4b0fe90b3651,adaad2f9-0420-521e-41e7-ebbaf9ac1a4f,PASS,false,"{""user_id"": ""f2b43abf-8441-aefd-0299-436a8e485223"", ""transaction_id"": ""17cb67b8-6d0f-74e6-a174-a7856f2190cb""}",2026-08-14 00:17:30,2026-08-14 00:17:30,2026-08-14 00:17:32,,,,,,INSERT,2840,2026-09-07 11:49:00
9b622c0a-5398-2922-0652-62a224a0db6e,cad6d3ef-cae2-f489-f7d8-e0869110c9fd,ae5714e8-d29c-0131-d442-60d25f116839,PASS,false,"{""user_id"": ""ce177b4e-0837-b8a3-d261-a7ab3aa2e4f9"", ""transaction_id"": ""87b3d329-cfec-1804-c891-c9c689529c51""}",2026-07-25 11:00:27,2026-07-25 11:00:27,2026-07-25 11:00:29,,,,,,INSERT,2841,2026-09-07 11:42:00
e5bb7f3b-687b-b3ce-f9a0-13be55c1a0d9,6ad3cc40-96d2-6487-641a-4b7454c93d44,ae5714e8-d29c-0131-d442-60d25f116839,PASS,false,"{""user_id"": ""ce177b4e-0837-b8a3-d261-a7ab3aa2e4f9"", ""transaction_id"": ""87b3d329-cfec-1804-c891-c9c689529c51""}",2026-07-25 11:00:27,2026-07-25 11:00:27,2026-07-25 11:00:29,,,,,,INSERT,2842,2026-09-07 11:31:00
4b47b715-f937-5fff-f146-56f1787ed06b,26755363-ae50-f96e-7760-94f625aa620f,ae5714e8-d29c-0131-d442-60d25f116839,PASS,false,"{""user_id"": ""ce177b4e-0837-b8a3-d261-a7ab3aa2e4f9"", ""transaction_id"": ""87b3d329-cfec-1804-c891-c9c689529c51""}",2026-07-25 11:00:27,2026-07-25 11:00:27,2026-07-25 11:00:29,,,,,,INSERT,2843,2026-09-07 11:54:00
0858714d-952a-ed00-d4aa-826d60fba34c,af7ead9e-ed5f-24c3-7fb9-ae4902223c10,bdf68eb0-c7e7-5797-b73c-91ca82c3892b,PASS,false,"{""user_id"": ""da743152-627b-41a1-ffd6-f23232ffe294"", ""transaction_id"": ""2e3d9de2-e504-d1c6-4312-153d484f7f7c""}",2026-08-22 10:16:07,2026-08-22 10:16:07,2026-08-22 10:16:09,,,,,,INSERT,2844,2026-09-07 11:38:00
618f178a-266b-4b6d-b9ec-28ffa8350a40,747cb18f-cb9a-efff-6ef7-35aa1f7a63af,bdf68eb0-c7e7-5797-b73c-91ca82c3892b,PASS,false,"{""user_id"": ""da743152-627b-41a1-ffd6-f23232ffe294"", ""transaction_id"": ""2e3d9de2-e504-d1c6-4312-153d484f7f7c""}",2026-08-22 10:16:07,2026-08-22 10:16:07,2026-08-22 10:16:09,,,,,,INSERT,2845,2026-09-07 11:47:00
1414f827-a632-c350-ff71-2ff4c33a8761,8523d070-945b-3711-0a85-872230c95ec4,bdf68eb0-c7e7-5797-b73c-91ca82c3892b,PASS,false,"{""user_id"": ""da743152-627b-41a1-ffd6-f23232ffe294"", ""transaction_id"": ""2e3d9de2-e504-d1c6-4312-153d484f7f7c""}",2026-08-22 10:16:07,2026-08-22 10:16:07,2026-08-22 10:16:09,,,,,,INSERT,2846,2026-09-07 11:30:00
d8fbfda5-1f09-bd6b-bba8-e16689f9c43e,26755363-ae50-f96e-7760-94f625aa620f,397e241d-fe08-a540-ef7e-1940f5687574,PASS,false,"{""user_id"": ""a193c4b2-3c19-e71d-1184-05ad9e11d2cd"", ""transaction_id"": ""02288f07-fbda-05ae-b270-9103cfd6b161""}",2026-08-12 06:35:56,2026-08-12 06:35:56,2026-08-12 06:35:58,,,,,,INSERT,2847,2026-09-07 11:43:00
0d2a9d7a-cc57-32f2-871b-0b1fe0e40a11,af7ead9e-ed5f-24c3-7fb9-ae4902223c10,397e241d-fe08-a540-ef7e-1940f5687574,PASS,false,"{""user_id"": ""a193c4b2-3c19-e71d-1184-05ad9e11d2cd"", ""transaction_id"": ""02288f07-fbda-05ae-b270-9103cfd6b161""}",2026-08-12 06:35:56,2026-08-12 06:35:56,2026-08-12 06:35:58,,,,,,INSERT,2848,2026-09-07 11:46:00
86423a80-a8c1-2f22-78ea-904d9b6b0992,cad6d3ef-cae2-f489-f7d8-e0869110c9fd,397e241d-fe08-a540-ef7e-1940f5687574,PASS,false,"{""user_id"": ""a193c4b2-3c19-e71d-1184-05ad9e11d2cd"", ""transaction_id"": ""02288f07-fbda-05ae-b270-9103cfd6b161""}",2026-08-12 06:35:56,2026-08-12 06:35:56,2026-08-12 06:35:58,,,,,,INSERT,2849,2026-09-07 11:54:00
c4844743-cc8b-a760-3e3a-0dfc5424aae4,26755363-ae50-f96e-7760-94f625aa620f,d604ae9f-31ed-10f5-44e9-28ac5122f001,PASS,false,"{""user_id"": ""bf5ae7e6-53a3-dd5a-4b8c-5bdce8dd5e5a"", ""transaction_id"": ""25bf213d-9eca-381b-fb95-d0fcad72ed05""}",2026-09-06 05:06:27,2026-09-06 05:06:27,2026-09-06 05:06:29,,,,,,INSERT,2850,2026-09-07 11:45:00
74b0b243-3b1b-a723-5ca9-bc53fa3bc921,9cc41ca3-d58c-449e-57e0-d57bb3ab800b,d604ae9f-31ed-10f5-44e9-28ac5122f001,PASS,false,"{""user_id"": ""bf5ae7e6-53a3-dd5a-4b8c-5bdce8dd5e5a"", ""transaction_id"": ""25bf213d-9eca-381b-fb95-d0fcad72ed05""}",2026-09-06 05:06:27,2026-09-06 05:06:27,2026-09-06 05:06:29,,,,,,INSERT,2851,2026-09-07 11:59:00
1d8bf69b-f8ef-0017-bf89-444e5097ce46,8523d070-945b-3711-0a85-872230c95ec4,d604ae9f-31ed-10f5-44e9-28ac5122f001,PASS,false,"{""user_id"": ""bf5ae7e6-53a3-dd5a-4b8c-5bdce8dd5e5a"", ""transaction_id"": ""25bf213d-9eca-381b-fb95-d0fcad72ed05""}",2026-09-06 05:06:27,2026-09-06 05:06:27,2026-09-06 05:06:29,,,,,,INSERT,2852,2026-09-07 11:37:00
1391d18a-8171-d955-8f7a-1e435a1ba9db,cad6d3ef-cae2-f489-f7d8-e0869110c9fd,e1568ad3-f525-d556-bb98-abdf71ec02ad,PASS,false,"{""user_id"": ""a021c0ca-3531-968d-c342-bd2bf295456e"", ""transaction_id"": ""9e91a71c-7374-ccbf-d78c-57d3508850d3""}",2026-08-17 06:28:32,2026-08-17 06:28:32,2026-08-17 06:28:34,,,,,,INSERT,2853,2026-09-07 11:53:00
7bf18cf4-a740-a142-5cbf-7ee6ea258d83,747cb18f-cb9a-efff-6ef7-35aa1f7a63af,e1568ad3-f525-d556-bb98-abdf71ec02ad,PASS,false,"{""user_id"": ""a021c0ca-3531-968d-c342-bd2bf295456e"", ""transaction_id"": ""9e91a71c-7374-ccbf-d78c-57d3508850d3""}",2026-08-17 06:28:32,2026-08-17 06:28:32,2026-08-17 06:28:34,,,,,,INSERT,2854,2026-09-07 11:47:00
c94b3a6f-72ef-917e-3af8-34f29aef9aec,6ad3cc40-96d2-6487-641a-4b7454c93d44,e1568ad3-f525-d556-bb98-abdf71ec02ad,PASS,false,"{""user_id"": ""a021c0ca-3531-968d-c342-bd2bf295456e"", ""transaction_id"": ""9e91a71c-7374-ccbf-d78c-57d3508850d3""}",2026-08-17 06:28:32,2026-08-17 06:28:32,2026-08-17 06:28:34,,,,,,INSERT,2855,2026-09-07 11:41:00
ac92275a-6859-9dc4-e8c5-a3b0c6c55054,4f2fcfd6-46b8-21c7-fe73-1856f1fcfc36,fc9b519a-d3a8-1c4f-d3ec-156291c069ee,PASS,false,"{""user_id"": ""90164161-cfa7-01cd-2631-d00b26d794d3"", ""transaction_id"": ""6a5018b5-d623-c671-e2ee-d64b82f47196""}",2026-07-29 11:47:23,2026-07-29 11:47:23,2026-07-29 11:47:25,,,,,,INSERT,2856,2026-09-07 11:38:00
9b050a6c-235d-2722-aa78-98aa95b2868b,af7ead9e-ed5f-24c3-7fb9-ae4902223c10,fc9b519a-d3a8-1c4f-d3ec-156291c069ee,PASS,false,"{""user_id"": ""90164161-cfa7-01cd-2631-d00b26d794d3"", ""transaction_id"": ""6a5018b5-d623-c671-e2ee-d64b82f47196""}",2026-07-29 11:47:23,2026-07-29 11:47:23,2026-07-29 11:47:25,,,,,,INSERT,2857,2026-09-07 11:54:00
57713fff-4971-4ec3-cbbd-373242a1a429,8523d070-945b-3711-0a85-872230c95ec4,fc9b519a-d3a8-1c4f-d3ec-156291c069ee,PASS,false,"{""user_id"": ""90164161-cfa7-01cd-2631-d00b26d794d3"", ""transaction_id"": ""6a5018b5-d623-c671-e2ee-d64b82f47196""}",2026-07-29 11:47:23,2026-07-29 11:47:23,2026-07-29 11:47:25,,,,,,INSERT,2858,2026-09-07 11:51:00
2ab18038-03f8-9c7b-743d-e03ae05c1fb9,4f2fcfd6-46b8-21c7-fe73-1856f1fcfc36,81496136-6bc8-22f4-6893-a38a14dd9314,PASS,false,"{""user_id"": ""575aed2c-a5c5-650c-8186-a57611a72609"", ""transaction_id"": ""b2c027e8-1ed0-72e9-f9fc-6034750acc98""}",2026-08-12 14:42:53,2026-08-12 14:42:53,2026-08-12 14:42:55,,,,,,INSERT,2859,2026-09-07 11:36:00
b61d1f43-8df8-dff9-c3f8-6f2d436c9e18,f82f2dc3-1c35-730b-49d5-245358d4d949,81496136-6bc8-22f4-6893-a38a14dd9314,FAIL,true,"{""user_id"": ""575aed2c-a5c5-650c-8186-a57611a72609"", ""transaction_id"": ""b2c027e8-1ed0-72e9-f9fc-6034750acc98""}",2026-08-12 14:42:53,2026-08-12 14:42:53,2026-08-12 14:42:55,,REVIEWED,,19dad534-be2b-adee-7848-c332ee1caec8,2026-08-12 23:42:53,INSERT,2860,2026-09-07 11:38:00
20a0c244-5ab7-d8b2-6c1f-b2fce77d9bec,8523d070-945b-3711-0a85-872230c95ec4,81496136-6bc8-22f4-6893-a38a14dd9314,PASS,false,"{""user_id"": ""575aed2c-a5c5-650c-8186-a57611a72609"", ""transaction_id"": ""b2c027e8-1ed0-72e9-f9fc-6034750acc98""}",2026-08-12 14:42:53,2026-08-12 14:42:53,2026-08-12 14:42:55,,,,,,INSERT,2861,2026-09-07 11:41:00
d5b5c24c-bd9e-5993-7323-0f23a17e34b0,747cb18f-cb9a-efff-6ef7-35aa1f7a63af,12e1725b-0b94-b2ab-b8e0-c2e1fe7f9299,PASS,false,"{""user_id"": ""675dd5af-3c36-5296-dca0-2eecacdabacc"", ""transaction_id"": ""f2e3c6f0-0075-d3d5-ba94-aa662d7e4a45""}",2026-08-29 03:10:03,2026-08-29 03:10:03,2026-08-29 03:10:05,,,,,,INSERT,2862,2026-09-07 11:35:00
7a239f3c-c1f6-028b-4a0e-fbe56f8963b3,f82f2dc3-1c35-730b-49d5-245358d4d949,12e1725b-0b94-b2ab-b8e0-c2e1fe7f9299,PASS,false,"{""user_id"": ""675dd5af-3c36-5296-dca0-2eecacdabacc"", ""transaction_id"": ""f2e3c6f0-0075-d3d5-ba94-aa662d7e4a45""}",2026-08-29 03:10:03,2026-08-29 03:10:03,2026-08-29 03:10:05,,,,,,INSERT,2863,2026-09-07 11:55:00
2ef6a152-bbc2-ede6-2275-8233b33aa6b9,cad6d3ef-cae2-f489-f7d8-e0869110c9fd,12e1725b-0b94-b2ab-b8e0-c2e1fe7f9299,PASS,false,"{""user_id"": ""675dd5af-3c36-5296-dca0-2eecacdabacc"", ""transaction_id"": ""f2e3c6f0-0075-d3d5-ba94-aa662d7e4a45""}",2026-08-29 03:10:03,2026-08-29 03:10:03,2026-08-29 03:10:05,,,,,,INSERT,2864,2026-09-07 11:39:00
97d20300-97f3-1baf-01fe-1d86e545fcc6,af7ead9e-ed5f-24c3-7fb9-ae4902223c10,efc66c4c-d1f2-789b-ea95-611396ed4815,PASS,false,"{""user_id"": ""37bb3eec-4bf5-0b52-309d-258c27a0c3d7"", ""transaction_id"": ""44e831e1-3d86-9ad2-0849-30a1ede02d33""}",2026-08-02 14:44:19,2026-08-02 14:44:19,2026-08-02 14:44:21,,,,,,INSERT,2865,2026-09-07 11:47:00
741a5b09-a63f-63ea-ac85-2cc75eb00e6f,6ad3cc40-96d2-6487-641a-4b7454c93d44,efc66c4c-d1f2-789b-ea95-611396ed4815,PASS,false,"{""user_id"": ""37bb3eec-4bf5-0b52-309d-258c27a0c3d7"", ""transaction_id"": ""44e831e1-3d86-9ad2-0849-30a1ede02d33""}",2026-08-02 14:44:19,2026-08-02 14:44:19,2026-08-02 14:44:21,,,,,,INSERT,2866,2026-09-07 11:41:00
2d3dab8a-7047-3d9d-5208-26b8611eb15c,4f2fcfd6-46b8-21c7-fe73-1856f1fcfc36,efc66c4c-d1f2-789b-ea95-611396ed4815,PASS,false,"{""user_id"": ""37bb3eec-4bf5-0b52-309d-258c27a0c3d7"", ""transaction_id"": ""44e831e1-3d86-9ad2-0849-30a1ede02d33""}",2026-08-02 14:44:19,2026-08-02 14:44:19,2026-08-02 14:44:21,,,,,,INSERT,2867,2026-09-07 11:34:00
906ae95d-0c5c-9940-5753-75347e487b1c,6ad3cc40-96d2-6487-641a-4b7454c93d44,c5e3be15-f1dc-5270-4780-2d60968c77f1,PASS,false,"{""user_id"": ""e9a1fa6f-81f7-6d1c-2dbc-2134c30ff46e"", ""transaction_id"": ""000b1f5e-8c91-bd13-8ea0-2346092c4801""}",2026-07-25 08:42:14,2026-07-25 08:42:14,2026-07-25 08:42:16,,,,,,INSERT,2868,2026-09-07 11:34:00
946f9f07-8673-173a-e5b5-8f3084868583,8523d070-945b-3711-0a85-872230c95ec4,c5e3be15-f1dc-5270-4780-2d60968c77f1,PASS,false,"{""user_id"": ""e9a1fa6f-81f7-6d1c-2dbc-2134c30ff46e"", ""transaction_id"": ""000b1f5e-8c91-bd13-8ea0-2346092c4801""}",2026-07-25 08:42:14,2026-07-25 08:42:14,2026-07-25 08:42:16,,,,,,INSERT,2869,2026-09-07 11:53:00
6d3b867c-ed94-4378-d814-abe0821b390c,9cc41ca3-d58c-449e-57e0-d57bb3ab800b,c5e3be15-f1dc-5270-4780-2d60968c77f1,PASS,false,"{""user_id"": ""e9a1fa6f-81f7-6d1c-2dbc-2134c30ff46e"", ""transaction_id"": ""000b1f5e-8c91-bd13-8ea0-2346092c4801""}",2026-07-25 08:42:14,2026-07-25 08:42:14,2026-07-25 08:42:16,,,,,,INSERT,2870,2026-09-07 11:55:00
9d8feee1-e12c-6678-933c-3b76473bccd4,4f2fcfd6-46b8-21c7-fe73-1856f1fcfc36,2daca88b-c1de-6d58-518e-58fd62524390,FAIL,true,"{""user_id"": ""8dedf9fb-4bb0-0f20-b27c-40266703b636"", ""transaction_id"": ""8f9fdc15-dfd2-3d15-7211-4575fa3efd03""}",2026-08-07 07:38:35,2026-08-07 07:38:35,2026-08-07 07:38:37,,REVIEWED,,48e80f79-58eb-a462-1976-a39a507a61a9,2026-08-07 18:38:35,INSERT,2871,2026-09-07 11:46:00
e401461a-f5b9-2b3c-0a2c-bb1be70cf274,e353a243-594d-e8d7-add7-4b0fe90b3651,2daca88b-c1de-6d58-518e-58fd62524390,FAIL,true,"{""user_id"": ""8dedf9fb-4bb0-0f20-b27c-40266703b636"", ""transaction_id"": ""8f9fdc15-dfd2-3d15-7211-4575fa3efd03""}",2026-08-07 07:38:35,2026-08-07 07:38:35,2026-08-07 07:38:37,,REVIEWED,,31f436ea-cc8a-bd69-89b4-db808a32484a,2026-08-07 08:38:35,INSERT,2872,2026-09-07 11:49:00
eb01bba7-4b81-4a84-742f-790ed4bee4e4,8523d070-945b-3711-0a85-872230c95ec4,2daca88b-c1de-6d58-518e-58fd62524390,FAIL,true,"{""user_id"": ""8dedf9fb-4bb0-0f20-b27c-40266703b636"", ""transaction_id"": ""8f9fdc15-dfd2-3d15-7211-4575fa3efd03""}",2026-08-07 07:38:35,2026-08-07 07:38:35,2026-08-07 07:38:37,,REVIEWED,,eb4f9efb-b4d1-880b-b75c-38251c0fb87f,2026-08-07 15:38:35,INSERT,2873,2026-09-07 11:45:00
b481acde-eeaf-ab56-19b6-5b6b6ef1d60c,6ad3cc40-96d2-6487-641a-4b7454c93d44,c6ec757f-ac0d-8818-8349-c078bc4b2732,PASS,false,"{""user_id"": ""acf5e81e-7131-6269-7118-e36477097749"", ""transaction_id"": ""965afd0f-9db4-02f1-c359-5dc20bd372a9""}",2026-08-14 08:27:07,2026-08-14 08:27:07,2026-08-14 08:27:09,,,,,,INSERT,2874,2026-09-07 11:52:00
30bdf7be-5149-7675-8573-b517cb508544,747cb18f-cb9a-efff-6ef7-35aa1f7a63af,c6ec757f-ac0d-8818-8349-c078bc4b2732,PASS,false,"{""user_id"": ""acf5e81e-7131-6269-7118-e36477097749"", ""transaction_id"": ""965afd0f-9db4-02f1-c359-5dc20bd372a9""}",2026-08-14 08:27:07,2026-08-14 08:27:07,2026-08-14 08:27:09,,,,,,INSERT,2875,2026-09-07 11:32:00
d66f3fff-a93f-d7ec-8ee4-3f7fd7680657,e353a243-594d-e8d7-add7-4b0fe90b3651,c6ec757f-ac0d-8818-8349-c078bc4b2732,PASS,false,"{""user_id"": ""acf5e81e-7131-6269-7118-e36477097749"", ""transaction_id"": ""965afd0f-9db4-02f1-c359-5dc20bd372a9""}",2026-08-14 08:27:07,2026-08-14 08:27:07,2026-08-14 08:27:09,,,,,,INSERT,2876,2026-09-07 11:36:00
f17316d5-df42-eabd-604f-3c8d961a9968,e353a243-594d-e8d7-add7-4b0fe90b3651,a095c0d0-a26e-67da-f2fd-a085091f73f3,PASS,false,"{""user_id"": ""9384ec2b-44fe-acae-d248-a9a7ac1aa554"", ""transaction_id"": ""57d3f4dd-d963-dc72-05c8-234b1d763a66""}",2026-08-08 01:50:03,2026-08-08 01:50:03,2026-08-08 01:50:05,,,,,,INSERT,2877,2026-09-07 11:55:00
43e9c94c-3217-f93c-ac60-82a4385fa73d,8523d070-945b-3711-0a85-872230c95ec4,a095c0d0-a26e-67da-f2fd-a085091f73f3,PASS,false,"{""user_id"": ""9384ec2b-44fe-acae-d248-a9a7ac1aa554"", ""transaction_id"": ""57d3f4dd-d963-dc72-05c8-234b1d763a66""}",2026-08-08 01:50:03,2026-08-08 01:50:03,2026-08-08 01:50:05,,,,,,INSERT,2878,2026-09-07 11:35:00
d059b594-7c08-a960-26c4-51fd78597bc6,4f2fcfd6-46b8-21c7-fe73-1856f1fcfc36,a095c0d0-a26e-67da-f2fd-a085091f73f3,PASS,false,"{""user_id"": ""9384ec2b-44fe-acae-d248-a9a7ac1aa554"", ""transaction_id"": ""57d3f4dd-d963-dc72-05c8-234b1d763a66""}",2026-08-08 01:50:03,2026-08-08 01:50:03,2026-08-08 01:50:05,,,,,,INSERT,2879,2026-09-07 11:30:00
9c78bade-8ec7-dccb-7d9d-ef75113808db,6ad3cc40-96d2-6487-641a-4b7454c93d44,32d5ad87-21bd-1db7-4858-73c17f297630,FAIL,true,"{""user_id"": ""1d870966-0710-d430-f071-d87954c63cd8"", ""transaction_id"": ""2e7d952b-785b-8a07-8b0e-a0b912464474""}",2026-07-27 05:17:26,2026-07-27 05:17:26,2026-07-27 05:17:28,,REVIEWED,,09efa19b-2d98-f251-b5c1-f0273563559e,2026-07-28 08:17:26,INSERT,2880,2026-09-07 11:44:00
4ac81bda-e002-8f9a-3b5d-5c9cd73794d5,af7ead9e-ed5f-24c3-7fb9-ae4902223c10,32d5ad87-21bd-1db7-4858-73c17f297630,PASS,false,"{""user_id"": ""1d870966-0710-d430-f071-d87954c63cd8"", ""transaction_id"": ""2e7d952b-785b-8a07-8b0e-a0b912464474""}",2026-07-27 05:17:26,2026-07-27 05:17:26,2026-07-27 05:17:28,,,,,,INSERT,2881,2026-09-07 11:49:00
6467e0c0-a149-7b65-cbf7-8eb17d7f2fed,8523d070-945b-3711-0a85-872230c95ec4,32d5ad87-21bd-1db7-4858-73c17f297630,PASS,false,"{""user_id"": ""1d870966-0710-d430-f071-d87954c63cd8"", ""transaction_id"": ""2e7d952b-785b-8a07-8b0e-a0b912464474""}",2026-07-27 05:17:26,2026-07-27 05:17:26,2026-07-27 05:17:28,,,,,,INSERT,2882,2026-09-07 11:40:00
1d10b6f6-a91d-ecb2-51a3-d21bf4d1183f,6ad3cc40-96d2-6487-641a-4b7454c93d44,6cc3f8aa-a994-3d14-3f55-5c7d534d388e,PASS,false,"{""user_id"": ""680ac07a-2a93-5d62-3c83-5dc0d9441fa5"", ""transaction_id"": ""01e06ad8-8880-2d4d-89b8-b7eec5f833cf""}",2026-07-29 03:47:55,2026-07-29 03:47:55,2026-07-29 03:47:57,,,,,,INSERT,2883,2026-09-07 11:30:00
b46f0145-65e9-2e49-b26c-887658fae8c7,4f2fcfd6-46b8-21c7-fe73-1856f1fcfc36,6cc3f8aa-a994-3d14-3f55-5c7d534d388e,PASS,false,"{""user_id"": ""680ac07a-2a93-5d62-3c83-5dc0d9441fa5"", ""transaction_id"": ""01e06ad8-8880-2d4d-89b8-b7eec5f833cf""}",2026-07-29 03:47:55,2026-07-29 03:47:55,2026-07-29 03:47:57,,,,,,INSERT,2884,2026-09-07 11:35:00
7bd64d37-e1d5-fcea-c610-024b20c8667f,f82f2dc3-1c35-730b-49d5-245358d4d949,6cc3f8aa-a994-3d14-3f55-5c7d534d388e,PASS,false,"{""user_id"": ""680ac07a-2a93-5d62-3c83-5dc0d9441fa5"", ""transaction_id"": ""01e06ad8-8880-2d4d-89b8-b7eec5f833cf""}",2026-07-29 03:47:55,2026-07-29 03:47:55,2026-07-29 03:47:57,,,,,,INSERT,2885,2026-09-07 11:40:00
e3caa0c4-3711-32b7-81ea-b1da4496a883,8523d070-945b-3711-0a85-872230c95ec4,697905ea-99de-fd20-7d3a-8826dd2fb568,PASS,false,"{""user_id"": ""6dadd6c7-95a7-6d79-bf3c-4c06434308bc"", ""transaction_id"": ""d66d4627-e1da-ce6a-6afa-828c2cd10b9f""}",2026-08-28 14:29:40,2026-08-28 14:29:40,2026-08-28 14:29:42,,,,,,INSERT,2886,2026-09-07 11:43:00
0f90cd63-68b4-9b00-c867-68b2d9da5f47,e353a243-594d-e8d7-add7-4b0fe90b3651,697905ea-99de-fd20-7d3a-8826dd2fb568,PASS,false,"{""user_id"": ""6dadd6c7-95a7-6d79-bf3c-4c06434308bc"", ""transaction_id"": ""d66d4627-e1da-ce6a-6afa-828c2cd10b9f""}",2026-08-28 14:29:40,2026-08-28 14:29:40,2026-08-28 14:29:42,,,,,,INSERT,2887,2026-09-07 11:36:00
42f88fc5-52bc-b64d-c594-98c58ff01845,9cc41ca3-d58c-449e-57e0-d57bb3ab800b,697905ea-99de-fd20-7d3a-8826dd2fb568,PASS,false,"{""user_id"": ""6dadd6c7-95a7-6d79-bf3c-4c06434308bc"", ""transaction_id"": ""d66d4627-e1da-ce6a-6afa-828c2cd10b9f""}",2026-08-28 14:29:40,2026-08-28 14:29:40,2026-08-28 14:29:42,,,,,,INSERT,2888,2026-09-07 11:39:00
7c4a14cf-44b0-703f-0dfc-73c1e990ff49,cad6d3ef-cae2-f489-f7d8-e0869110c9fd,7123bc96-cf1c-a021-6431-5fc269464f3f,PASS,false,"{""user_id"": ""37bb3eec-4bf5-0b52-309d-258c27a0c3d7"", ""transaction_id"": ""f2deb798-b31a-25b5-5fec-aa6e88917cf5""}",2026-08-05 20:17:21,2026-08-05 20:17:21,2026-08-05 20:17:23,,,,,,INSERT,2889,2026-09-07 11:31:00
a2e25753-56ff-db3e-380c-fd3dba6a741c,26755363-ae50-f96e-7760-94f625aa620f,7123bc96-cf1c-a021-6431-5fc269464f3f,PASS,false,"{""user_id"": ""37bb3eec-4bf5-0b52-309d-258c27a0c3d7"", ""transaction_id"": ""f2deb798-b31a-25b5-5fec-aa6e88917cf5""}",2026-08-05 20:17:21,2026-08-05 20:17:21,2026-08-05 20:17:23,,,,,,INSERT,2890,2026-09-07 11:58:00
72984bb6-4efa-8dc3-0bae-4fc1d18ad3ca,9cc41ca3-d58c-449e-57e0-d57bb3ab800b,7123bc96-cf1c-a021-6431-5fc269464f3f,PASS,false,"{""user_id"": ""37bb3eec-4bf5-0b52-309d-258c27a0c3d7"", ""transaction_id"": ""f2deb798-b31a-25b5-5fec-aa6e88917cf5""}",2026-08-05 20:17:21,2026-08-05 20:17:21,2026-08-05 20:17:23,,,,,,INSERT,2891,2026-09-07 11:38:00
051978bf-8a2e-30d6-9ade-bcc221144198,8523d070-945b-3711-0a85-872230c95ec4,8938279c-2aa2-0c1e-e028-c315928fbbae,PASS,false,"{""user_id"": ""de8a774b-cf36-d58b-4737-819096da1dac"", ""transaction_id"": ""1de987a2-985e-7e89-2ff8-107a63ba9d86""}",2026-08-19 10:28:29,2026-08-19 10:28:29,2026-08-19 10:28:31,,,,,,INSERT,2892,2026-09-07 11:56:00
cd6aee30-0567-f81f-b8e3-fb43f34574ae,6ad3cc40-96d2-6487-641a-4b7454c93d44,8938279c-2aa2-0c1e-e028-c315928fbbae,PASS,false,"{""user_id"": ""de8a774b-cf36-d58b-4737-819096da1dac"", ""transaction_id"": ""1de987a2-985e-7e89-2ff8-107a63ba9d86""}",2026-08-19 10:28:29,2026-08-19 10:28:29,2026-08-19 10:28:31,,,,,,INSERT,2893,2026-09-07 11:34:00
b4693821-c7ca-7ddc-171a-cd3561127927,747cb18f-cb9a-efff-6ef7-35aa1f7a63af,8938279c-2aa2-0c1e-e028-c315928fbbae,PASS,false,"{""user_id"": ""de8a774b-cf36-d58b-4737-819096da1dac"", ""transaction_id"": ""1de987a2-985e-7e89-2ff8-107a63ba9d86""}",2026-08-19 10:28:29,2026-08-19 10:28:29,2026-08-19 10:28:31,,,,,,INSERT,2894,2026-09-07 11:57:00
d690efa9-2830-affa-fc37-337a32ccf39d,6ad3cc40-96d2-6487-641a-4b7454c93d44,8d8a7957-c419-6c8a-c44f-c2a85a4a96ae,FAIL,true,"{""user_id"": ""a193c4b2-3c19-e71d-1184-05ad9e11d2cd"", ""transaction_id"": ""74169e82-ec1f-41ce-57b9-4dfbaf82e70c""}",2026-08-18 07:07:56,2026-08-18 07:07:56,2026-08-18 07:07:58,,REVIEWED,,b7c315a2-dc16-cbae-6541-35f889238eb6,2026-08-18 22:07:56,INSERT,2895,2026-09-07 11:57:00
86cc556b-f0bb-1e32-c14f-a9be05209457,e353a243-594d-e8d7-add7-4b0fe90b3651,8d8a7957-c419-6c8a-c44f-c2a85a4a96ae,FAIL,true,"{""user_id"": ""a193c4b2-3c19-e71d-1184-05ad9e11d2cd"", ""transaction_id"": ""74169e82-ec1f-41ce-57b9-4dfbaf82e70c""}",2026-08-18 07:07:56,2026-08-18 07:07:56,2026-08-18 07:07:58,,REVIEWED,,ca957c2e-65df-39cb-8062-42771a3ecc71,2026-08-19 15:07:56,INSERT,2896,2026-09-07 11:59:00
c32bba73-b417-dee1-b8dc-639081278b86,8523d070-945b-3711-0a85-872230c95ec4,8d8a7957-c419-6c8a-c44f-c2a85a4a96ae,FAIL,true,"{""user_id"": ""a193c4b2-3c19-e71d-1184-05ad9e11d2cd"", ""transaction_id"": ""74169e82-ec1f-41ce-57b9-4dfbaf82e70c""}",2026-08-18 07:07:56,2026-08-18 07:07:56,2026-08-18 07:07:58,,REVIEWED,,03c61e18-0528-d309-6a56-587dbb8e37e2,2026-08-20 07:07:56,INSERT,2897,2026-09-07 11:59:00
b3efe892-e85c-c863-48cf-f1da7bbccb5d,cad6d3ef-cae2-f489-f7d8-e0869110c9fd,38e591c4-17d2-efe7-6df5-fa4a4a8e9dd2,PASS,false,"{""user_id"": ""e776b886-d534-ee1d-7f29-84f5bec39a37"", ""transaction_id"": ""d862042e-500f-86b1-c544-a04968115a5c""}",2026-09-04 03:33:08,2026-09-04 03:33:08,2026-09-04 03:33:10,,,,,,INSERT,2898,2026-09-07 11:30:00
61e5835e-3e9f-069a-81b0-1ca488800d17,af7ead9e-ed5f-24c3-7fb9-ae4902223c10,38e591c4-17d2-efe7-6df5-fa4a4a8e9dd2,PASS,false,"{""user_id"": ""e776b886-d534-ee1d-7f29-84f5bec39a37"", ""transaction_id"": ""d862042e-500f-86b1-c544-a04968115a5c""}",2026-09-04 03:33:08,2026-09-04 03:33:08,2026-09-04 03:33:10,,,,,,INSERT,2899,2026-09-07 11:32:00
ba41348a-7f3d-adbd-fe3f-566204680a4a,9cc41ca3-d58c-449e-57e0-d57bb3ab800b,38e591c4-17d2-efe7-6df5-fa4a4a8e9dd2,PASS,false,"{""user_id"": ""e776b886-d534-ee1d-7f29-84f5bec39a37"", ""transaction_id"": ""d862042e-500f-86b1-c544-a04968115a5c""}",2026-09-04 03:33:08,2026-09-04 03:33:08,2026-09-04 03:33:10,,,,,,INSERT,2900,2026-09-07 11:32:00
65b8a38c-065f-5046-f9a6-174493efe8f0,6ad3cc40-96d2-6487-641a-4b7454c93d44,b6eea1cf-8bec-c264-c340-55005f6bbc54,PASS,false,"{""user_id"": ""c1101266-2408-a6dc-1346-d1a9f6802cdb"", ""transaction_id"": ""579744ba-1073-80cb-46d9-e34d1feb21c7""}",2026-07-28 08:59:11,2026-07-28 08:59:11,2026-07-28 08:59:13,,,,,,INSERT,2901,2026-09-07 11:58:00
5eaca15d-7274-2e76-3b6b-ecb7c56dbe29,f82f2dc3-1c35-730b-49d5-245358d4d949,b6eea1cf-8bec-c264-c340-55005f6bbc54,PASS,false,"{""user_id"": ""c1101266-2408-a6dc-1346-d1a9f6802cdb"", ""transaction_id"": ""579744ba-1073-80cb-46d9-e34d1feb21c7""}",2026-07-28 08:59:11,2026-07-28 08:59:11,2026-07-28 08:59:13,,,,,,INSERT,2902,2026-09-07 11:49:00
a48fc1f1-1be4-0ba9-902a-d0197a0ffa86,8523d070-945b-3711-0a85-872230c95ec4,b6eea1cf-8bec-c264-c340-55005f6bbc54,PASS,false,"{""user_id"": ""c1101266-2408-a6dc-1346-d1a9f6802cdb"", ""transaction_id"": ""579744ba-1073-80cb-46d9-e34d1feb21c7""}",2026-07-28 08:59:11,2026-07-28 08:59:11,2026-07-28 08:59:13,,,,,,INSERT,2903,2026-09-07 11:32:00
3ffdf8f1-97e9-afe2-7d64-48b2f12d0664,6ad3cc40-96d2-6487-641a-4b7454c93d44,f9cf2bd2-a142-0851-cf47-3d7224ce3160,FAIL,true,"{""user_id"": ""f1738856-e25d-36eb-9e9a-9f83066803ee"", ""transaction_id"": ""6f4abfcc-deca-8598-87cb-0e2a25288a1b""}",2026-08-27 18:05:38,2026-08-27 18:05:38,2026-08-27 18:05:40,,REVIEWED,,9dd23036-6737-cac9-242e-3d711579bc24,2026-08-29 01:05:38,INSERT,2904,2026-09-07 11:57:00
90b84f94-b062-259e-524a-16520958b354,26755363-ae50-f96e-7760-94f625aa620f,f9cf2bd2-a142-0851-cf47-3d7224ce3160,PASS,false,"{""user_id"": ""f1738856-e25d-36eb-9e9a-9f83066803ee"", ""transaction_id"": ""6f4abfcc-deca-8598-87cb-0e2a25288a1b""}",2026-08-27 18:05:38,2026-08-27 18:05:38,2026-08-27 18:05:40,,,,,,INSERT,2905,2026-09-07 11:49:00
b0bde14f-44a5-24d9-016d-26d9df15e667,4f2fcfd6-46b8-21c7-fe73-1856f1fcfc36,f9cf2bd2-a142-0851-cf47-3d7224ce3160,FAIL,true,"{""user_id"": ""f1738856-e25d-36eb-9e9a-9f83066803ee"", ""transaction_id"": ""6f4abfcc-deca-8598-87cb-0e2a25288a1b""}",2026-08-27 18:05:38,2026-08-27 18:05:38,2026-08-27 18:05:40,,REVIEWED,,cb712efd-8ffa-1194-c14a-2a61358fb73f,2026-08-29 02:05:38,INSERT,2906,2026-09-07 11:30:00
7cb8b49d-864b-789a-cd9b-79fda04c57f6,cad6d3ef-cae2-f489-f7d8-e0869110c9fd,e2b05055-09ff-f6ab-1d19-1f64f8cf814a,PASS,false,"{""user_id"": ""36c59dac-b4d7-e28e-271e-3ee2b1a6b1f1"", ""transaction_id"": ""8869372a-d34c-0a09-ada5-9cb2882ae449""}",2026-09-02 18:30:31,2026-09-02 18:30:31,2026-09-02 18:30:33,,,,,,INSERT,2907,2026-09-07 11:31:00
8c0dc409-dfcc-8eb4-bfbe-089223ce37db,f82f2dc3-1c35-730b-49d5-245358d4d949,e2b05055-09ff-f6ab-1d19-1f64f8cf814a,PASS,false,"{""user_id"": ""36c59dac-b4d7-e28e-271e-3ee2b1a6b1f1"", ""transaction_id"": ""8869372a-d34c-0a09-ada5-9cb2882ae449""}",2026-09-02 18:30:31,2026-09-02 18:30:31,2026-09-02 18:30:33,,,,,,INSERT,2908,2026-09-07 11:48:00
4bf7e012-025e-c446-663f-730d6b0bb457,4f2fcfd6-46b8-21c7-fe73-1856f1fcfc36,e2b05055-09ff-f6ab-1d19-1f64f8cf814a,PASS,false,"{""user_id"": ""36c59dac-b4d7-e28e-271e-3ee2b1a6b1f1"", ""transaction_id"": ""8869372a-d34c-0a09-ada5-9cb2882ae449""}",2026-09-02 18:30:31,2026-09-02 18:30:31,2026-09-02 18:30:33,,,,,,INSERT,2909,2026-09-07 11:53:00
2a7b6a7c-a674-dd6b-9055-e0855f234322,9cc41ca3-d58c-449e-57e0-d57bb3ab800b,ec063d73-b84e-2f11-4b52-3dc2fee91972,PASS,false,"{""user_id"": ""cada4f80-a9e7-82d4-fd08-b32c62d60e93"", ""transaction_id"": ""dec56dc3-ad96-8213-f0a9-b97f7557c28c""}",2026-08-03 18:37:27,2026-08-03 18:37:27,2026-08-03 18:37:29,,,,,,INSERT,2910,2026-09-07 11:36:00
cd853347-3457-9c7f-af5d-b99c85f3cb12,af7ead9e-ed5f-24c3-7fb9-ae4902223c10,ec063d73-b84e-2f11-4b52-3dc2fee91972,FAIL,true,"{""user_id"": ""cada4f80-a9e7-82d4-fd08-b32c62d60e93"", ""transaction_id"": ""dec56dc3-ad96-8213-f0a9-b97f7557c28c""}",2026-08-03 18:37:27,2026-08-03 18:37:27,2026-08-03 18:37:29,,REVIEWED,,5f0a74fb-b6e7-d214-f3b5-f7d79d2f1794,2026-08-05 04:37:27,INSERT,2911,2026-09-07 11:55:00
0283a43b-794f-9276-d454-1573b70f9392,747cb18f-cb9a-efff-6ef7-35aa1f7a63af,ec063d73-b84e-2f11-4b52-3dc2fee91972,FAIL,true,"{""user_id"": ""cada4f80-a9e7-82d4-fd08-b32c62d60e93"", ""transaction_id"": ""dec56dc3-ad96-8213-f0a9-b97f7557c28c""}",2026-08-03 18:37:27,2026-08-03 18:37:27,2026-08-03 18:37:29,,REVIEWED,,267d46e7-2de1-bda4-6a92-d47b515400a6,2026-08-05 01:37:27,INSERT,2912,2026-09-07 11:53:00
47ad21dd-3768-b54a-bb0c-686a1a5ca752,8523d070-945b-3711-0a85-872230c95ec4,a8cc5023-a43f-daf0-8a80-16fe8fa50e32,PASS,false,"{""user_id"": ""a193c4b2-3c19-e71d-1184-05ad9e11d2cd"", ""transaction_id"": ""da385db5-90ee-b067-216e-9fe593f37596""}",2026-08-09 04:09:59,2026-08-09 04:09:59,2026-08-09 04:10:01,,,,,,INSERT,2913,2026-09-07 11:50:00
1a31c87e-904c-01a1-434f-e1332da6b974,6ad3cc40-96d2-6487-641a-4b7454c93d44,a8cc5023-a43f-daf0-8a80-16fe8fa50e32,PASS,false,"{""user_id"": ""a193c4b2-3c19-e71d-1184-05ad9e11d2cd"", ""transaction_id"": ""da385db5-90ee-b067-216e-9fe593f37596""}",2026-08-09 04:09:59,2026-08-09 04:09:59,2026-08-09 04:10:01,,,,,,INSERT,2914,2026-09-07 11:33:00
965a693e-85b6-9e95-cc00-9f08206faddb,4f2fcfd6-46b8-21c7-fe73-1856f1fcfc36,a8cc5023-a43f-daf0-8a80-16fe8fa50e32,PASS,false,"{""user_id"": ""a193c4b2-3c19-e71d-1184-05ad9e11d2cd"", ""transaction_id"": ""da385db5-90ee-b067-216e-9fe593f37596""}",2026-08-09 04:09:59,2026-08-09 04:09:59,2026-08-09 04:10:01,,,,,,INSERT,2915,2026-09-07 11:57:00
c88a9a74-00af-085d-2b08-8fcd35951ffd,26755363-ae50-f96e-7760-94f625aa620f,c5a06501-935e-2c27-5485-60db6208c875,PASS,false,"{""user_id"": ""675dd5af-3c36-5296-dca0-2eecacdabacc"", ""transaction_id"": ""ff2f6883-163b-5481-284e-4cd4f9c3ee05""}",2026-08-10 23:07:43,2026-08-10 23:07:43,2026-08-10 23:07:45,,,,,,INSERT,2916,2026-09-07 11:48:00
1761f1ce-3768-d6aa-fd34-d21e3b59475e,9cc41ca3-d58c-449e-57e0-d57bb3ab800b,c5a06501-935e-2c27-5485-60db6208c875,PASS,false,"{""user_id"": ""675dd5af-3c36-5296-dca0-2eecacdabacc"", ""transaction_id"": ""ff2f6883-163b-5481-284e-4cd4f9c3ee05""}",2026-08-10 23:07:43,2026-08-10 23:07:43,2026-08-10 23:07:45,,,,,,INSERT,2917,2026-09-07 11:40:00
25807a2c-9d6b-a3b5-cda8-98b5edf6cca4,f82f2dc3-1c35-730b-49d5-245358d4d949,c5a06501-935e-2c27-5485-60db6208c875,PASS,false,"{""user_id"": ""675dd5af-3c36-5296-dca0-2eecacdabacc"", ""transaction_id"": ""ff2f6883-163b-5481-284e-4cd4f9c3ee05""}",2026-08-10 23:07:43,2026-08-10 23:07:43,2026-08-10 23:07:45,,,,,,INSERT,2918,2026-09-07 11:30:00
78c09d8b-aa33-19bc-6ce7-63e1708f75a1,6ad3cc40-96d2-6487-641a-4b7454c93d44,52c64562-0010-2dc0-dfe6-b58979b8023d,FAIL,true,"{""user_id"": ""d4aac9a3-3ed8-c56c-da09-dfa052828d80"", ""transaction_id"": ""a8ad1539-85f0-786a-18a4-40bd1c4760a5""}",2026-08-09 03:51:27,2026-08-09 03:51:27,2026-08-09 03:51:29,,REVIEWED,,c28fd8cb-8018-9536-4d74-764953bc20e0,2026-08-09 11:51:27,INSERT,2919,2026-09-07 11:49:00
36c21bc3-d799-d80d-9afa-3fb4e21f0167,e353a243-594d-e8d7-add7-4b0fe90b3651,52c64562-0010-2dc0-dfe6-b58979b8023d,FAIL,true,"{""user_id"": ""d4aac9a3-3ed8-c56c-da09-dfa052828d80"", ""transaction_id"": ""a8ad1539-85f0-786a-18a4-40bd1c4760a5""}",2026-08-09 03:51:27,2026-08-09 03:51:27,2026-08-09 03:51:29,,REVIEWED,,a23ebe36-f20b-a0c9-2a86-9922f4927b35,2026-08-09 21:51:27,INSERT,2920,2026-09-07 11:41:00
0679c4f2-2d92-38a4-5922-5b53a6ef8273,4f2fcfd6-46b8-21c7-fe73-1856f1fcfc36,52c64562-0010-2dc0-dfe6-b58979b8023d,PASS,false,"{""user_id"": ""d4aac9a3-3ed8-c56c-da09-dfa052828d80"", ""transaction_id"": ""a8ad1539-85f0-786a-18a4-40bd1c4760a5""}",2026-08-09 03:51:27,2026-08-09 03:51:27,2026-08-09 03:51:29,,,,,,INSERT,2921,2026-09-07 11:31:00
016ff44c-31e4-3850-86a8-1b2b5c69ee49,e353a243-594d-e8d7-add7-4b0fe90b3651,2dd34f8e-5fcb-f482-61e8-baa530e4541b,PASS,false,"{""user_id"": ""1d870966-0710-d430-f071-d87954c63cd8"", ""transaction_id"": ""5379f279-4cb5-0625-89a0-6a99b0c5d3d5""}",2026-08-26 18:58:22,2026-08-26 18:58:22,2026-08-26 18:58:24,,,,,,INSERT,2922,2026-09-07 11:33:00
18177e4a-5415-668e-4f75-c3d196107189,8523d070-945b-3711-0a85-872230c95ec4,2dd34f8e-5fcb-f482-61e8-baa530e4541b,PASS,false,"{""user_id"": ""1d870966-0710-d430-f071-d87954c63cd8"", ""transaction_id"": ""5379f279-4cb5-0625-89a0-6a99b0c5d3d5""}",2026-08-26 18:58:22,2026-08-26 18:58:22,2026-08-26 18:58:24,,,,,,INSERT,2923,2026-09-07 11:45:00
40f66fde-ea72-5584-5e6e-187ae939f790,f82f2dc3-1c35-730b-49d5-245358d4d949,2dd34f8e-5fcb-f482-61e8-baa530e4541b,PASS,false,"{""user_id"": ""1d870966-0710-d430-f071-d87954c63cd8"", ""transaction_id"": ""5379f279-4cb5-0625-89a0-6a99b0c5d3d5""}",2026-08-26 18:58:22,2026-08-26 18:58:22,2026-08-26 18:58:24,,,,,,INSERT,2924,2026-09-07 11:44:00
b44aad77-b20c-3a3f-fee8-acf10b3e2b6e,9cc41ca3-d58c-449e-57e0-d57bb3ab800b,08954db1-45e5-26e1-9b55-917803539b9a,PASS,false,"{""user_id"": ""13432e61-1ca3-c448-0279-b6a68f9797b0"", ""transaction_id"": ""db107e7f-36fe-a0b4-38cd-9122fc0145e1""}",2026-09-05 17:18:16,2026-09-05 17:18:16,2026-09-05 17:18:18,,,,,,INSERT,2925,2026-09-07 11:49:00
0ea66dbf-a011-b8d8-4630-419c40c71862,f82f2dc3-1c35-730b-49d5-245358d4d949,08954db1-45e5-26e1-9b55-917803539b9a,PASS,false,"{""user_id"": ""13432e61-1ca3-c448-0279-b6a68f9797b0"", ""transaction_id"": ""db107e7f-36fe-a0b4-38cd-9122fc0145e1""}",2026-09-05 17:18:16,2026-09-05 17:18:16,2026-09-05 17:18:18,,,,,,INSERT,2926,2026-09-07 11:37:00
07ca07d8-d2c5-7940-927a-72dff89cad3f,cad6d3ef-cae2-f489-f7d8-e0869110c9fd,08954db1-45e5-26e1-9b55-917803539b9a,PASS,false,"{""user_id"": ""13432e61-1ca3-c448-0279-b6a68f9797b0"", ""transaction_id"": ""db107e7f-36fe-a0b4-38cd-9122fc0145e1""}",2026-09-05 17:18:16,2026-09-05 17:18:16,2026-09-05 17:18:18,,,,,,INSERT,2927,2026-09-07 11:54:00
a5c5bce0-dffb-dc2d-bffb-ce287933ea49,f82f2dc3-1c35-730b-49d5-245358d4d949,9b8826ed-ff4a-9185-7886-f504ed758b74,PASS,false,"{""user_id"": ""4d71c366-b41b-3143-8b10-550cd5704f32"", ""transaction_id"": ""4e9d23e9-df16-2ec3-be84-8aa2392c04da""}",2026-08-25 06:28:22,2026-08-25 06:28:22,2026-08-25 06:28:24,,,,,,INSERT,2928,2026-09-07 11:50:00
1a985b74-ceb3-c70f-8bab-9c9cc0266d51,26755363-ae50-f96e-7760-94f625aa620f,9b8826ed-ff4a-9185-7886-f504ed758b74,PASS,false,"{""user_id"": ""4d71c366-b41b-3143-8b10-550cd5704f32"", ""transaction_id"": ""4e9d23e9-df16-2ec3-be84-8aa2392c04da""}",2026-08-25 06:28:22,2026-08-25 06:28:22,2026-08-25 06:28:24,,,,,,INSERT,2929,2026-09-07 11:50:00
9ce85b7d-0761-dc0c-5e99-c56809c70e3d,4f2fcfd6-46b8-21c7-fe73-1856f1fcfc36,9b8826ed-ff4a-9185-7886-f504ed758b74,PASS,false,"{""user_id"": ""4d71c366-b41b-3143-8b10-550cd5704f32"", ""transaction_id"": ""4e9d23e9-df16-2ec3-be84-8aa2392c04da""}",2026-08-25 06:28:22,2026-08-25 06:28:22,2026-08-25 06:28:24,,,,,,INSERT,2930,2026-09-07 11:56:00
0e592949-1e92-c0ae-d886-8de4d5853f0b,4f2fcfd6-46b8-21c7-fe73-1856f1fcfc36,2d49d235-bc77-5a20-b4a4-cb8027379316,PASS,false,"{""user_id"": ""c0e3befd-4c71-e0fe-5a0c-dd7cf1578470"", ""transaction_id"": ""ebe0c8c1-ae38-cf46-47f8-6de4c227e0f2""}",2026-07-24 22:54:37,2026-07-24 22:54:37,2026-07-24 22:54:39,,,,,,INSERT,2931,2026-09-07 11:34:00
0ff48fe8-b5e9-489c-a331-c4b071813890,6ad3cc40-96d2-6487-641a-4b7454c93d44,2d49d235-bc77-5a20-b4a4-cb8027379316,PASS,false,"{""user_id"": ""c0e3befd-4c71-e0fe-5a0c-dd7cf1578470"", ""transaction_id"": ""ebe0c8c1-ae38-cf46-47f8-6de4c227e0f2""}",2026-07-24 22:54:37,2026-07-24 22:54:37,2026-07-24 22:54:39,,,,,,INSERT,2932,2026-09-07 11:42:00
8b490e26-db9e-b2e6-18f4-26dd5071ce94,cad6d3ef-cae2-f489-f7d8-e0869110c9fd,2d49d235-bc77-5a20-b4a4-cb8027379316,PASS,false,"{""user_id"": ""c0e3befd-4c71-e0fe-5a0c-dd7cf1578470"", ""transaction_id"": ""ebe0c8c1-ae38-cf46-47f8-6de4c227e0f2""}",2026-07-24 22:54:37,2026-07-24 22:54:37,2026-07-24 22:54:39,,,,,,INSERT,2933,2026-09-07 11:54:00
963ba31c-fc7c-356d-e7dd-93a52b519424,e353a243-594d-e8d7-add7-4b0fe90b3651,9d2f5a3e-a7b4-f9c8-31b5-efb0da42698b,PASS,false,"{""user_id"": ""3fcb7546-8eb2-2579-0cdb-1ca476ecbdd6"", ""transaction_id"": ""fe8c9aab-7e38-8a19-46f7-b20ac3c49506""}",2026-08-24 19:13:52,2026-08-24 19:13:52,2026-08-24 19:13:54,,,,,,INSERT,2934,2026-09-07 11:31:00
f0c7915e-03a0-b96b-842e-e3485dc2fd9b,747cb18f-cb9a-efff-6ef7-35aa1f7a63af,9d2f5a3e-a7b4-f9c8-31b5-efb0da42698b,PASS,false,"{""user_id"": ""3fcb7546-8eb2-2579-0cdb-1ca476ecbdd6"", ""transaction_id"": ""fe8c9aab-7e38-8a19-46f7-b20ac3c49506""}",2026-08-24 19:13:52,2026-08-24 19:13:52,2026-08-24 19:13:54,,,,,,INSERT,2935,2026-09-07 11:31:00
ab6d9aa8-aaef-dbe1-d674-998a6a97cbce,af7ead9e-ed5f-24c3-7fb9-ae4902223c10,9d2f5a3e-a7b4-f9c8-31b5-efb0da42698b,PASS,false,"{""user_id"": ""3fcb7546-8eb2-2579-0cdb-1ca476ecbdd6"", ""transaction_id"": ""fe8c9aab-7e38-8a19-46f7-b20ac3c49506""}",2026-08-24 19:13:52,2026-08-24 19:13:52,2026-08-24 19:13:54,,,,,,INSERT,2936,2026-09-07 11:55:00
9173cd93-775c-4f30-5769-6e2f1e228ade,e353a243-594d-e8d7-add7-4b0fe90b3651,a2a30071-2c47-a51f-68c4-b51a8166356c,FAIL,true,"{""user_id"": ""0267deb3-aab6-12c9-415d-174a75a66981"", ""transaction_id"": ""fa033d6c-822f-b2f0-6175-a257fad3b44c""}",2026-08-07 16:47:00,2026-08-07 16:47:00,2026-08-07 16:47:02,,REVIEWED,,90f1c7ee-160a-5654-b240-3468d60b04a9,2026-08-08 22:47:00,INSERT,2937,2026-09-07 11:54:00
e6c75732-f151-ff15-a46e-e99eae4ed89f,9cc41ca3-d58c-449e-57e0-d57bb3ab800b,a2a30071-2c47-a51f-68c4-b51a8166356c,FAIL,true,"{""user_id"": ""0267deb3-aab6-12c9-415d-174a75a66981"", ""transaction_id"": ""fa033d6c-822f-b2f0-6175-a257fad3b44c""}",2026-08-07 16:47:00,2026-08-07 16:47:00,2026-08-07 16:47:02,,REVIEWED,,c17e3dc0-bf56-28b9-30eb-0400dd558095,2026-08-09 16:47:00,INSERT,2938,2026-09-07 11:46:00
5d15c129-9425-6e90-5aeb-50557d692580,af7ead9e-ed5f-24c3-7fb9-ae4902223c10,a2a30071-2c47-a51f-68c4-b51a8166356c,FAIL,true,"{""user_id"": ""0267deb3-aab6-12c9-415d-174a75a66981"", ""transaction_id"": ""fa033d6c-822f-b2f0-6175-a257fad3b44c""}",2026-08-07 16:47:00,2026-08-07 16:47:00,2026-08-07 16:47:02,,REVIEWED,,85e620fe-a44e-b3e1-c5ba-136f594ed61a,2026-08-08 21:47:00,INSERT,2939,2026-09-07 11:56:00
ec02e881-080c-faaa-42c6-cc4277ba69f1,8523d070-945b-3711-0a85-872230c95ec4,8365d2cf-173b-e226-44d9-ea2dcb56eb48,PASS,false,"{""user_id"": ""675dd5af-3c36-5296-dca0-2eecacdabacc"", ""transaction_id"": ""54de2c80-d08d-13df-f3dc-d264c4b27b21""}",2026-08-03 20:19:32,2026-08-03 20:19:32,2026-08-03 20:19:34,,,,,,INSERT,2940,2026-09-07 11:42:00
a190aa44-a888-7521-845c-10ea1d842e8f,9cc41ca3-d58c-449e-57e0-d57bb3ab800b,8365d2cf-173b-e226-44d9-ea2dcb56eb48,PASS,false,"{""user_id"": ""675dd5af-3c36-5296-dca0-2eecacdabacc"", ""transaction_id"": ""54de2c80-d08d-13df-f3dc-d264c4b27b21""}",2026-08-03 20:19:32,2026-08-03 20:19:32,2026-08-03 20:19:34,,,,,,INSERT,2941,2026-09-07 11:30:00
779d7db4-23ca-ef2f-79a7-59de2fb9950b,26755363-ae50-f96e-7760-94f625aa620f,8365d2cf-173b-e226-44d9-ea2dcb56eb48,PASS,false,"{""user_id"": ""675dd5af-3c36-5296-dca0-2eecacdabacc"", ""transaction_id"": ""54de2c80-d08d-13df-f3dc-d264c4b27b21""}",2026-08-03 20:19:32,2026-08-03 20:19:32,2026-08-03 20:19:34,,,,,,INSERT,2942,2026-09-07 11:40:00
5bdfd4ce-a125-151b-1ac7-ea5bb387a11d,26755363-ae50-f96e-7760-94f625aa620f,a886a9fc-60be-b85d-9053-317b5f4dec1d,PASS,false,"{""user_id"": ""8dedf9fb-4bb0-0f20-b27c-40266703b636"", ""transaction_id"": ""f2dd9456-bb7b-6c05-2852-2ca2f9d2014a""}",2026-08-09 20:07:24,2026-08-09 20:07:24,2026-08-09 20:07:26,,,,,,INSERT,2943,2026-09-07 11:46:00
28a3df6e-0205-9f80-e6a9-8352de8c5a13,e353a243-594d-e8d7-add7-4b0fe90b3651,a886a9fc-60be-b85d-9053-317b5f4dec1d,PASS,false,"{""user_id"": ""8dedf9fb-4bb0-0f20-b27c-40266703b636"", ""transaction_id"": ""f2dd9456-bb7b-6c05-2852-2ca2f9d2014a""}",2026-08-09 20:07:24,2026-08-09 20:07:24,2026-08-09 20:07:26,,,,,,INSERT,2944,2026-09-07 11:54:00
56302021-55af-b783-79ba-19db6be1610b,747cb18f-cb9a-efff-6ef7-35aa1f7a63af,a886a9fc-60be-b85d-9053-317b5f4dec1d,PASS,false,"{""user_id"": ""8dedf9fb-4bb0-0f20-b27c-40266703b636"", ""transaction_id"": ""f2dd9456-bb7b-6c05-2852-2ca2f9d2014a""}",2026-08-09 20:07:24,2026-08-09 20:07:24,2026-08-09 20:07:26,,,,,,INSERT,2945,2026-09-07 11:42:00
