id,workflow_id,result,context,created_at,started_at,ended_at,error,actions,_cdc_operation,_cdc_lsn,_cdc_loaded_at
6a93716a-22bc-a104-4001-570a3312de73,9fb109a3-4a2f-2373-f777-c81685ef875e,PASS,"{""user_id"": ""de8a774b-cf36-d58b-4737-819096da1dac"", ""transaction_id"": ""a5b13afd-af2c-20ac-9539-22c05ea0942c""}",2026-08-23 11:39:03,2026-08-23 11:39:03,2026-08-23 11:39:05,,[],INSERT,2698,2026-09-07 11:38:00
7120721e-86cd-6214-237b-efd118963a6e,9fb109a3-4a2f-2373-f777-c81685ef875e,PASS,"{""user_id"": ""7daa39f0-c0b6-fce2-de53-790aa34b6cf6"", ""transaction_id"": ""f83f5274-0cb4-afe1-26f3-41c804f718c8""}",2026-08-23 17:33:43,2026-08-23 17:33:43,2026-08-23 17:33:45,,[],INSERT,2699,2026-09-07 11:52:00
23fd6ade-c17f-cf19-16a3-48336bc152ad,9fb109a3-4a2f-2373-f777-c81685ef875e,PASS,"{""user_id"": ""36c59dac-b4d7-e28e-271e-3ee2b1a6b1f1"", ""transaction_id"": ""614c721d-a921-cb4c-95fb-e976ae007b7e""}",2026-08-20 08:20:13,2026-08-20 08:20:13,2026-08-20 08:20:15,,[],INSERT,2700,2026-09-07 11:59:00
01862029-ab8a-5015-6727-3710203d54c9,9fb109a3-4a2f-2373-f777-c81685ef875e,PASS,"{""user_id"": ""e256a6dc-8f54-86b7-c7b5-b2bc5a8aaeca"", ""transaction_id"": ""6f2537ce-a206-527c-3c68-41d61ce8e12f""}",2026-09-04 10:14:07,2026-09-04 10:14:07,2026-09-04 10:14:09,,[],INSERT,2701,2026-09-07 11:47:00
54d09314-b0ca-b249-7b41-7aed90c0e607,9fb109a3-4a2f-2373-f777-c81685ef875e,PASS,"{""user_id"": ""7bf47042-bd15-31c8-3764-fbda3108d448"", ""transaction_id"": ""5da39a73-ba3d-f7ff-43b4-7ee5e1e89e7e""}",2026-07-24 21:31:43,2026-07-24 21:31:43,2026-07-24 21:31:45,,[],INSERT,2702,2026-09-07 11:59:00
4f968a84-a0d4-4d24-4d07-4581279f5df0,9fb109a3-4a2f-2373-f777-c81685ef875e,PASS,"{""user_id"": ""45b1ed25-f153-3ae8-670a-cc5cb321bf21"", ""transaction_id"": ""851b5f38-c069-7f1d-a93c-94131396a289""}",2026-08-23 16:38:42,2026-08-23 16:38:42,2026-08-23 16:38:44,,[],INSERT,2703,2026-09-07 11:41:00
6405d362-719d-eadd-817c-6779d52d8f91,9fb109a3-4a2f-2373-f777-c81685ef875e,PASS,"{""user_id"": ""7bf47042-bd15-31c8-3764-fbda3108d448"", ""transaction_id"": ""0fcf601f-1cb9-b73a-906d-5c8cead08c89""}",2026-08-19 03:22:03,2026-08-19 03:22:03,2026-08-19 03:22:05,,[],INSERT,2704,2026-09-07 11:58:00
1f89cec2-9dfe-19d2-a87d-2106dbfbfea4,9fb109a3-4a2f-2373-f777-c81685ef875e,PASS,"{""user_id"": ""d4aac9a3-3ed8-c56c-da09-dfa052828d80"", ""transaction_id"": ""9f027cbf-eb29-d912-9d1b-83dfa46b6fce""}",2026-08-10 07:07:44,2026-08-10 07:07:44,2026-08-10 07:07:46,,[],INSERT,2705,2026-09-07 11:33:00
199ae3da-aae3-9bc0-4a19-54ec4a3fcfda,9fb109a3-4a2f-2373-f777-c81685ef875e,PASS,"{""user_id"": ""d0e6e660-7c69-dee1-bb5e-4bcf15ed6269"", ""transaction_id"": ""7799fddb-79e5-46e7-dd3e-e854534064b0""}",2026-08-25 17:05:31,2026-08-25 17:05:31,2026-08-25 17:05:33,,[],INSERT,2706,2026-09-07 11:47:00
63b1a52e-9070-01b6-1ec0-9c3575035829,9fb109a3-4a2f-2373-f777-c81685ef875e,FAIL,"{""user_id"": ""89e06ab3-7250-ee18-260a-5962dd81b7f5"", ""transaction_id"": ""8b0a4802-bd64-e8d6-b757-ec69c09c3207""}",2026-08-22 19:45:07,2026-08-22 19:45:07,2026-08-22 19:45:09,,"[""HOLD_TRANSACTION"", ""CREATE_TASK""]",INSERT,2707,2026-09-07 11:35:00
c590f851-fb38-5671-3b45-d977c2896a30,9fb109a3-4a2f-2373-f777-c81685ef875e,PASS,"{""user_id"": ""3fcb7546-8eb2-2579-0cdb-1ca476ecbdd6"", ""transaction_id"": ""1eb2a7b8-da3c-45ca-43d7-8f2b769de1e3""}",2026-08-30 21:30:31,2026-08-30 21:30:31,2026-08-30 21:30:33,,[],INSERT,2708,2026-09-07 11:41:00
c36b0890-7108-022a-12a8-5ff7bffbbc83,9fb109a3-4a2f-2373-f777-c81685ef875e,FAIL,"{""user_id"": ""25074181-8d1f-b540-74ef-f5453e652603"", ""transaction_id"": ""255b30e2-bdc2-b74b-38a5-6b49dd34aa18""}",2026-08-08 16:34:55,2026-08-08 16:34:55,2026-08-08 16:34:57,,"[""HOLD_TRANSACTION"", ""CREATE_TASK""]",INSERT,2709,2026-09-07 11:56:00
30accfda-7f05-5b10-8735-2231a4695757,9fb109a3-4a2f-2373-f777-c81685ef875e,PASS,"{""user_id"": ""c1101266-2408-a6dc-1346-d1a9f6802cdb"", ""transaction_id"": ""40efa857-015f-566c-0ba6-aa86cf5285f7""}",2026-09-01 10:41:19,2026-09-01 10:41:19,2026-09-01 10:41:21,,[],INSERT,2710,2026-09-07 11:32:00
c84a89b8-208f-ae02-1401-3b9991b3f921,9fb109a3-4a2f-2373-f777-c81685ef875e,PASS,"{""user_id"": ""d4aac9a3-3ed8-c56c-da09-dfa052828d80"", ""transaction_id"": ""d59ef0fd-1204-f4d6-bbfb-1b710a683eb8""}",2026-07-27 07:55:33,2026-07-27 07:55:33,2026-07-27 07:55:35,,[],INSERT,2711,2026-09-07 11:52:00
5b9facde-b409-b855-63f2-fc26405a8f9e,9fb109a3-4a2f-2373-f777-c81685ef875e,PASS,"{""user_id"": ""750cab75-4ccc-9bc2-a53f-8a28abf3e3fc"", ""transaction_id"": ""2138afe0-8d38-bbd8-fba6-abf7cdbcc653""}",2026-08-20 09:28:59,2026-08-20 09:28:59,2026-08-20 09:29:01,,[],INSERT,2712,2026-09-07 11:35:00
95309450-1c62-44f4-e44d-8dc2b2908892,9fb109a3-4a2f-2373-f777-c81685ef875e,FAIL,"{""user_id"": ""6fa17735-b572-f3d0-0b5c-ea6a41357e8c"", ""transaction_id"": ""ef87bf0d-c802-2f8e-38de-6b6e86c45e42""}",2026-08-23 00:32:56,2026-08-23 00:32:56,2026-08-23 00:32:58,,"[""HOLD_TRANSACTION"", ""CREATE_TASK""]",INSERT,2713,2026-09-07 11:39:00
39a9a8a9-81f2-5a73-7f20-f661091d1643,9fb109a3-4a2f-2373-f777-c81685ef875e,FAIL,"{""user_id"": ""de8a774b-cf36-d58b-4737-819096da1dac"", ""transaction_id"": ""cc18dd0e-7978-dc84-ea89-a9797aa6d6ea""}",2026-09-02 23:28:41,2026-09-02 23:28:41,2026-09-02 23:28:43,,"[""HOLD_TRANSACTION"", ""CREATE_TASK""]",INSERT,2714,2026-09-07 11:58:00
9a37ef9d-5983-ce94-506a-8dd30b31324f,9fb109a3-4a2f-2373-f777-c81685ef875e,FAIL,"{""user_id"": ""7bf47042-bd15-31c8-3764-fbda3108d448"", ""transaction_id"": ""c7195dd0-16f0-c19c-a894-b11eabb558e1""}",2026-08-11 17:20:27,2026-08-11 17:20:27,2026-08-11 17:20:29,,"[""HOLD_TRANSACTION"", ""CREATE_TASK""]",INSERT,2715,2026-09-07 11:41:00
05733d10-1d3e-be5b-f3fa-c1507429cf81,9fb109a3-4a2f-2373-f777-c81685ef875e,PASS,"{""user_id"": ""5f987c71-a65e-688e-abf3-ad39fec21bbe"", ""transaction_id"": ""f31046dc-6202-bee6-5cb5-e69c5dc7b3e6""}",2026-07-27 18:20:02,2026-07-27 18:20:02,2026-07-27 18:20:04,,[],INSERT,2716,2026-09-07 11:42:00
71ab4711-6279-4a6e-61f1-4c98dcdeadc8,9fb109a3-4a2f-2373-f777-c81685ef875e,PASS,"{""user_id"": ""292bd156-db94-6570-1ac7-0ec0ab8ddeb4"", ""transaction_id"": ""636f6e5c-2253-e706-87ad-8b268eaa5841""}",2026-08-20 19:13:42,2026-08-20 19:13:42,2026-08-20 19:13:44,,[],INSERT,2717,2026-09-07 11:57:00
e4a6bf51-c125-798e-9bd6-5690e8f94c88,9fb109a3-4a2f-2373-f777-c81685ef875e,PASS,"{""user_id"": ""79279973-5e78-1fd7-94e0-d3baa9f948b2"", ""transaction_id"": ""e8ca7483-dc0e-3375-85d0-691c33cd1d56""}",2026-08-12 05:05:49,2026-08-12 05:05:49,2026-08-12 05:05:51,,[],INSERT,2718,2026-09-07 11:59:00
8da4afbe-1bf5-3332-ceb1-8cd30e9f52f7,9fb109a3-4a2f-2373-f777-c81685ef875e,PASS,"{""user_id"": ""78660765-14f7-ce8d-d5bc-b8d04094dded"", ""transaction_id"": ""86c5547c-051a-0039-3803-dcee9a069295""}",2026-07-26 08:13:56,2026-07-26 08:13:56,2026-07-26 08:13:58,,[],INSERT,2719,2026-09-07 11:39:00
03e30f78-e85f-da55-21c2-68f33cfc7050,9fb109a3-4a2f-2373-f777-c81685ef875e,PASS,"{""user_id"": ""90164161-cfa7-01cd-2631-d00b26d794d3"", ""transaction_id"": ""c45c3fbb-52ec-ac27-8ccc-617e81b66951""}",2026-08-05 20:25:09,2026-08-05 20:25:09,2026-08-05 20:25:11,,[],INSERT,2720,2026-09-07 11:33:00
cf6d2a9d-a72d-0bf4-c84d-16c04021a347,9fb109a3-4a2f-2373-f777-c81685ef875e,FAIL,"{""user_id"": ""6dadd6c7-95a7-6d79-bf3c-4c06434308bc"", ""transaction_id"": ""d0bcbad5-85f8-0d9b-0006-0d5a02b3c948""}",2026-08-13 12:15:13,2026-08-13 12:15:13,2026-08-13 12:15:15,,"[""HOLD_TRANSACTION"", ""CREATE_TASK""]",INSERT,2721,2026-09-07 11:30:00
adaad2f9-0420-521e-41e7-ebbaf9ac1a4f,9fb109a3-4a2f-2373-f777-c81685ef875e,PASS,"{""user_id"": ""f2b43abf-8441-aefd-0299-436a8e485223"", ""transaction_id"": ""17cb67b8-6d0f-74e6-a174-a7856f2190cb""}",2026-08-14 00:17:30,2026-08-14 00:17:30,2026-08-14 00:17:32,,[],INSERT,2722,2026-09-07 11:44:00
ae5714e8-d29c-0131-d442-60d25f116839,9fb109a3-4a2f-2373-f777-c81685ef875e,FAIL,"{""user_id"": ""ce177b4e-0837-b8a3-d261-a7ab3aa2e4f9"", ""transaction_id"": ""87b3d329-cfec-1804-c891-c9c689529c51""}",2026-07-25 11:00:27,2026-07-25 11:00:27,2026-07-25 11:00:29,,"[""HOLD_TRANSACTION"", ""CREATE_TASK""]",INSERT,2723,2026-09-07 11:30:00
bdf68eb0-c7e7-5797-b73c-91ca82c3892b,9fb109a3-4a2f-2373-f777-c81685ef875e,PASS,"{""user_id"": ""da743152-627b-41a1-ffd6-f23232ffe294"", ""transaction_id"": ""2e3d9de2-e504-d1c6-4312-153d484f7f7c""}",2026-08-22 10:16:07,2026-08-22 10:16:07,2026-08-22 10:16:09,,[],INSERT,2724,2026-09-07 11:41:00
397e241d-fe08-a540-ef7e-1940f5687574,9fb109a3-4a2f-2373-f777-c81685ef875e,PASS,"{""user_id"": ""a193c4b2-3c19-e71d-1184-05ad9e11d2cd"", ""transaction_id"": ""02288f07-fbda-05ae-b270-9103cfd6b161""}",2026-08-12 06:35:56,2026-08-12 06:35:56,2026-08-12 06:35:58,,[],INSERT,2725,2026-09-07 11:39:00
d604ae9f-31ed-10f5-44e9-28ac5122f001,9fb109a3-4a2f-2373-f777-c81685ef875e,PASS,"{""user_id"": ""bf5ae7e6-53a3-dd5a-4b8c-5bdce8dd5e5a"", ""transaction_id"": ""25bf213d-9eca-381b-fb95-d0fcad72ed05""}",2026-09-06 05:06:27,2026-09-06 05:06:27,2026-09-06 05:06:29,,[],INSERT,2726,2026-09-07 11:47:00
e1568ad3-f525-d556-bb98-abdf71ec02ad,9fb109a3-4a2f-2373-f777-c81685ef875e,PASS,"{""user_id"": ""a021c0ca-3531-968d-c342-bd2bf295456e"", ""transaction_id"": ""9e91a71c-7374-ccbf-d78c-57d3508850d3""}",2026-08-17 06:28:32,2026-08-17 06:28:32,2026-08-17 06:28:34,,[],INSERT,2727,2026-09-07 11:50:00
fc9b519a-d3a8-1c4f-d3ec-156291c069ee,9fb109a3-4a2f-2373-f777-c81685ef875e,PASS,"{""user_id"": ""90164161-cfa7-01cd-2631-d00b26d794d3"", ""transaction_id"": ""6a5018b5-d623-c671-e2ee-d64b82f47196""}",2026-07-29 11:47:23,2026-07-29 11:47:23,2026-07-29 11:47:25,,[],INSERT,2728,2026-09-07 11:38:00
81496136-6bc8-22f4-6893-a38a14dd9314,9fb109a3-4a2f-2373-f777-c81685ef875e,FAIL,"{""user_id"": ""575aed2c-a5c5-650c-8186-a57611a72609"", ""transaction_id"": ""b2c027e8-1ed0-72e9-f9fc-6034750acc98""}",2026-08-12 14:42:53,2026-08-12 14:42:53,2026-08-12 14:42:55,,"[""HOLD_TRANSACTION"", ""CREATE_TASK""]",INSERT,2729,2026-09-07 11:40:00
12e1725b-0b94-b2ab-b8e0-c2e1fe7f9299,9fb109a3-4a2f-2373-f777-c81685ef875e,PASS,"{""user_id"": ""675dd5af-3c36-5296-dca0-2eecacdabacc"", ""transaction_id"": ""f2e3c6f0-0075-d3d5-ba94-aa662d7e4a45""}",2026-08-29 03:10:03,2026-08-29 03:10:03,2026-08-29 03:10:05,,[],INSERT,2730,2026-09-07 11:47:00
efc66c4c-d1f2-789b-ea95-611396ed4815,9fb109a3-4a2f-2373-f777-c81685ef875e,PASS,"{""user_id"": ""37bb3eec-4bf5-0b52-309d-258c27a0c3d7"", ""transaction_id"": ""44e831e1-3d86-9ad2-0849-30a1ede02d33""}",2026-08-02 14:44:19,2026-08-02 14:44:19,2026-08-02 14:44:21,,[],INSERT,2731,2026-09-07 11:45:00
c5e3be15-f1dc-5270-4780-2d60968c77f1,9fb109a3-4a2f-2373-f777-c81685ef875e,PASS,"{""user_id"": ""e9a1fa6f-81f7-6d1c-2dbc-2134c30ff46e"", ""transaction_id"": ""000b1f5e-8c91-bd13-8ea0-2346092c4801""}",2026-07-25 08:42:14,2026-07-25 08:42:14,2026-07-25 08:42:16,,[],INSERT,2732,2026-09-07 11:30:00
2daca88b-c1de-6d58-518e-58fd62524390,9fb109a3-4a2f-2373-f777-c81685ef875e,FAIL,"{""user_id"": ""8dedf9fb-4bb0-0f20-b27c-40266703b636"", ""transaction_id"": ""8f9fdc15-dfd2-3d15-7211-4575fa3efd03""}",2026-08-07 07:38:35,2026-08-07 07:38:35,2026-08-07 07:38:37,,"[""HOLD_TRANSACTION"", ""CREATE_TASK""]",INSERT,2733,2026-09-07 11:36:00
c6ec757f-ac0d-8818-8349-c078bc4b2732,9fb109a3-4a2f-2373-f777-c81685ef875e,PASS,"{""user_id"": ""acf5e81e-7131-6269-7118-e36477097749"", ""transaction_id"": ""965afd0f-9db4-02f1-c359-5dc20bd372a9""}",2026-08-14 08:27:07,2026-08-14 08:27:07,2026-08-14 08:27:09,,[],INSERT,2734,2026-09-07 11:52:00
a095c0d0-a26e-67da-f2fd-a085091f73f3,9fb109a3-4a2f-2373-f777-c81685ef875e,PASS,"{""user_id"": ""9384ec2b-44fe-acae-d248-a9a7ac1aa554"", ""transaction_id"": ""57d3f4dd-d963-dc72-05c8-234b1d763a66""}",2026-08-08 01:50:03,2026-08-08 01:50:03,2026-08-08 01:50:05,,[],INSERT,2735,2026-09-07 11:38:00
32d5ad87-21bd-1db7-4858-73c17f297630,9fb109a3-4a2f-2373-f777-c81685ef875e,FAIL,"{""user_id"": ""1d870966-0710-d430-f071-d87954c63cd8"", ""transaction_id"": ""2e7d952b-785b-8a07-8b0e-a0b912464474""}",2026-07-27 05:17:26,2026-07-27 05:17:26,2026-07-27 05:17:28,,"[""HOLD_TRANSACTION"", ""CREATE_TASK""]",INSERT,2736,2026-09-07 11:44:00
6cc3f8aa-a994-3d14-3f55-5c7d534d388e,9fb109a3-4a2f-2373-f777-c81685ef875e,PASS,"{""user_id"": ""680ac07a-2a93-5d62-3c83-5dc0d9441fa5"", ""transaction_id"": ""01e06ad8-8880-2d4d-89b8-b7eec5f833cf""}",2026-07-29 03:47:55,2026-07-29 03:47:55,2026-07-29 03:47:57,,[],INSERT,2737,2026-09-07 11:40:00
697905ea-99de-fd20-7d3a-8826dd2fb568,9fb109a3-4a2f-2373-f777-c81685ef875e,PASS,"{""user_id"": ""6dadd6c7-95a7-6d79-bf3c-4c06434308bc"", ""transaction_id"": ""d66d4627-e1da-ce6a-6afa-828c2cd10b9f""}",2026-08-28 14:29:40,2026-08-28 14:29:40,2026-08-28 14:29:42,,[],INSERT,2738,2026-09-07 11:51:00
7123bc96-cf1c-a021-6431-5fc269464f3f,9fb109a3-4a2f-2373-f777-c81685ef875e,PASS,"{""user_id"": ""37bb3eec-4bf5-0b52-309d-258c27a0c3d7"", ""transaction_id"": ""f2deb798-b31a-25b5-5fec-aa6e88917cf5""}",2026-08-05 20:17:21,2026-08-05 20:17:21,2026-08-05 20:17:23,,[],INSERT,2739,2026-09-07 11:48:00
8938279c-2aa2-0c1e-e028-c315928fbbae,9fb109a3-4a2f-2373-f777-c81685ef875e,PASS,"{""user_id"": ""de8a774b-cf36-d58b-4737-819096da1dac"", ""transaction_id"": ""1de987a2-985e-7e89-2ff8-107a63ba9d86""}",2026-08-19 10:28:29,2026-08-19 10:28:29,2026-08-19 10:28:31,,[],INSERT,2740,2026-09-07 11:39:00
8d8a7957-c419-6c8a-c44f-c2a85a4a96ae,9fb109a3-4a2f-2373-f777-c81685ef875e,FAIL,"{""user_id"": ""a193c4b2-3c19-e71d-1184-05ad9e11d2cd"", ""transaction_id"": ""74169e82-ec1f-41ce-57b9-4dfbaf82e70c""}",2026-08-18 07:07:56,2026-08-18 07:07:56,2026-08-18 07:07:58,,"[""HOLD_TRANSACTION"", ""CREATE_TASK""]",INSERT,2741,2026-09-07 11:45:00
38e591c4-17d2-efe7-6df5-fa4a4a8e9dd2,9fb109a3-4a2f-2373-f777-c81685ef875e,PASS,"{""user_id"": ""e776b886-d534-ee1d-7f29-84f5bec39a37"", ""transaction_id"": ""d862042e-500f-86b1-c544-a04968115a5c""}",2026-09-04 03:33:08,2026-09-04 03:33:08,2026-09-04 03:33:10,,[],INSERT,2742,2026-09-07 11:44:00
b6eea1cf-8bec-c264-c340-55005f6bbc54,9fb109a3-4a2f-2373-f777-c81685ef875e,PASS,"{""user_id"": ""c1101266-2408-a6dc-1346-d1a9f6802cdb"", ""transaction_id"": ""579744ba-1073-80cb-46d9-e34d1feb21c7""}",2026-07-28 08:59:11,2026-07-28 08:59:11,2026-07-28 08:59:13,,[],INSERT,2743,2026-09-07 11:30:00
f9cf2bd2-a142-0851-cf47-3d7224ce3160,9fb109a3-4a2f-2373-f777-c81685ef875e,FAIL,"{""user_id"": ""f1738856-e25d-36eb-9e9a-9f83066803ee"", ""transaction_id"": ""6f4abfcc-deca-8598-87cb-0e2a25288a1b""}",2026-08-27 18:05:38,2026-08-27 18:05:38,2026-08-27 18:05:40,,"[""HOLD_TRANSACTION"", ""CREATE_TASK""]",INSERT,2744,2026-09-07 11:31:00
e2b05055-09ff-f6ab-1d19-1f64f8cf814a,9fb109a3-4a2f-2373-f777-c81685ef875e,PASS,"{""user_id"": ""36c59dac-b4d7-e28e-271e-3ee2b1a6b1f1"", ""transaction_id"": ""8869372a-d34c-0a09-ada5-9cb2882ae449""}",2026-09-02 18:30:31,2026-09-02 18:30:31,2026-09-02 18:30:33,,[],INSERT,2745,2026-09-07 11:55:00
ec063d73-b84e-2f11-4b52-3dc2fee91972,9fb109a3-4a2f-2373-f777-c81685ef875e,FAIL,"{""user_id"": ""cada4f80-a9e7-82d4-fd08-b32c62d60e93"", ""transaction_id"": ""dec56dc3-ad96-8213-f0a9-b97f7557c28c""}",2026-08-03 18:37:27,2026-08-03 18:37:27,2026-08-03 18:37:29,,"[""HOLD_TRANSACTION"", ""CREATE_TASK""]",INSERT,2746,2026-09-07 11:45:00
a8cc5023-a43f-daf0-8a80-16fe8fa50e32,9fb109a3-4a2f-2373-f777-c81685ef875e,PASS,"{""user_id"": ""a193c4b2-3c19-e71d-1184-05ad9e11d2cd"", ""transaction_id"": ""da385db5-90ee-b067-216e-9fe593f37596""}",2026-08-09 04:09:59,2026-08-09 04:09:59,2026-08-09 04:10:01,,[],INSERT,2747,2026-09-07 11:42:00
c5a06501-935e-2c27-5485-60db6208c875,9fb109a3-4a2f-2373-f777-c81685ef875e,PASS,"{""user_id"": ""675dd5af-3c36-5296-dca0-2eecacdabacc"", ""transaction_id"": ""ff2f6883-163b-5481-284e-4cd4f9c3ee05""}",2026-08-10 23:07:43,2026-08-10 23:07:43,2026-08-10 23:07:45,,[],INSERT,2748,2026-09-07 11:31:00
52c64562-0010-2dc0-dfe6-b58979b8023d,9fb109a3-4a2f-2373-f777-c81685ef875e,FAIL,"{""user_id"": ""d4aac9a3-3ed8-c56c-da09-dfa052828d80"", ""transaction_id"": ""a8ad1539-85f0-786a-18a4-40bd1c4760a5""}",2026-08-09 03:51:27,2026-08-09 03:51:27,2026-08-09 03:51:29,,"[""HOLD_TRANSACTION"", ""CREATE_TASK""]",INSERT,2749,2026-09-07 11:48:00
2dd34f8e-5fcb-f482-61e8-baa530e4541b,9fb109a3-4a2f-2373-f777-c81685ef875e,PASS,"{""user_id"": ""1d870966-0710-d430-f071-d87954c63cd8"", ""transaction_id"": ""5379f279-4cb5-0625-89a0-6a99b0c5d3d5""}",2026-08-26 18:58:22,2026-08-26 18:58:22,2026-08-26 18:58:24,,[],INSERT,2750,2026-09-07 11:52:00
08954db1-45e5-26e1-9b55-917803539b9a,9fb109a3-4a2f-2373-f777-c81685ef875e,PASS,"{""user_id"": ""13432e61-1ca3-c448-0279-b6a68f9797b0"", ""transaction_id"": ""db107e7f-36fe-a0b4-38cd-9122fc0145e1""}",2026-09-05 17:18:16,2026-09-05 17:18:16,2026-09-05 17:18:18,,[],INSERT,2751,2026-09-07 11:55:00
9b8826ed-ff4a-9185-7886-f504ed758b74,9fb109a3-4a2f-2373-f777-c81685ef875e,PASS,"{""user_id"": ""4d71c366-b41b-3143-8b10-550cd5704f32"", ""transaction_id"": ""4e9d23e9-df16-2ec3-be84-8aa2392c04da""}",2026-08-25 06:28:22,2026-08-25 06:28:22,2026-08-25 06:28:24,,[],INSERT,2752,2026-09-07 11:50:00
2d49d235-bc77-5a20-b4a4-cb8027379316,9fb109a3-4a2f-2373-f777-c81685ef875e,PASS,"{""user_id"": ""c0e3befd-4c71-e0fe-5a0c-dd7cf1578470"", ""transaction_id"": ""ebe0c8c1-ae38-cf46-47f8-6de4c227e0f2""}",2026-07-24 22:54:37,2026-07-24 22:54:37,2026-07-24 22:54:39,,[],INSERT,2753,2026-09-07 11:39:00
9d2f5a3e-a7b4-f9c8-31b5-efb0da42698b,9fb109a3-4a2f-2373-f777-c81685ef875e,FAIL,"{""user_id"": ""3fcb7546-8eb2-2579-0cdb-1ca476ecbdd6"", ""transaction_id"": ""fe8c9aab-7e38-8a19-46f7-b20ac3c49506""}",2026-08-24 19:13:52,2026-08-24 19:13:52,2026-08-24 19:13:54,,"[""HOLD_TRANSACTION"", ""CREATE_TASK""]",INSERT,2754,2026-09-07 11:36:00
a2a30071-2c47-a51f-68c4-b51a8166356c,9fb109a3-4a2f-2373-f777-c81685ef875e,FAIL,"{""user_id"": ""0267deb3-aab6-12c9-415d-174a75a66981"", ""transaction_id"": ""fa033d6c-822f-b2f0-6175-a257fad3b44c""}",2026-08-07 16:47:00,2026-08-07 16:47:00,2026-08-07 16:47:02,,"[""HOLD_TRANSACTION"", ""CREATE_TASK""]",INSERT,2755,2026-09-07 11:54:00
8365d2cf-173b-e226-44d9-ea2dcb56eb48,9fb109a3-4a2f-2373-f777-c81685ef875e,PASS,"{""user_id"": ""675dd5af-3c36-5296-dca0-2eecacdabacc"", ""transaction_id"": ""54de2c80-d08d-13df-f3dc-d264c4b27b21""}",2026-08-03 20:19:32,2026-08-03 20:19:32,2026-08-03 20:19:34,,[],INSERT,2756,2026-09-07 11:47:00
a886a9fc-60be-b85d-9053-317b5f4dec1d,9fb109a3-4a2f-2373-f777-c81685ef875e,PASS,"{""user_id"": ""8dedf9fb-4bb0-0f20-b27c-40266703b636"", ""transaction_id"": ""f2dd9456-bb7b-6c05-2852-2ca2f9d2014a""}",2026-08-09 20:07:24,2026-08-09 20:07:24,2026-08-09 20:07:26,,[],INSERT,2757,2026-09-07 11:51:00
cf292101-7062-dff6-0591-67e1c0860861,4dbbb7cd-29a0-99de-aa10-e5958ee25180,PASS,"{""user_id"": ""a021c0ca-3531-968d-c342-bd2bf295456e""}",2026-08-14 08:01:38,2026-08-14 08:01:38,2026-08-14 08:01:39,,[],INSERT,2758,2026-09-07 11:31:00
6f5a181a-b1ca-a64c-9372-748497f483d6,4dbbb7cd-29a0-99de-aa10-e5958ee25180,PASS,"{""user_id"": ""bf5ae7e6-53a3-dd5a-4b8c-5bdce8dd5e5a""}",2026-05-27 04:46:11,2026-05-27 04:46:11,2026-05-27 04:46:12,,[],INSERT,2759,2026-09-07 11:54:00
40a8bd6b-3e5b-d4af-d587-57a3793c04f7,4dbbb7cd-29a0-99de-aa10-e5958ee25180,PASS,"{""user_id"": ""8da0365b-f898-97b9-405c-acec877409a9""}",2026-06-03 22:18:28,2026-06-03 22:18:28,2026-06-03 22:18:29,,[],INSERT,2760,2026-09-07 11:48:00
adb5d5e6-7b88-e4ef-567f-309699d75477,4dbbb7cd-29a0-99de-aa10-e5958ee25180,PASS,"{""user_id"": ""3fa7f104-1bf9-0e27-dc96-925eccf3a171""}",2026-02-12 17:20:15,2026-02-12 17:20:15,2026-02-12 17:20:16,,[],INSERT,2761,2026-09-07 11:36:00
e09f6e24-edd2-4200-f884-195d0a45e44d,4dbbb7cd-29a0-99de-aa10-e5958ee25180,FAIL,"{""user_id"": ""6fa17735-b572-f3d0-0b5c-ea6a41357e8c""}",2026-02-19 09:54:48,2026-02-19 09:54:48,2026-02-19 09:54:49,,"[""BLOCK_USER"", ""CREATE_TASK""]",INSERT,2762,2026-09-07 11:59:00
66978f77-93d6-40cc-f438-291144f4d74f,4dbbb7cd-29a0-99de-aa10-e5958ee25180,FAIL,"{""user_id"": ""e256a6dc-8f54-86b7-c7b5-b2bc5a8aaeca""}",2026-03-28 02:04:18,2026-03-28 02:04:18,2026-03-28 02:04:19,,"[""BLOCK_USER"", ""CREATE_TASK""]",INSERT,2763,2026-09-07 11:46:00
32ce6a3d-862a-76f2-f15e-609cb297fa7f,4dbbb7cd-29a0-99de-aa10-e5958ee25180,PASS,"{""user_id"": ""8a0b3c33-36d8-393a-7c44-1fe7ab4220a7""}",2026-02-02 00:27:18,2026-02-02 00:27:18,2026-02-02 00:27:19,,[],INSERT,2764,2026-09-07 11:34:00
21408672-23b9-7f36-c079-3f649167adea,4dbbb7cd-29a0-99de-aa10-e5958ee25180,PASS,"{""user_id"": ""c0e3befd-4c71-e0fe-5a0c-dd7cf1578470""}",2026-08-17 01:50:22,2026-08-17 01:50:22,2026-08-17 01:50:23,,[],INSERT,2765,2026-09-07 11:50:00
